# Blender 4.3.2
# www.blender.org
mtllib Bunker.mtl
o Mesh_0.001
v -0.158094 -0.003936 0.928722
v -0.226761 -0.011731 0.914369
v -0.249146 -0.005337 0.925426
v -0.229523 -0.010108 0.973458
v -0.205764 -0.013410 0.989053
v -0.227403 0.268643 0.946175
v -0.222849 0.253754 0.963060
v -0.232661 0.273517 0.960247
v -0.465383 -0.010142 0.935912
v -0.150722 0.385248 0.902685
v 0.082190 0.198941 0.947680
v -0.485997 0.003096 0.945884
v -0.461656 -0.011144 0.995334
v 0.015414 0.028810 0.991736
v 0.084773 0.188573 0.973320
v 0.108446 0.217918 0.968118
v 0.096210 0.218049 0.942021
v 0.031164 0.309854 0.971268
v -0.488700 -0.004895 0.984721
v -0.157276 -0.016797 0.469583
v 0.301199 0.062606 0.913703
v 0.039921 0.311666 0.957336
v -0.539251 -0.014852 0.970148
v -0.538660 0.003105 0.979353
v -0.577006 0.020867 0.961777
v -0.554032 0.024307 0.978065
v 0.432302 0.031650 0.950524
v 0.378866 0.080343 0.958295
v -0.573934 0.023735 0.977323
v -0.601268 -0.018123 0.997331
v 0.420704 0.092971 0.936691
v 0.397645 0.077135 0.967933
v -0.490771 0.229297 0.951082
v 0.407499 0.104406 0.949095
v -0.496760 0.250234 0.948898
v -0.567681 0.202878 0.979402
v -0.529558 0.216517 0.974530
v -0.504985 0.252715 0.957285
v 0.390185 0.058775 0.911790
v -0.606727 -0.021169 0.593204
v -0.110837 0.333969 0.507345
v 0.452185 0.121857 0.988902
v -0.098421 0.555164 0.995813
v -0.072007 0.512312 0.910848
v 0.450309 0.065084 0.648973
v -0.095740 0.552645 0.912203
v 0.462752 0.037504 0.602814
v -0.827078 -0.020836 0.583539
v 0.147997 0.226405 0.895800
v 0.159923 0.246182 0.911260
v 0.448739 0.162028 0.645912
v 0.457913 -0.020444 0.485337
v 0.465463 0.173842 0.582878
v -0.600409 0.559807 0.997607
v -0.758597 -0.012702 0.345983
v -0.823361 -0.026079 0.364234
v -0.499397 0.412592 0.904930
v 0.086037 0.286301 0.655376
v -0.833432 -0.021445 0.304398
v 0.092654 0.264844 0.670925
v -0.202430 0.411355 0.643666
v -0.781378 0.163684 0.325601
v -0.764922 0.149498 0.324587
v 0.845452 -0.022586 0.581239
v -0.140854 0.520931 0.648798
v -0.823595 0.159836 0.312587
v -0.602836 0.558926 0.538971
v -0.263316 0.410887 0.508436
v -0.191442 0.442205 0.554041
v -0.180677 0.553944 0.643528
v -0.144929 0.559303 0.633842
v -0.496155 0.557512 0.514912
v 0.706356 -0.018266 0.296525
v -0.260533 0.408522 0.453450
v 0.798270 0.222634 0.487751
v -0.186191 0.573736 0.521145
v -0.502525 0.412117 0.518238
v -0.172574 0.602435 0.503859
v 0.845964 -0.026253 0.305096
v -0.387160 0.418200 0.403066
v -0.440194 0.652481 0.457789
v -0.470515 0.731733 0.506442
v 0.657499 0.040157 0.152291
v -0.275684 0.673850 0.505921
v -0.244156 0.697014 0.508357
v -0.262209 0.692204 0.530290
v -0.737156 0.765495 0.520289
v 0.752638 0.239813 0.311764
v -0.290193 0.650768 0.444164
v -0.280486 0.683249 0.528440
v -0.283767 0.723547 0.522871
v -0.706779 0.776948 0.427609
v -0.649256 0.748157 0.390640
v -0.731545 0.630313 0.290547
v -0.695995 -0.019139 -0.415385
v 0.559206 0.054908 0.154253
v -0.706369 0.781918 0.420716
v -0.578233 0.743427 0.297389
v -0.807104 0.014932 -0.390346
v 0.552614 0.004299 0.250595
v -0.805871 0.011434 -0.495021
v -0.811477 -0.016297 -0.508527
v 0.778982 0.765940 0.496207
v 0.683547 0.768347 0.396452
v 0.676351 0.427563 0.197843
v 0.652507 0.731609 0.395468
v 0.652255 0.011882 0.271159
v -0.364410 0.731675 0.257850
v -0.582923 0.742469 0.084815
v 0.597411 0.447413 0.151131
v 0.745781 0.767485 0.386261
v -0.367443 0.800869 0.239164
v -0.793362 0.134663 -0.466221
v -0.817770 0.128847 -0.509418
v 0.338907 0.734113 0.285779
v -0.002655 0.729556 0.278348
v -0.838837 0.126276 -0.511162
v -0.730469 -0.009941 -0.706612
v 0.349436 0.775803 0.279316
v -0.507103 0.947143 0.225559
v -0.262472 0.800096 0.243385
v -0.818652 -0.023209 -0.649025
v 0.378433 0.770585 0.233535
v -0.741983 -0.009445 -0.761360
v 0.556611 0.456243 0.200796
v -0.453411 -0.021373 -0.885549
v 0.581006 0.450626 0.213211
v 0.338091 0.772316 0.244555
v -0.363624 0.800758 0.156303
v -0.353228 0.835165 0.172474
v -0.344796 0.847066 0.204024
v 0.134255 0.729348 0.283455
v 0.019530 0.740307 0.234861
v 0.005769 0.733461 0.231281
v -0.431588 -0.017152 -0.931588
v 0.383738 0.759275 0.194669
v -0.458913 0.750542 0.073112
v -0.440310 0.966185 0.157039
v -0.426826 0.980626 0.163110
v 0.311189 0.734746 0.185885
v -0.501215 0.934754 0.088565
v -0.283978 0.848333 0.202553
v -0.272805 0.800367 0.160685
v -0.267596 0.813313 0.160378
v -0.451281 -0.006225 -0.905184
v -0.802721 -0.022520 -0.775901
v 0.436774 0.944834 0.234354
v -0.373868 0.947951 0.168152
v -0.724212 0.214245 -0.493145
v -0.834332 0.129556 -0.648217
v 0.322623 0.801588 0.203327
v 0.322584 0.775049 0.193374
v -0.006474 0.881454 0.214232
v 0.555908 0.951555 0.229632
v 0.323581 0.820748 0.192941
v -0.452156 0.949891 0.092333
v -0.425501 0.897682 0.082899
v 0.135723 0.732121 0.184925
v -0.008659 0.884968 0.188470
v -0.144889 0.909417 0.110826
v -0.470068 -0.021856 -0.997586
v 0.410343 0.918769 0.165582
v -0.434627 0.917972 0.072939
v -0.160952 0.941170 0.125604
v 0.377959 -0.021428 -0.933754
v 0.730876 0.556789 -0.061867
v 0.423144 0.953022 0.164047
v 0.410996 0.910283 0.150037
v 0.388201 0.911579 0.151118
v -0.534905 0.754660 -0.109734
v -0.012406 0.904657 0.159339
v 0.007980 0.903382 0.180657
v -0.738466 0.208644 -0.681517
v 0.628138 0.735607 0.066203
v -0.475292 0.757703 -0.098604
v -0.298087 0.967883 0.130250
v 0.706193 0.526040 -0.057805
v 0.708847 0.563973 -0.020291
v 0.413351 0.943869 0.135677
v 0.387917 0.929382 0.139899
v -0.307443 0.982138 0.126336
v -0.283463 0.943580 0.123827
v 0.002951 0.924042 0.145576
v -0.074609 0.424245 -0.906126
v 0.725835 0.527408 -0.070658
v 0.028618 0.941441 0.204777
v 0.023921 0.942663 0.146024
v 0.391968 -0.021898 -0.995981
v 0.631064 0.088456 -0.554271
v 0.407030 0.908209 0.071680
v -0.361894 0.945858 0.090258
v -0.372234 0.932943 0.061769
v 0.432813 0.948799 0.060879
v -0.370197 0.929486 0.026872
v -0.734958 0.419231 -0.500918
v 0.474063 0.897305 0.044411
v -0.394935 0.934004 -0.006921
v 0.137314 0.908946 0.158856
v 0.121660 0.931155 0.176998
v -0.787319 -0.022331 -0.995083
v 0.722966 -0.015841 -0.704418
v 0.558679 0.038838 -0.525319
v -0.555385 0.735287 -0.293464
v -0.378945 0.923137 0.005493
v -0.413955 0.908386 -0.106921
v -0.463048 0.216908 -0.944608
v -0.458791 0.199511 -0.917850
v 0.480058 0.741057 0.054881
v 0.438667 0.909138 0.007332
v -0.729693 0.474564 -0.525935
v -0.395381 0.915758 -0.026197
v 0.692612 0.541692 -0.236051
v -0.483419 0.936535 -0.121807
v -0.290886 1.093040 0.043513
v -0.441793 0.917521 -0.110190
v -0.045789 0.927597 -0.010765
v -0.223271 0.974818 0.058704
v 0.324024 0.931261 0.014739
v 0.435807 0.947771 -0.000941
v 0.418222 0.945158 0.009715
v -0.457738 0.942235 -0.129204
v 0.695362 0.562654 -0.260927
v 0.335913 0.947403 0.011722
v 0.383446 0.942638 -0.010045
v -0.011082 0.939908 -0.027803
v -0.240043 0.930741 -0.042009
v 0.614634 0.742289 -0.132307
v -0.330378 1.076581 0.032371
v -0.394719 0.916978 -0.088164
v -0.358623 0.918452 -0.078580
v -0.331884 0.937886 -0.017674
v -0.249530 0.945120 -0.042690
v 0.567822 0.646228 0.405202
v -0.474728 0.736316 -0.285362
v -0.321819 0.936352 -0.016136
v 0.846952 -0.021742 -0.708538
v 0.613318 0.044055 -0.632192
v 0.398629 0.915899 -0.028949
v 0.405274 0.933058 -0.024822
v -0.325609 1.090228 0.005483
v -0.314464 1.085008 0.025438
v -0.322521 0.960162 -0.010757
v -0.319431 0.956301 -0.021251
v -0.280766 0.915747 -0.061239
v -0.086904 1.109845 0.018838
v -0.390251 0.431019 -0.931733
v 0.636851 0.029617 -0.631745
v -0.592512 0.736567 -0.468625
v 0.022298 0.934536 -0.073642
v -0.089085 1.114548 -0.003926
v 0.630294 0.012130 -0.634365
v 0.408786 0.918557 -0.058418
v 0.413551 0.915954 -0.022722
v 0.440188 0.910796 -0.140484
v -0.491608 0.951554 -0.259219
v -0.385236 0.435105 -0.894326
v 0.703940 0.247791 -0.652991
v 0.495110 0.746425 -0.131577
v 0.455921 0.946637 -0.139720
v -0.396303 0.964346 -0.227945
v -0.416127 0.962064 -0.248083
v -0.286542 0.933012 -0.111750
v 0.067383 1.027688 0.061194
v -0.050833 1.110236 0.011251
v -0.281799 0.962886 -0.086614
v -0.440953 0.914328 -0.276747
v -0.438545 0.944148 -0.276591
v 0.155460 0.978600 0.002179
v -0.064546 1.124870 -0.007134
v -0.418248 0.908818 -0.265230
v -0.466013 0.738782 -0.473956
v 0.004871 0.991487 -0.100729
v 0.743286 0.266806 -0.714385
v 0.606818 0.761357 -0.259343
v -0.326192 0.930766 -0.184159
v -0.072311 1.174098 0.008610
v 0.773053 0.240784 -0.738059
v -0.326006 0.944184 -0.214393
v -0.278464 1.009311 -0.132790
v -0.071236 1.158103 -0.013099
v 0.076322 1.086224 0.004311
v -0.086298 1.067958 -0.114300
v 0.598607 0.423108 -0.531765
v -0.267910 0.922580 -0.190670
v -0.305081 0.963931 -0.195414
v -0.247843 1.001793 -0.137653
v -0.236954 0.980953 -0.135041
v -0.082491 1.166080 -0.103740
v -0.075969 1.065848 -0.113437
v -0.392890 0.570337 -0.893633
v -0.372098 0.593516 -0.908107
v -0.290333 0.963730 -0.208633
v 0.005955 0.970798 -0.195027
v -0.072394 1.072573 -0.120850
v -0.421247 0.594736 -0.911481
v -0.424445 0.592340 -0.931897
v 0.844800 -0.022085 -0.997984
v 0.471564 0.939045 -0.277169
v -0.302214 0.933722 -0.236380
v 0.052329 0.930672 -0.237812
v 0.031136 0.926982 -0.230301
v -0.083349 1.160153 -0.107072
v 0.497044 0.742322 -0.280025
v -0.491112 0.940720 -0.473812
v -0.304436 0.958249 -0.236263
v 0.036284 0.938427 -0.228936
v -0.086923 1.160550 -0.128516
v -0.084227 1.168123 -0.151518
v 0.622366 0.740000 -0.464038
v -0.396957 0.927811 -0.410298
v -0.393441 0.944971 -0.426582
v -0.071174 1.159734 -0.125487
v -0.085157 1.122373 -0.181815
v -0.404445 0.908309 -0.454955
v -0.426655 0.916442 -0.464400
v -0.618735 0.733905 -0.733271
v -0.717152 0.768075 -0.777257
v -0.381822 0.936596 -0.439663
v -0.049690 1.118295 -0.194034
v 0.828722 0.200718 -0.891542
v 0.308584 0.965055 -0.281771
v -0.429563 0.938467 -0.460362
v -0.733381 0.757055 -0.777842
v -0.367046 0.924078 -0.399603
v -0.073777 1.158574 -0.163609
v -0.081533 1.162115 -0.171755
v -0.074892 1.135849 -0.176342
v -0.386192 0.925726 -0.414588
v -0.393529 0.925506 -0.461290
v 0.296811 0.980667 -0.279952
v 0.308231 0.953987 -0.328836
v -0.374446 0.928228 -0.448584
v -0.094291 1.161829 -0.248324
v 0.569732 0.574247 -0.590717
v 0.169356 0.956880 -0.253950
v 0.205722 0.984188 -0.281726
v -0.346446 0.932902 -0.519207
v -0.074422 1.167542 -0.247036
v -0.142757 0.737615 -0.706304
v -0.006383 0.749159 -0.697690
v 0.588301 0.643876 -0.532446
v 0.545566 0.581375 -0.582180
v 0.198686 0.990601 -0.312605
v 0.304517 0.966350 -0.348169
v -0.354752 0.952006 -0.527817
v 0.465197 0.947245 -0.465165
v 0.439307 0.951635 -0.471193
v -0.483459 0.932902 -0.640511
v 0.148128 1.004779 -0.295169
v 0.152526 1.052095 -0.270264
v -0.008249 0.758105 -0.633426
v 0.364347 0.936795 -0.480778
v 0.455748 0.897769 -0.450130
v -0.733228 0.767105 -0.906249
v -0.305494 1.065355 -0.375501
v -0.337916 0.914820 -0.530149
v -0.395157 0.945408 -0.608127
v 0.158392 1.037622 -0.298826
v -0.076169 1.169502 -0.317160
v -0.086013 1.152023 -0.320776
v -0.223674 0.738103 -0.721476
v -0.019072 0.747730 -0.620328
v 0.470189 0.897493 -0.455029
v -0.379603 0.935862 -0.637746
v 0.155339 0.990190 -0.319932
v 0.156439 1.058076 -0.315077
v -0.093445 1.171215 -0.320429
v 0.175508 1.012572 -0.303906
v 0.352424 0.918951 -0.492514
v -0.370591 0.795218 -0.654045
v -0.346593 0.909654 -0.566367
v -0.141694 0.739827 -0.604660
v 0.521578 0.606987 -0.615353
v 0.181655 1.042048 -0.311139
v 0.178134 1.060603 -0.320692
v 0.137109 0.740124 -0.706560
v 0.233707 0.976016 -0.415857
v 0.373306 0.908362 -0.522938
v 0.546700 0.945249 -0.472012
v -0.368727 0.745255 -0.665540
v -0.340832 0.902178 -0.561243
v -0.347806 0.880095 -0.572703
v 0.607647 0.638665 -0.620474
v 0.413370 0.944318 -0.558398
v -0.328285 0.735601 -0.667460
v -0.082806 1.172583 -0.418179
v -0.053006 1.084270 -0.407109
v -0.252252 0.779525 -0.664795
v -0.368189 0.823198 -0.562907
v -0.270935 0.759505 -0.661103
v -0.011790 0.843327 -0.597447
v -0.322531 0.736344 -0.647779
v -0.234525 0.947476 -0.590153
v -0.097841 1.088732 -0.411317
v -0.074477 1.091675 -0.408615
v -0.302285 0.735336 -0.647750
v -0.267577 0.763902 -0.643990
v 0.744203 0.766572 -0.736616
v 0.409963 0.910119 -0.585976
v 0.436936 0.955003 -0.644018
v -0.364506 0.736781 -0.638657
v -0.298548 0.751612 -0.657569
v -0.236691 0.942072 -0.619884
v -0.369424 0.841349 -0.512664
v -0.315808 0.732651 -0.645748
v 0.767823 0.767008 -0.745963
v 0.409582 0.906011 -0.548604
v -0.331258 0.740803 -0.631735
v -0.263842 0.731219 -0.564065
v -0.147928 0.939832 -0.588410
v -0.343097 0.830492 -0.502714
v 0.632411 0.631062 -0.779817
v 0.646116 0.765178 -0.827753
v 0.064563 0.947284 -0.435155
v -0.085929 1.095344 -0.421972
v -0.152810 0.942914 -0.624014
v -0.343223 0.793629 -0.491373
v -0.269607 0.785150 -0.558877
v -0.292323 0.749485 -0.524541
v -0.288164 0.772863 -0.499978
v 0.136478 0.914842 -0.581189
v -0.358544 0.747301 -0.489412
v -0.331478 0.793944 -0.478808
v -0.275410 0.734702 -0.501333
v 0.127595 0.949168 -0.608747
v 0.152342 0.910503 -0.551238
v 0.354234 0.814075 -0.628077
v -0.311080 0.805663 -0.466806
v 0.312528 0.748952 -0.632113
v 0.373932 0.736692 -0.723153
v 0.773687 0.769894 -0.899486
v 0.143241 0.949250 -0.545201
v 0.364568 0.750702 -0.661689
v -0.392195 0.738464 -0.456918
v -0.324225 0.822102 -0.467643
v -0.360822 0.790413 -0.422927
v -0.253979 0.776975 -0.443404
v -0.199606 0.713286 -0.507066
v -0.349710 0.808926 -0.414412
v -0.356714 0.794047 -0.397484
v -0.223533 0.742954 -0.461924
v -0.220697 0.757025 -0.475566
v -0.181696 0.749931 -0.495652
v -0.310059 0.793418 -0.404969
v -0.410431 0.739867 -0.398081
v -0.317333 0.768664 -0.373976
v -0.577374 0.644238 0.399485
v -0.614010 0.014044 -0.726943
v -0.463353 0.641829 -0.767763
v -0.469991 0.637130 -0.791254
v -0.567392 0.639341 -0.747781
v 0.082121 0.971317 -0.433997
v -0.331589 0.924318 0.003614
v -0.143243 0.018157 0.927054
v -0.146608 0.011817 0.932639
v -0.170400 0.014850 0.929979
v -0.155342 0.049697 0.912125
v -0.145143 0.058678 0.920307
v -0.206320 0.003635 0.925666
v -0.314719 -0.003962 0.912674
v -0.226214 0.002768 0.935466
v -0.267884 0.021288 0.916262
v -0.229544 -0.002839 0.951345
v -0.230725 -0.002086 0.988473
v -0.173835 -0.009765 0.989451
v -0.209692 0.000412 0.992711
v -0.092570 0.343218 0.902190
v -0.207926 0.280916 0.958022
v -0.208189 0.251032 0.946303
v -0.204191 0.275953 0.974728
v -0.441144 0.006320 0.920221
v -0.454132 0.001346 0.942109
v -0.516375 -0.010275 0.984067
v 0.179890 0.040354 0.936879
v 0.096897 0.204191 0.954088
v 0.081999 0.230080 0.947188
v 0.099633 0.223294 0.952318
v 0.208013 0.041453 0.919903
v 0.180731 0.033801 0.921992
v 0.011978 0.010419 0.984829
v 0.036010 0.003221 0.986441
v 0.028817 0.010083 0.990061
v -0.008447 0.014311 0.983208
v -0.485822 -0.003316 0.998665
v -0.475324 -0.002160 0.974309
v -0.310230 0.251091 0.927385
v -0.340335 0.263937 0.929288
v 0.102181 0.159634 0.970898
v 0.103971 0.211650 0.961827
v 0.091500 0.221683 0.970339
v 0.100088 0.227271 0.962245
v 0.032416 0.304387 0.955411
v 0.025474 0.295168 0.954940
v 0.116457 0.138720 0.973374
v -0.523757 -0.002580 0.998746
v -0.506949 -0.017340 0.994059
v -0.514550 0.002882 0.984880
v -0.154332 0.025653 0.495951
v 0.277424 0.042681 0.919155
v 0.362405 0.055813 0.914247
v 0.356399 0.026641 0.923410
v 0.320826 0.026890 0.924398
v 0.286529 0.026305 0.934237
v 0.282286 0.090740 0.898391
v 0.057256 0.294145 0.955908
v 0.060244 0.293269 0.967125
v -0.530008 0.038723 0.998950
v -0.561450 0.029426 0.961962
v 0.431438 0.031109 0.975531
v 0.409053 0.032810 0.934891
v 0.445843 0.016165 0.930718
v 0.447255 0.015456 0.964458
v 0.388133 0.077629 0.964805
v 0.355350 0.070360 0.971678
v 0.349968 0.080784 0.966323
v 0.342947 0.075240 0.952029
v -0.419956 0.248688 0.926896
v -0.147830 0.330998 0.560631
v -0.152475 0.310014 0.531421
v 0.449233 0.046770 0.988526
v 0.405670 0.094282 0.945283
v 0.430530 0.078195 0.968335
v 0.446981 0.055914 0.854348
v 0.416015 0.055186 0.851231
v 0.416565 0.057371 0.910087
v 0.439694 0.014414 0.886528
v 0.438009 0.137799 0.916508
v -0.506254 0.212691 0.969671
v -0.498884 0.236368 0.959044
v -0.498468 0.235355 0.950345
v 0.406803 0.102873 0.948388
v -0.510318 0.241419 0.963112
v -0.564483 0.184081 0.971816
v -0.550006 0.202959 0.978196
v -0.551333 0.179146 0.981367
v -0.548637 0.202515 0.966378
v -0.533954 0.194797 0.956020
v -0.076733 0.299569 0.482417
v -0.060562 0.312695 0.499478
v 0.373602 0.080956 0.881890
v -0.069056 0.509004 0.995485
v 0.449931 0.055051 0.674136
v 0.435715 0.010018 0.601422
v 0.433731 -0.004809 0.592119
v 0.455493 -0.001560 0.591694
v 0.430172 0.027627 0.627019
v 0.130706 0.249602 0.891712
v 0.117439 0.250305 0.863959
v 0.178263 0.208507 0.863171
v 0.416171 0.014669 0.476176
v 0.412549 0.023376 0.517615
v 0.418895 0.150714 0.648392
v 0.438879 0.168641 0.636548
v 0.388225 0.194050 0.629500
v 0.455641 -0.020040 0.587508
v 0.428411 -0.006359 0.478537
v 0.384978 -0.017680 0.445621
v 0.380157 -0.023277 0.458343
v 0.444139 0.165572 0.606507
v -0.496621 0.516181 0.912280
v -0.600979 0.561241 0.907130
v -0.756060 0.235158 0.536797
v -0.776798 -0.024794 0.316324
v -0.798471 0.202421 0.556086
v 0.109020 0.248291 0.666154
v -0.834607 -0.013549 0.254863
v -0.149830 0.419110 0.649991
v -0.180375 0.422951 0.638192
v -0.780972 0.131211 0.348517
v -0.811777 0.140361 0.366893
v -0.764919 0.126133 0.328647
v -0.757558 0.196550 0.307126
v -0.795556 0.172042 0.309024
v -0.787493 0.144017 0.319672
v -0.782493 0.120515 0.317851
v -0.168021 0.522467 0.648297
v -0.131425 0.535705 0.630035
v -0.143981 0.558976 0.617600
v -0.107491 0.518021 0.645783
v -0.806737 0.167038 0.303921
v -0.803621 0.170103 0.248106
v -0.602581 0.522381 0.551596
v -0.559112 0.570110 0.535546
v -0.558488 0.590038 0.503456
v -0.229529 0.409775 0.552380
v -0.201298 0.415507 0.522569
v -0.216858 0.412686 0.517162
v -0.182000 0.543593 0.618907
v 0.681167 -0.015539 0.256184
v 0.707502 0.033565 0.260899
v 0.745828 0.011958 0.303153
v 0.794626 0.177138 0.572140
v 0.808216 0.162236 0.582813
v 0.834248 0.174105 0.557622
v 0.800831 0.189866 0.556790
v -0.279108 0.427308 0.430864
v -0.459596 0.417262 0.496064
v -0.165127 0.569389 0.527917
v -0.156707 0.565042 0.522378
v -0.348605 0.419298 0.401098
v -0.401700 0.408350 0.413553
v -0.422930 0.663646 0.449489
v -0.482457 0.679383 0.524722
v -0.407501 0.731711 0.526799
v -0.411689 0.760165 0.501921
v 0.663624 0.101462 0.211866
v 0.703291 0.124201 0.247779
v 0.640601 0.038049 0.129526
v 0.641950 0.083757 0.173978
v -0.298521 0.708756 0.525470
v -0.249582 0.748468 0.501789
v -0.822067 0.131341 -0.052267
v 0.762284 0.239444 0.342870
v 0.800296 0.216433 0.323224
v 0.715892 0.179441 0.268280
v 0.732792 0.297570 0.294227
v -0.347932 0.744787 0.526770
v -0.347832 0.759371 0.506130
v -0.612611 0.768611 0.421098
v -0.668650 0.763637 0.386052
v -0.672809 0.769032 0.413836
v -0.731648 0.541068 0.179457
v -0.714720 -0.010880 -0.413350
v -0.713716 -0.003302 -0.451937
v -0.697465 -0.018262 -0.487589
v -0.718496 -0.011844 -0.500167
v 0.554844 0.023159 0.156146
v 0.563268 0.128903 0.153699
v -0.690749 0.768574 0.394129
v -0.682523 0.765923 0.339423
v -0.543742 0.760962 0.297893
v -0.568956 0.762908 0.277203
v -0.809415 -0.010830 -0.384965
v 0.730187 0.497009 0.245108
v -0.395963 0.745098 0.319129
v -0.381744 0.742531 0.309587
v 0.658851 0.767345 0.413760
v 0.673103 0.756045 0.392077
v 0.658756 0.753833 0.409796
v 0.653785 0.427167 0.159725
v 0.677696 0.442918 0.173934
v 0.694505 0.437505 0.230418
v 0.657980 0.740394 0.403933
v 0.669589 0.742795 0.384263
v 0.650858 0.008432 0.296255
v 0.377497 0.747600 0.281468
v 0.590392 0.738781 0.301800
v 0.551307 0.730008 0.321735
v -0.573663 0.758384 0.112765
v -0.557497 0.752890 0.082736
v 0.618480 0.434161 0.147162
v 0.589407 0.408101 0.150572
v 0.565053 0.427391 0.162068
v 0.627682 0.440962 0.121628
v -0.367644 0.826244 0.216997
v -0.815378 0.479690 -0.112777
v -0.772043 0.190115 -0.473148
v -0.790230 0.154677 -0.533466
v -0.845266 0.098021 -0.524664
v 0.609770 0.009841 0.374118
v 0.635316 0.010689 0.350470
v 0.332776 0.749378 0.251052
v 0.365251 0.761576 0.265009
v 0.007143 0.732753 0.256073
v -0.026595 0.767542 0.276239
v -0.058828 0.730637 0.294002
v -0.757296 -0.012082 -0.673148
v -0.762750 0.006858 -0.681097
v -0.744750 0.006066 -0.707768
v 0.784641 0.754173 0.409295
v -0.259033 0.827167 0.220888
v 0.388976 0.762331 0.256092
v 0.400410 0.776741 0.252151
v 0.376089 0.782350 0.192878
v 0.360858 0.792141 0.211837
v 0.325382 0.789124 0.224299
v 0.024212 0.757348 0.274900
v -0.754464 0.008945 -0.768326
v -0.364131 0.820899 0.162631
v -0.366309 0.819838 0.182913
v -0.332579 0.816483 0.155707
v -0.321428 0.838234 0.187586
v -0.315354 0.851894 0.201403
v -0.353884 0.877678 0.205785
v -0.389535 0.934684 0.239039
v 0.141771 0.730461 0.237774
v 0.113758 0.744206 0.278101
v 0.395464 0.787042 0.222148
v -0.425516 0.965806 0.170063
v -0.479777 0.953248 0.100933
v -0.271869 0.818359 0.190194
v -0.273537 0.813067 0.174359
v -0.296573 0.825811 0.172566
v -0.781770 -0.025208 -0.780822
v 0.448417 0.953467 0.210197
v 0.430813 0.936683 0.214780
v -0.732290 0.248310 -0.494564
v -0.709039 0.241759 -0.516836
v -0.725230 0.205722 -0.527674
v -0.750599 0.201070 -0.491899
v -0.749620 0.181868 -0.521909
v -0.823319 0.141952 -0.633509
v -0.844951 0.102700 -0.632017
v 0.357838 0.810575 0.199459
v -0.436666 0.964837 0.092198
v -0.425755 0.955043 0.074223
v -0.434128 0.937643 0.072865
v 0.131256 0.748354 0.240245
v -0.157475 0.925347 0.121868
v 0.436997 0.953772 0.186359
v 0.393113 0.924812 0.167653
v 0.398840 0.924266 0.151727
v 0.730022 0.573844 -0.018780
v 0.708928 0.549773 -0.046173
v 0.412033 0.918510 0.130848
v 0.371762 0.930563 0.167896
v 0.364699 0.897069 0.169591
v 0.375518 0.918244 0.144618
v -0.567311 0.753720 -0.149085
v -0.521745 0.779419 -0.117781
v -0.037671 0.913527 0.144342
v -0.756221 0.170432 -0.680443
v -0.755335 0.205718 -0.618628
v -0.731198 0.227483 -0.632233
v 0.619144 0.752930 0.086187
v 0.605765 0.748002 0.061023
v -0.477186 0.759456 -0.069230
v -0.491330 0.748003 -0.077366
v -0.283846 0.946167 0.144111
v -0.319723 0.980651 0.125329
v -0.318813 0.979444 0.140659
v -0.320298 0.966745 0.154172
v -0.315342 0.957659 0.105365
v -0.309555 0.935000 0.109315
v 0.697036 0.549395 0.030362
v 0.378492 0.947279 0.161176
v 0.347960 0.923291 0.140128
v -0.281705 0.920177 0.123058
v -0.307989 0.918485 0.117955
v 0.036845 0.907438 0.113461
v 0.669350 0.057848 -0.589872
v 0.685580 0.222178 -0.614010
v 0.636094 0.190849 -0.564128
v 0.611817 0.094149 -0.537001
v 0.614320 0.044426 -0.493800
v 0.430816 0.928828 0.058397
v -0.356486 0.927611 0.100145
v -0.361699 0.920848 0.089466
v -0.351515 0.926112 0.028262
v 0.553389 0.940061 0.069910
v -0.349918 0.940878 0.018095
v -0.356037 0.931137 0.014072
v -0.359087 0.919643 0.010760
v -0.467109 0.203625 -0.964966
v -0.762898 0.502264 -0.488744
v -0.744197 0.511893 -0.493095
v -0.725143 0.533745 -0.487380
v -0.773239 0.530723 -0.448528
v -0.778452 0.492496 -0.473213
v -0.348457 0.919888 0.108358
v -0.348582 0.915394 0.095222
v -0.405076 0.948602 0.024965
v -0.397150 0.941268 -0.039312
v -0.376556 0.915340 -0.021787
v 0.125718 0.900034 0.184630
v 0.141066 0.895184 0.172327
v 0.183243 0.908083 0.157837
v 0.089796 0.950270 0.200650
v 0.090604 0.922403 0.224097
v 0.118230 0.909657 0.204830
v 0.183547 0.950235 0.151403
v 0.084958 0.952341 0.178967
v -0.208163 0.933163 0.044744
v -0.230128 0.930672 0.034408
v -0.760883 -0.010870 -0.997226
v 0.714213 -0.014441 -0.657477
v 0.564489 0.037015 -0.507601
v 0.556702 0.095839 -0.539477
v 0.540250 0.032885 -0.576769
v -0.427008 0.923562 -0.069345
v -0.079378 0.939359 0.030422
v -0.055445 0.939152 0.010401
v -0.106550 0.939886 0.041900
v -0.436465 0.243993 -0.922312
v 0.514305 0.732529 0.036470
v -0.438945 0.939492 -0.107866
v -0.028199 0.924897 -0.007608
v -0.032725 0.937954 -0.011132
v -0.210973 0.951349 0.042858
v -0.227740 0.944517 0.028008
v -0.257194 0.959915 0.042400
v -0.462176 0.266385 -0.903496
v -0.437280 0.281775 -0.913530
v 0.339313 0.944556 -0.008341
v 0.423473 0.956142 -0.002349
v -0.426614 0.949763 -0.109245
v -0.313478 1.054759 0.048575
v -0.385625 0.934369 -0.073953
v 0.537535 0.017819 -0.585130
v 0.556549 0.023820 -0.611047
v 0.528300 0.003866 -0.521581
v 0.388954 0.924623 -0.031416
v 0.410541 0.951259 -0.028218
v -0.352705 0.918393 -0.042380
v -0.375914 0.922622 -0.088029
v 0.012189 0.940518 -0.049933
v 0.017661 0.947382 -0.045141
v -0.246084 0.941515 -0.011050
v -0.249906 0.924160 -0.004668
v -0.258324 0.921476 -0.054557
v -0.256837 0.933897 -0.063784
v 0.608602 0.766405 -0.154710
v 0.588364 0.758366 -0.129175
v 0.591451 0.735683 -0.111192
v -0.379191 0.912646 -0.096888
v -0.353088 0.917163 -0.020443
v -0.269568 0.961334 -0.051604
v -0.270693 0.936690 -0.072187
v -0.300023 0.919158 -0.025005
v 0.057474 0.959540 0.031106
v 0.067022 0.956671 0.001793
v 0.627320 0.051571 -0.648253
v 0.635659 0.029157 -0.650374
v 0.386198 0.924374 -0.057589
v -0.328855 0.975546 -0.017704
v -0.308342 0.967528 -0.034191
v -0.286167 0.938602 -0.088507
v -0.080845 1.131757 0.012501
v -0.418151 0.421801 -0.931679
v -0.416117 0.469912 -0.928998
v -0.564885 0.748789 -0.479707
v -0.576913 0.754923 -0.495926
v -0.581290 0.759231 -0.533615
v 0.043312 0.915215 -0.089176
v -0.011098 0.924440 -0.105341
v -0.070830 1.142133 -0.006048
v -0.062234 1.106307 -0.026169
v 0.453008 0.929371 -0.131694
v 0.454460 0.899611 -0.117656
v -0.004145 0.978780 -0.099452
v 0.718871 0.223660 -0.673620
v 0.733505 0.283284 -0.684198
v 0.692385 0.308435 -0.633567
v 0.732072 0.326601 -0.664594
v 0.431918 0.954649 -0.147981
v 0.431465 0.956630 -0.114777
v -0.400407 0.948254 -0.251523
v -0.400568 0.949018 -0.208077
v -0.300257 0.911553 -0.126606
v -0.282846 0.987776 -0.077124
v 0.815277 0.202744 -0.706940
v 0.417875 0.940924 -0.151180
v 0.391291 0.925528 -0.115443
v 0.162161 0.989058 -0.007547
v 0.160656 0.969787 -0.013637
v -0.068942 1.152611 0.010321
v -0.497801 0.752579 -0.473007
v -0.007421 0.979167 -0.115955
v -0.002294 0.993515 -0.118865
v 0.022699 0.969280 -0.080076
v -0.006406 1.014087 -0.102749
v 0.009442 1.023270 -0.088527
v 0.024073 1.000429 -0.083948
v 0.610278 0.008849 -0.762865
v 0.592089 0.009091 -0.777432
v 0.628001 0.735347 -0.309646
v 0.607814 0.734824 -0.288548
v 0.585490 0.735397 -0.287945
v 0.592336 0.796582 -0.247269
v -0.303781 0.924903 -0.182175
v -0.345510 0.914317 -0.171517
v -0.338413 0.932859 -0.215346
v -0.303127 0.933990 -0.186201
v 0.067274 1.023298 -0.071046
v 0.818668 0.206328 -0.788325
v -0.322286 0.962741 -0.211321
v -0.313213 0.958705 -0.217795
v -0.319375 0.939501 -0.213775
v -0.272257 1.008375 -0.155716
v -0.265327 1.001400 -0.141904
v -0.263514 0.985641 -0.132995
v -0.080494 1.157894 -0.000177
v -0.020290 1.031933 -0.099222
v -0.051749 1.054794 -0.091499
v -0.086916 1.062143 -0.088175
v -0.078182 1.097061 -0.112021
v 0.631679 0.438312 -0.505095
v 0.618787 0.446529 -0.503119
v 0.590200 0.466503 -0.540968
v 0.584892 0.354755 -0.535895
v 0.545996 0.347567 -0.552845
v -0.289247 0.933866 -0.202901
v -0.296624 0.933932 -0.194025
v -0.281993 0.937694 -0.218088
v -0.299509 0.951089 -0.192668
v -0.298291 0.950997 -0.201332
v -0.319619 0.982185 -0.215443
v -0.232425 0.981494 -0.153663
v -0.263317 0.970188 -0.124677
v -0.080099 1.190550 -0.115756
v -0.068353 1.182796 -0.116004
v -0.056457 1.052658 -0.124610
v -0.392472 0.571983 -0.914645
v -0.279375 0.947751 -0.223150
v -0.261619 0.947845 -0.211417
v -0.264680 0.979398 -0.190783
v 0.013849 0.991213 -0.181445
v 0.034303 0.988882 -0.193529
v 0.010216 0.945289 -0.211423
v 0.032225 0.949630 -0.217555
v -0.050287 1.058943 -0.137909
v -0.101667 1.085867 -0.159703
v -0.067066 1.107380 -0.175368
v -0.416443 0.530935 -0.930904
v -0.426702 0.537818 -0.913409
v -0.297009 1.018006 -0.189096
v -0.292210 1.000619 -0.193022
v -0.234479 0.971877 -0.186501
v -0.293101 0.946624 -0.242892
v -0.296111 0.939750 -0.263391
v 0.085574 0.929676 -0.239003
v 0.051875 0.938024 -0.232322
v 0.009429 0.925411 -0.205202
v -0.072848 1.139267 -0.120999
v 0.524916 0.732569 -0.290775
v 0.514005 0.789168 -0.278828
v 0.322758 0.937773 -0.294464
v 0.305000 0.945412 -0.280530
v 0.426403 0.926882 -0.223058
v 0.413003 0.913779 -0.228139
v -0.317659 0.971588 -0.247613
v -0.317127 0.963690 -0.270193
v -0.304942 0.951050 -0.265812
v -0.066312 1.172484 -0.158342
v 0.613068 0.751710 -0.499923
v 0.597736 0.744607 -0.457962
v 0.527295 0.929615 -0.257174
v -0.409226 0.912375 -0.426109
v -0.404187 0.945165 -0.393395
v -0.404288 0.909266 -0.382773
v -0.379453 0.935960 -0.412734
v -0.108619 1.104164 -0.180164
v -0.073546 1.125705 -0.188635
v -0.077480 1.140530 -0.176859
v -0.624876 0.741620 -0.770186
v -0.656523 0.755648 -0.693655
v -0.653173 0.762780 -0.762651
v -0.363869 0.937518 -0.433242
v -0.380175 0.924658 -0.484078
v -0.379736 0.943482 -0.478203
v -0.030550 1.100291 -0.179781
v 0.807936 0.221332 -0.876289
v 0.834345 0.192253 -0.935379
v 0.319027 0.964780 -0.305985
v 0.315889 0.973801 -0.253681
v -0.393995 0.911567 -0.423301
v -0.064842 1.172773 -0.173609
v 0.303332 0.938361 -0.347585
v -0.390468 0.910239 -0.445799
v -0.384214 0.911939 -0.457472
v 0.307419 0.996165 -0.303456
v 0.289858 0.951668 -0.346404
v 0.321554 0.964017 -0.347369
v -0.363220 0.913879 -0.470125
v -0.358849 0.909940 -0.486528
v -0.339170 0.926754 -0.463664
v -0.052295 1.131803 -0.266726
v -0.068831 1.126085 -0.247591
v -0.083316 1.187553 -0.285615
v -0.076872 1.150046 -0.256800
v -0.091942 1.172503 -0.238312
v 0.599363 0.639210 -0.519946
v 0.600084 0.628820 -0.536619
v 0.608135 0.627844 -0.522430
v 0.565786 0.585933 -0.553152
v 0.575214 0.548265 -0.584791
v 0.550302 0.608263 -0.610060
v 0.126193 0.936200 -0.246129
v 0.123676 0.921304 -0.231279
v 0.154600 0.974123 -0.264173
v 0.202620 1.016988 -0.303395
v -0.351128 0.907932 -0.506390
v -0.343469 0.915675 -0.542730
v -0.368741 0.949305 -0.503076
v 0.107433 1.021018 -0.204488
v 0.127828 1.040157 -0.225418
v 0.110047 1.062781 -0.215156
v -0.067602 1.148427 -0.270220
v -0.208683 0.758927 -0.710384
v 0.822434 0.207743 -0.943992
v 0.829160 0.166656 -0.995551
v 0.814010 0.201393 -0.967680
v 0.739947 0.551970 -0.576371
v 0.739488 0.496551 -0.645976
v -0.023824 0.736933 -0.664912
v 0.040035 0.743447 -0.730573
v 0.568686 0.612906 -0.545905
v 0.316690 0.961811 -0.366675
v -0.270009 0.911451 -0.340451
v -0.255636 0.914302 -0.362794
v -0.309174 0.919402 -0.413837
v -0.385933 0.949541 -0.510337
v 0.328466 0.987780 -0.327221
v 0.284536 0.987809 -0.320919
v 0.429298 0.930166 -0.430496
v 0.414072 0.952896 -0.499616
v 0.405296 0.938083 -0.492148
v 0.143304 0.990236 -0.266762
v 0.136109 1.014851 -0.328967
v 0.164775 1.074998 -0.274323
v 0.138732 1.088903 -0.269754
v 0.139778 1.074547 -0.254887
v 0.134821 1.058028 -0.242464
v -0.006756 0.789104 -0.621509
v -0.023758 0.798632 -0.600655
v 0.491203 0.736324 -0.450444
v 0.347069 0.932842 -0.475787
v 0.389184 0.934941 -0.459850
v 0.373261 0.925967 -0.482322
v 0.460269 0.915469 -0.416340
v 0.485778 0.851079 -0.444189
v -0.283551 1.097526 -0.366266
v -0.282959 1.046149 -0.397650
v -0.378334 0.942157 -0.589207
v -0.372607 0.927241 -0.598718
v 0.178716 1.014186 -0.288409
v 0.140145 1.048975 -0.326077
v 0.167991 1.029351 -0.301084
v 0.175106 1.031287 -0.286940
v -0.068425 1.151533 -0.292772
v -0.107886 1.166641 -0.307937
v -0.122977 1.164286 -0.304790
v -0.241636 0.738831 -0.690235
v -0.242857 0.757226 -0.683145
v 0.498105 0.850193 -0.459250
v 0.135352 0.959224 -0.341579
v 0.128775 0.977845 -0.341754
v 0.123560 0.997237 -0.351334
v 0.128272 1.072593 -0.338783
v 0.134175 1.084526 -0.321878
v 0.137481 1.094406 -0.305743
v -0.080324 1.187898 -0.314620
v 0.310616 0.912753 -0.487858
v 0.376842 0.914694 -0.502561
v 0.381225 0.912910 -0.482718
v -0.393320 0.844790 -0.671104
v -0.373383 0.837976 -0.652047
v -0.345148 0.758083 -0.661697
v -0.343297 0.776943 -0.644277
v -0.344069 0.932207 -0.579024
v -0.369941 0.873530 -0.582172
v -0.361298 0.928293 -0.585299
v -0.322642 0.895682 -0.570582
v -0.123846 0.736860 -0.637832
v 0.525085 0.631370 -0.619496
v 0.501579 0.620136 -0.622979
v 0.199253 1.043566 -0.293131
v 0.188078 1.064576 -0.295081
v 0.167501 1.084045 -0.290347
v 0.141614 0.737392 -0.679213
v 0.254001 0.985413 -0.413238
v 0.259173 0.986642 -0.431856
v 0.213597 0.986563 -0.437199
v 0.384053 0.924004 -0.505875
v 0.371940 0.925250 -0.518929
v -0.369428 0.780472 -0.623293
v -0.370921 0.738195 -0.693291
v -0.351190 0.852923 -0.570044
v -0.333323 0.854502 -0.570350
v -0.575675 0.009674 0.379798
v 0.492506 0.635204 -0.591587
v 0.483486 0.642619 -0.641098
v 0.481769 0.618022 -0.606302
v 0.406554 0.912866 -0.567677
v -0.072183 1.107614 -0.384638
v -0.367558 0.833078 -0.536472
v -0.306254 0.749798 -0.649538
v -0.273641 0.762787 -0.652898
v -0.293035 0.762685 -0.650100
v 0.620005 0.737094 -0.708641
v -0.225286 0.948378 -0.607617
v -0.239048 0.935437 -0.608449
v -0.265288 0.947703 -0.566792
v 0.112479 1.036607 -0.378380
v -0.090249 1.108874 -0.383607
v 0.390547 0.903711 -0.572603
v -0.357263 0.758628 -0.640270
v -0.306328 0.763413 -0.646952
v -0.350615 0.836736 -0.535475
v 0.125582 0.749009 -0.642047
v -0.322692 0.762497 -0.645134
v -0.283647 0.750372 -0.547832
v -0.165207 0.950964 -0.607643
v 0.644990 0.748945 -0.822543
v 0.661191 0.761975 -0.795187
v 0.090216 0.939855 -0.459393
v 0.027338 0.919357 -0.409338
v 0.073226 0.967768 -0.433070
v -0.310827 0.799611 -0.509890
v 0.552108 0.950252 -0.639062
v -0.309996 0.791898 -0.499081
v -0.373392 0.778789 -0.513886
v -0.357600 0.775948 -0.476281
v -0.290608 0.798279 -0.544647
v -0.297238 0.784060 -0.526417
v -0.305749 0.725536 -0.503469
v -0.287238 0.744081 -0.512341
v -0.295438 0.776935 -0.512843
v 0.082643 0.977678 -0.426098
v -0.300820 0.788611 -0.472531
v 0.134525 0.943352 -0.593636
v 0.159549 0.894318 -0.590665
v 0.086565 0.990392 -0.428357
v -0.374678 0.736481 -0.522433
v -0.339807 0.717006 -0.479710
v -0.373185 0.719902 -0.455472
v -0.345451 0.807036 -0.470136
v -0.366235 0.786218 -0.463365
v 0.370321 0.789460 -0.624498
v 0.352318 0.777794 -0.651549
v 0.368959 0.765443 -0.637511
v -0.296566 0.789479 -0.462352
v -0.302499 0.822042 -0.451413
v -0.329602 0.830723 -0.451875
v 0.404382 0.751276 -0.691840
v 0.414162 0.758371 -0.710136
v 0.441518 0.746445 -0.730725
v 0.451385 0.760200 -0.717967
v 0.194964 0.943613 -0.543893
v 0.128567 0.952227 -0.569106
v -0.401833 0.755629 -0.443982
v -0.390683 0.723250 -0.442861
v 0.382330 0.744409 -0.648277
v -0.405736 0.738531 -0.426780
v -0.357716 0.816350 -0.453108
v 0.391430 0.742167 -0.635136
v -0.370678 0.793855 -0.446267
v -0.352817 0.814622 -0.431539
v -0.377903 0.783517 -0.411438
v -0.386515 0.779932 -0.436396
v -0.363498 0.784156 -0.387550
v -0.348224 0.788789 -0.417564
v -0.256856 0.753196 -0.405609
v -0.266485 0.775168 -0.414423
v -0.282773 0.792141 -0.422511
v -0.230115 0.751616 -0.436327
v -0.245777 0.772258 -0.474710
v -0.215100 0.719630 -0.496997
v -0.195747 0.720200 -0.500750
v -0.185320 0.735662 -0.511632
v -0.200209 0.740943 -0.511384
v -0.217992 0.747351 -0.508615
v -0.336270 0.819438 -0.414133
v -0.330604 0.811387 -0.402313
v -0.352533 0.801769 -0.401749
v -0.345440 0.777857 -0.379090
v -0.231255 0.734051 -0.438251
v -0.241607 0.719735 -0.445576
v -0.223238 0.738269 -0.473624
v -0.208709 0.765135 -0.490268
v -0.208143 0.744832 -0.481733
v -0.186394 0.752933 -0.508180
v -0.179400 0.736009 -0.499371
v -0.192343 0.731560 -0.490878
v -0.195889 0.762058 -0.500744
v -0.293855 0.807197 -0.427411
v -0.298033 0.769465 -0.382620
v -0.316060 0.783745 -0.400043
v -0.321867 0.782668 -0.417821
v -0.312869 0.798632 -0.416329
v -0.397219 0.738901 -0.384282
v -0.402096 0.725876 -0.410381
v -0.387038 0.722676 -0.391013
v -0.287981 0.747526 -0.376264
v -0.351524 0.769088 -0.366114
v -0.321841 0.752651 -0.344644
v -0.331577 0.739118 -0.345241
v -0.343630 0.748274 -0.342774
v -0.340322 0.760652 -0.346512
v -0.402938 0.005161 -0.796189
v -0.621193 0.007663 -0.717572
v -0.495504 0.641214 -0.751502
v -0.493420 0.632284 -0.761271
v -0.471335 0.631820 -0.771195
v -0.578325 0.626488 -0.735590
v -0.333824 0.934842 0.002762
v -0.333520 0.940263 0.009467
v -0.332725 0.918806 0.011028
v -0.319185 0.923103 -0.001456
v -0.333099 0.917274 0.022384
v -0.233740 0.942585 0.169727
v -0.245608 0.928396 0.188799
v -0.213725 0.938957 0.200476
v -0.177853 0.936466 0.201632
v -0.150767 0.915524 0.192281
v -0.150910 0.922248 0.163706
v -0.224336 0.915405 0.219316
v -0.154500 0.900349 0.216642
v -0.119898 0.872112 0.218841
v 0.100151 0.779003 0.269564
v 0.240258 0.894142 0.173020
v 0.247010 0.946864 0.162634
v 0.349677 0.911736 0.129239
v 0.189112 0.911290 0.124185
v 0.122595 0.929415 0.133417
v 0.401720 0.931165 -0.264993
v 0.405710 0.927804 -0.388507
v 0.403662 0.944457 -0.429727
v 0.308710 0.947835 -0.451271
v 0.260927 0.932072 -0.472561
v 0.202780 0.947557 -0.456688
v 0.197904 0.919048 -0.490374
v 0.155082 0.935640 -0.474807
v -0.007180 0.937109 -0.577308
v -0.016613 0.919381 -0.585110
v -0.147219 0.813783 -0.659839
v -0.171132 0.852574 -0.667611
v -0.272925 0.830307 -0.569141
v -0.339203 0.841099 -0.556935
v -0.301843 0.821748 -0.548584
v -0.287272 0.937640 -0.579317
v -0.239848 0.952725 -0.528879
v -0.199824 0.951747 -0.527768
v -0.029368 0.909842 -0.374919
v -0.085190 0.935445 -0.421782
v -0.311684 0.927752 -0.462988
v -0.336079 0.916649 -0.474425
v -0.301107 0.907890 -0.511571
v -0.274721 0.918346 -0.519083
v -0.273156 0.940171 -0.518691
v -0.243221 0.940812 -0.516858
v -0.087362 0.906259 -0.486730
v -0.023483 0.927388 -0.454932
v -0.147266 0.921004 -0.472659
v -0.204090 0.907532 -0.484445
v -0.090555 0.922131 -0.367321
v -0.035518 0.933232 -0.365167
v 0.016292 0.946759 -0.365589
v 0.018483 0.930859 -0.348660
v 0.061775 0.950288 -0.362317
v 0.100516 0.961297 -0.356843
v 0.103468 0.945903 -0.345859
v 0.096148 0.994559 -0.380646
v 0.121560 1.015072 -0.365103
v 0.122894 1.057248 -0.358742
v 0.095412 1.080784 -0.369623
v 0.098602 1.099741 -0.348744
v 0.102203 1.118853 -0.304112
v 0.103399 1.119307 -0.279462
v 0.108405 1.096061 -0.241414
v 0.110709 1.080389 -0.226228
v 0.009442 1.036780 -0.163731
v 0.033761 1.012375 -0.184492
v -0.007664 1.033189 -0.151842
v 0.002461 1.011696 -0.156220
v -0.017666 1.029458 -0.140060
v -0.009365 1.009928 -0.130628
v 0.004635 0.925777 -0.021930
v -0.099304 0.925288 -0.119372
v -0.056875 0.962637 -0.108919
v -0.100636 0.973211 -0.121600
v -0.160157 0.937215 -0.210940
v -0.206382 0.927251 -0.197549
v -0.204054 0.924310 -0.113160
v -0.158189 0.924656 -0.115769
v -0.237709 0.934539 -0.104296
v -0.530993 0.735916 -0.454199
v -0.559995 0.774420 -0.485669
v -0.590185 0.741008 -0.671606
v -0.566536 0.756621 -0.689562
v -0.574477 0.742174 -0.697084
v -0.531256 0.735415 -0.806474
v -0.406656 0.736627 -0.800722
v -0.468026 0.742059 -0.823912
v -0.351223 0.754748 -0.826090
v -0.226884 0.752595 -0.828130
v -0.096030 0.770226 -0.843470
v -0.098192 0.770690 -0.886741
v 0.770876 0.256843 -0.904696
v 0.779139 0.254343 -0.895948
v 0.716823 0.482022 -0.631955
v 0.713196 0.395693 -0.656597
v 0.694507 0.475717 -0.624090
v 0.690249 0.390126 -0.647768
v 0.682853 0.299102 -0.604012
v 0.599527 0.097599 -0.533224
v 0.571035 0.098089 -0.530088
v -0.631859 0.050815 -0.708687
v -0.612022 0.082418 -0.724338
v -0.584457 0.053246 -0.738908
v -0.588620 0.079301 -0.724364
v -0.603384 0.115960 -0.714854
v -0.605150 0.168033 -0.703135
v 0.615878 0.026064 0.385168
v 0.646895 0.026744 0.360111
v -0.585138 0.389643 -0.739309
v -0.576710 0.233842 -0.751820
v -0.564431 0.164830 -0.754935
v -0.569687 0.466573 -0.753271
v 0.589206 0.419995 0.385292
v 0.607788 0.422728 0.367183
v 0.593146 0.351555 0.255334
v 0.619938 0.430829 0.291009
v -0.518530 0.641796 -0.742712
v 0.594375 0.618789 0.382878
v -0.449874 0.524424 -0.799421
v -0.446886 0.464418 -0.801289
v -0.491850 0.107802 -0.757252
v -0.468449 0.159143 -0.779060
v 0.507528 0.643577 -0.644511
v -0.456458 0.024889 -0.800646
v -0.450287 0.006245 -0.784197
v -0.483040 0.012142 -0.758272
v 0.607824 0.224147 -0.778467
v 0.613944 0.156052 -0.764059
v 0.568905 0.470091 -0.574473
v 0.596148 0.504354 -0.542073
v 0.580543 0.566429 -0.538820
v 0.666678 0.445555 0.083723
v 0.662976 0.439210 0.130955
v 0.632853 0.427834 0.151074
v 0.611979 0.403315 0.164999
v 0.572836 0.356017 0.154790
v 0.548755 0.284289 0.175255
v 0.565345 0.207622 0.156766
v 0.609064 0.076424 0.149939
v 0.591120 0.069597 0.147874
v 0.610067 0.038064 0.110498
v 0.666814 0.005473 -0.544810
v 0.677895 -0.014912 -0.635465
v 0.688957 0.023913 -0.629116
v 0.844804 0.138774 -0.985819
v -0.166422 0.757842 -0.906871
v -0.407875 0.768024 -0.842933
v -0.591137 0.769999 -0.821486
v -0.586076 0.759589 -0.803906
v -0.635448 0.770706 -0.811898
v 0.408376 0.247959 -0.917752
v 0.391716 0.219804 -0.949301
v 0.366141 0.202707 -0.926509
v 0.378372 0.192659 -0.982941
v 0.221874 -0.007303 -0.928235
v 0.136840 -0.024784 -0.914087
v 0.627291 0.038528 0.120521
v 0.646676 0.148638 0.200245
v -0.424998 0.253383 -0.930626
v -0.423339 0.294848 -0.929156
v -0.437815 0.328231 -0.913454
v -0.421845 0.338143 -0.929342
v -0.741606 0.234749 -0.933308
v -0.737034 0.264977 -0.904375
v -0.797023 0.168598 -0.971386
v 0.810999 0.040648 0.585932
v 0.726017 -0.021794 0.338601
v 0.766250 -0.025238 0.305330
v 0.847785 0.092227 0.554410
v 0.479527 0.090972 0.591382
v 0.408004 0.071431 0.649878
v 0.377339 0.068491 0.671766
v 0.398536 0.054108 0.669984
v 0.396248 0.055169 0.703091
v 0.430867 0.027762 0.667478
v 0.420977 0.034075 0.620257
v 0.421247 0.014599 0.524057
v 0.433810 -0.018773 0.550636
v 0.425764 -0.000597 0.478939
v 0.425287 -0.005298 0.477645
v 0.221350 -0.014632 0.448639
v -0.727465 -0.027154 -0.537785
v -0.766484 0.025875 -0.682725
v -0.749596 0.044555 -0.700140
v -0.764939 0.059747 -0.770534
v -0.803505 0.095856 -0.792314
v -0.740484 0.261850 -0.883623
v -0.433369 0.470723 -0.914690
v -0.729149 0.253427 -0.779055
v -0.768067 0.219116 -0.795518
v -0.730290 0.210498 -0.761841
v -0.756464 0.172733 -0.770229
v -0.771952 0.136340 -0.771134
v -0.740316 0.134311 -0.758812
v -0.741738 0.095286 -0.743414
v -0.782473 0.164801 -0.663092
v -0.793119 0.133264 -0.666874
v -0.803406 0.151791 -0.645611
v -0.786964 0.177452 -0.631293
v -0.766940 0.184756 -0.557519
v -0.737493 0.710886 -0.787410
v -0.725663 0.681185 -0.775977
v -0.712673 0.636662 -0.763217
v -0.767304 0.501603 -0.111278
v -0.793043 0.478736 -0.105667
v -0.740901 0.403732 0.016057
v -0.727520 0.432884 0.048763
v -0.708442 0.445636 0.040685
v -0.728403 0.473323 0.105544
v -0.785292 0.211422 0.473971
v -0.808399 0.185330 0.409497
v -0.710842 0.480948 0.100990
v -0.726867 0.509039 -0.045346
v -0.713224 0.547610 -0.065599
v -0.655569 0.740391 -0.641645
v -0.660674 0.757271 -0.460799
v -0.671933 0.770582 -0.399709
v -0.712505 0.765021 -0.401135
v -0.677728 0.768902 -0.069058
v -0.676923 0.770817 -0.139109
v -0.665653 0.755914 -0.069210
v -0.647343 0.742241 0.088859
v -0.679407 0.765450 0.007214
v -0.677273 0.765534 0.087955
v -0.674556 0.768412 0.174848
v -0.661919 0.754632 0.173421
v -0.676982 0.765721 0.265632
v -0.665916 0.756448 0.333541
v -0.662774 0.755190 0.262035
v -0.653447 0.736942 0.326366
v -0.647556 0.740588 0.171341
v -0.503179 0.934561 -0.165358
v -0.533398 0.828701 -0.139308
v -0.478568 0.736189 -0.031048
v -0.499202 0.755526 0.079259
v -0.517327 0.738277 0.062923
v -0.533022 0.792162 0.089231
v -0.539164 0.828385 0.110754
v -0.432012 0.942603 -0.066072
v -0.423400 0.950823 -0.088870
v -0.407989 0.952696 -0.065651
v -0.418518 0.962406 -0.187781
v -0.482173 0.952587 -0.194777
v -0.412388 0.962169 0.074011
v -0.422412 0.979245 0.085945
v -0.341084 0.982635 0.146269
v -0.542467 0.782748 0.287969
v -0.198143 0.770569 0.482384
v 0.431373 0.240992 0.508918
v 0.345597 0.230790 0.516587
v 0.493936 0.217324 0.532853
v -0.370243 0.742711 0.297274
v -0.391218 0.763138 0.298960
v -0.369632 0.856364 0.227706
v -0.279757 0.730918 0.270372
v -0.228643 0.750494 0.269292
v -0.115488 0.747887 0.275694
v 0.806645 0.217127 0.378919
v 0.777000 0.249118 0.369937
v 0.837698 0.182546 0.313421
v 0.747954 0.105499 0.303069
v 0.776151 0.443998 0.386999
v 0.414599 0.753545 0.294601
v 0.412580 0.774291 0.274418
v 0.400531 0.754008 0.276107
v 0.437378 0.801548 0.286130
v 0.583061 0.748925 0.296727
v 0.602634 0.751014 0.277183
v 0.612389 0.749228 0.245538
v 0.631944 0.735931 0.199696
v 0.718229 0.535861 -0.566678
v 0.668765 0.425815 -0.559216
v 0.650726 0.415253 -0.544814
v 0.628534 0.360640 -0.557774
v 0.631479 0.411751 -0.535159
v 0.589487 0.273915 -0.538563
v 0.559253 0.176120 -0.538276
v 0.552683 0.265175 -0.543988
v 0.596525 0.113775 -0.627679
v 0.610377 0.171323 -0.642206
v 0.617023 0.027225 -0.767592
v 0.562826 0.409785 -0.606543
v 0.547116 0.417742 -0.588968
v 0.550140 0.420510 -0.562431
v 0.649395 0.435832 -0.508015
v 0.611062 0.532631 -0.528556
v 0.667295 0.446698 0.007097
v 0.682242 0.460362 0.089553
v 0.734349 0.582244 -0.264208
v 0.737012 0.570801 0.122507
v 0.711530 0.563749 0.120271
v 0.735485 0.545259 0.196064
v 0.710677 0.539068 0.197703
v 0.694415 0.522095 0.188415
v 0.670887 0.751533 0.270495
v 0.687754 0.770250 0.212393
v 0.666911 0.734093 -0.134457
v 0.660690 0.740880 -0.632669
v 0.628088 0.742968 -0.558250
v 0.596718 0.763605 -0.476624
v 0.578653 0.738298 -0.443717
v 0.555217 0.837357 -0.266260
v 0.598175 0.795619 -0.169425
v 0.570695 0.752682 -0.124580
v 0.593468 0.731529 0.029817
v 0.542674 0.749246 0.053937
v 0.480449 0.897729 -0.131414
v 0.534783 0.922545 -0.137682
v 0.469047 0.885030 -0.118598
v 0.451621 0.900319 -0.089965
v 0.466691 0.884005 -0.090443
v 0.484959 0.847645 -0.307345
v 0.430008 0.924352 -0.385216
v 0.418062 0.912496 -0.387202
v 0.414785 0.912534 -0.338525
v 0.418379 0.914692 -0.430492
v 0.395968 0.921188 -0.487996
v 0.389095 0.939008 -0.509665
v 0.257792 0.958727 -0.532281
v 0.125373 0.778944 -0.633286
v 0.405621 0.765511 -0.672945
v 0.407128 0.770776 -0.692240
v 0.433615 0.798618 -0.699166
v 0.423325 0.776185 -0.704540
v 0.348108 0.739300 -0.800698
v 0.263026 0.750540 -0.822744
v -0.395996 0.882975 -0.659382
v -0.418465 0.920063 -0.649933
v -0.440754 0.943628 -0.629932
v -0.473533 0.942087 -0.582698
v -0.496981 0.923828 -0.554995
v -0.529962 0.829899 -0.660439
v -0.543037 0.796816 -0.671599
v -0.524782 0.795479 -0.687934
v -0.157537 0.734308 -0.812583
v -0.027890 0.757242 -0.826198
v 0.609082 0.745987 -0.698875
v 0.650645 0.736113 -0.681020
v 0.557599 0.857506 -0.468997
v 0.567054 0.897785 -0.487461
v 0.063606 0.927717 -0.639212
v 0.076039 0.946108 -0.621845
v 0.032992 0.925195 -0.631036
v 0.006691 0.910185 -0.609983
v 0.014532 0.934790 -0.601627
v 0.046585 0.944689 -0.616063
v 0.029530 0.948301 -0.587871
v 0.488645 0.797437 -0.434720
v -0.239401 0.856822 0.233758
v -0.253367 0.905723 0.203405
v -0.269338 0.915230 0.173496
v -0.278470 0.897500 0.189367
v -0.297073 0.915144 0.168389
v -0.304133 0.897912 0.186145
v -0.289545 0.934320 0.157174
v 0.338952 0.218036 0.535493
v 0.259139 0.255405 0.546908
v 0.387392 0.182788 0.617538
v 0.321665 0.219399 0.624034
v 0.330366 0.106978 0.651786
v 0.272730 0.131559 0.679799
v 0.310517 0.100863 0.674403
v 0.314169 0.100917 0.745292
v 0.367739 0.080393 0.739030
v 0.385713 0.056340 0.796675
v 0.309657 0.096506 0.877981
v 0.288958 0.128545 0.879927
v 0.303610 0.149488 0.906818
v 0.312191 0.100766 0.909601
v 0.390964 0.169953 0.965387
v 0.427184 0.148220 0.961245
v 0.450104 0.124441 0.956263
v 0.345144 0.177413 0.990859
v 0.211734 0.184717 0.892561
v 0.034589 0.303334 0.861634
v 0.055887 0.413424 0.910326
v 0.102085 0.361355 0.912415
v 0.062058 0.413346 0.993243
v 0.318467 0.074325 0.992181
v 0.331142 0.047247 0.991660
v 0.318394 0.088627 0.972494
v 0.277467 0.105620 0.961403
v 0.328647 0.039697 0.936713
v 0.383861 0.032509 0.934876
v 0.408573 0.062210 0.938579
v 0.406694 0.079552 0.940569
v 0.382095 0.022179 0.925271
v 0.382056 0.033143 0.914632
v 0.427416 0.027426 0.906020
v 0.382912 0.037442 0.706062
v 0.363205 0.058458 0.766469
v 0.369010 0.047106 0.652611
v 0.303928 0.066913 0.709144
v 0.339855 0.065579 0.647020
v 0.315597 0.073403 0.481557
v 0.243155 0.095726 0.464680
v 0.135134 0.012705 0.463211
v -0.765609 0.000494 -0.478564
v -0.826646 0.074960 -0.655291
v -0.778751 0.250424 -0.460971
v -0.779652 0.422022 -0.465153
v -0.776477 0.146060 -0.041676
v -0.812674 0.142819 0.082742
v -0.806907 0.163109 0.167542
v -0.823951 0.148207 0.174886
v -0.834909 -0.018109 0.189361
v -0.838817 0.116001 0.018820
v -0.819968 0.131282 -0.026942
v -0.766597 0.095192 0.332244
v -0.748191 0.194794 0.233337
v -0.750572 0.188018 0.148070
v -0.734463 0.210219 0.224389
v -0.736717 0.199841 0.140788
v -0.764966 0.245763 -0.033760
v -0.785413 0.238470 -0.054028
v -0.757530 0.537581 -0.449562
v -0.739993 0.539352 -0.447815
v -0.707959 0.556057 -0.403592
v -0.724235 0.540587 -0.348948
v -0.735843 0.214018 0.297970
v -0.110217 0.374818 0.884400
v 0.211969 0.122958 0.913994
v 0.253009 0.110826 0.897846
v 0.289406 0.095496 0.711468
v -0.129317 0.069879 0.464011
v -0.152766 0.145610 0.479161
v -0.142968 0.218993 0.465968
v -0.132521 0.281414 0.474208
v -0.154275 0.100415 0.902934
v -0.496601 0.635449 0.504001
v -0.440425 0.698195 0.520110
v -0.401865 0.714183 0.515528
v -0.263681 0.533109 0.484238
v -0.213595 0.503330 0.506541
v -0.226771 0.467099 0.508260
v -0.195644 0.506890 0.525713
v -0.216474 0.437798 0.515377
v -0.194725 0.475992 0.535150
v -0.192393 0.541229 0.547541
v -0.151644 0.552634 0.535912
v -0.122350 0.514078 0.594379
v -0.104723 0.480443 0.606175
v -0.114263 0.516214 0.617904
v -0.011040 0.472759 0.645398
v -0.034526 0.350554 0.655948
v -0.027213 0.340197 0.684924
v 0.010215 0.309484 0.689527
v -0.016248 0.341793 0.717606
v 0.227181 0.102028 0.976075
v 0.234276 0.123097 0.964410
v 0.252090 0.034330 0.936374
v 0.210564 0.029778 0.935623
v 0.246300 0.031009 0.921965
v 0.123334 0.145216 0.956678
v 0.104688 0.160872 0.958245
v 0.074787 0.008119 0.932917
v 0.120622 0.017531 0.935886
v 0.154915 0.027867 0.925993
v 0.076161 0.015296 0.926136
v 0.151889 0.044568 0.919320
v 0.013175 0.015152 0.928239
v -0.075569 0.014418 0.929885
v -0.103236 0.011748 0.930790
v -0.125969 0.025486 0.927291
v -0.129082 -0.006422 0.986810
v -0.092190 -0.003443 0.990134
v -0.030773 0.014208 0.985392
v -0.031834 0.030969 0.983441
v -0.029299 0.032894 0.982875
v -0.034709 0.029324 0.983917
v -0.036278 0.043329 0.983343
v -0.026702 0.033086 0.982874
v -0.067050 0.050373 0.983053
v -0.021483 0.033472 0.982870
v -0.009952 0.034324 0.982860
v 0.073441 0.231108 0.974194
v 0.075047 0.252860 0.971232
v 0.088694 0.239127 0.966918
v 0.081763 0.254635 0.958755
v 0.062917 0.268044 0.973445
v -0.036897 0.013135 0.933552
v -0.048269 0.011666 0.983167
v -0.047182 -0.007277 0.988677
v -0.027615 -0.005378 0.988635
v -0.036926 0.012132 0.986488
v -0.031602 0.012352 0.988047
v -0.048404 0.274892 0.974600
v -0.025285 0.275209 0.974470
v -0.053895 0.287621 0.962631
v -0.030198 0.285993 0.964011
v -0.056702 0.272914 0.951911
v -0.084202 0.286560 0.961360
v -0.218215 0.060768 0.996034
v -0.236201 0.085342 0.980314
v -0.218278 0.185628 0.995838
v -0.238150 0.236969 0.997100
v -0.248089 0.232286 0.980856
v -0.272058 0.269343 0.993324
v -0.280021 0.408211 0.876685
v -0.208895 0.433236 0.908408
v -0.114404 0.402701 0.667552
v -0.074512 0.392913 0.650615
v -0.186342 0.433225 0.606969
v -0.188701 0.487510 0.627026
v -0.418007 0.445853 0.410852
v -0.422836 0.414099 0.434759
v -0.408509 0.412628 0.424034
v -0.316914 0.408200 0.422509
v -0.309715 0.423649 0.412005
v -0.601525 0.561497 0.571787
v -0.418190 0.267112 0.991394
v -0.333927 0.276289 0.941228
v -0.295414 0.258526 0.942953
v -0.266433 0.224498 0.940902
v -0.270232 0.173304 0.918838
v -0.250670 0.052035 0.932360
v -0.426781 0.021455 0.915770
v -0.506434 0.012424 0.998995
v 0.152259 0.216794 0.694935
v 0.189476 0.184554 0.722092
v 0.011288 0.398583 0.620100
v -0.002305 0.386583 0.600260
v -0.066309 0.436879 0.597643
v -0.076522 0.445377 0.543147
v -0.131655 0.493198 0.514832
v -0.126402 0.507625 0.502036
v 0.059059 0.358376 0.520721
v 0.119356 0.316454 0.515772
v 0.123757 0.335368 0.504137
v 0.188628 0.293657 0.512652
v 0.199203 0.290178 0.600856
v -0.169480 0.559025 0.601709
v -0.243144 0.579611 0.506045
v -0.669658 -0.024115 -0.985625
v -0.723764 -0.012337 -0.996992
v 0.603241 0.636302 0.363377
v 0.611629 0.630944 0.251666
v 0.599221 0.644728 0.298906
v -0.466752 0.561388 -0.779404
v -0.290948 0.931889 -0.283317
v -0.276593 0.924456 -0.306734
v -0.300743 0.944173 -0.289456
v -0.257519 0.923220 -0.334540
v -0.255532 0.937707 -0.362246
v -0.250503 0.924016 -0.357904
v -0.262549 0.950692 -0.370920
v -0.297852 0.961675 -0.358880
v -0.315087 0.965088 -0.331553
v -0.323380 0.988261 -0.339465
v -0.308318 0.982502 -0.369682
v -0.302150 0.948398 -0.322928
v -0.312385 1.103100 -0.284254
v -0.316339 1.098406 -0.310732
v -0.274398 1.122515 -0.264944
v -0.229700 1.128328 -0.216113
v -0.198643 1.143051 -0.247231
v -0.250181 1.095118 -0.186836
v -0.220938 1.107039 -0.188756
v -0.214030 1.083356 -0.164366
v -0.183943 1.072423 -0.070169
v -0.065420 1.076167 -0.071014
v -0.188119 1.088768 -0.052668
v -0.106980 0.925609 0.057484
v -0.078737 0.923049 0.038493
v 0.080635 1.061587 0.037883
v 0.086177 1.062585 -0.038283
v 0.080771 0.981333 -0.037247
v 0.038089 0.962605 -0.054491
v 0.035851 0.978303 -0.070716
v 0.025275 0.955307 -0.061288
v 0.081437 0.987936 0.037835
v 0.054407 0.976395 0.049812
v -0.312569 1.004321 0.048249
v -0.312119 0.981472 0.037304
v -0.310881 0.965122 0.020988
v -0.328771 1.012431 0.033508
v -0.327956 0.990705 0.027023
v -0.323244 0.974418 0.015160
v -0.324493 0.988805 -0.030637
v -0.312473 0.983493 -0.041318
v -0.304309 0.995751 -0.056055
v -0.295647 0.964158 -0.037687
v -0.287706 0.976935 -0.056509
v -0.235989 0.938028 0.012890
v -0.292402 0.991520 -0.065859
v -0.281513 1.001227 -0.083004
v -0.306653 1.014868 -0.060721
v -0.304249 1.037418 -0.064501
v -0.316849 1.046716 -0.049387
v -0.307422 1.071380 -0.047035
v -0.330119 1.034503 0.034919
v -0.276948 1.074444 -0.061970
v -0.287925 1.089814 -0.040682
v -0.224646 1.088944 -0.049963
v -0.243457 1.068141 -0.071034
v -0.256662 1.047735 -0.084756
v -0.241559 1.075281 -0.162786
v -0.272322 1.075945 -0.188035
v -0.286243 1.029202 -0.167282
v -0.310864 1.022043 -0.207781
v -0.320150 0.976614 -0.230389
v -0.244182 1.143753 -0.294910
v -0.285284 1.124594 -0.317735
v -0.235678 0.960099 -0.198380
v -0.023706 1.026258 -0.128375
v -0.025234 1.025806 -0.114778
v -0.039980 1.040834 -0.126066
v -0.033415 1.045870 -0.138224
v 0.103723 0.992997 -0.209201
v 0.126090 0.991076 -0.237427
v 0.129796 1.013959 -0.231137
v 0.123757 0.971332 -0.244239
v 0.092982 0.955925 -0.227894
v -0.363423 0.946496 -0.578584
v -0.144898 0.762838 -0.672519
v 0.423447 0.934545 -0.189525
v 0.379236 0.915573 0.034438
v -0.331780 0.917720 0.114042
v 0.156183 0.977119 -0.439794
v 0.185794 0.990543 -0.424307
v 0.186277 0.978873 -0.421506
v -0.360149 0.742496 -0.350270
v -0.379548 0.739210 -0.366466
v -0.377523 0.756071 -0.371754
v -0.350290 0.731345 -0.357520
v -0.368704 0.725891 -0.373861
v -0.337533 0.719888 -0.367398
v -0.371545 0.708630 -0.402846
v -0.383336 0.715185 -0.422528
v -0.241603 0.721366 -0.470307
v -0.227986 0.726435 -0.480447
v -0.233769 0.750709 -0.505252
v -0.259707 0.729578 -0.408768
v -0.244386 0.731286 -0.422696
v -0.275210 0.726247 -0.394144
v -0.273137 0.750435 -0.389372
v -0.320146 0.730173 -0.357028
v -0.387226 0.771097 -0.401054
v -0.370863 0.771902 -0.380048
v -0.399576 0.767333 -0.423492
v -0.332837 0.783954 -0.418918
v -0.327259 0.793633 -0.431833
v -0.317308 0.789016 -0.439124
v -0.311461 0.798250 -0.425862
v -0.308932 0.797565 -0.443012
v -0.322613 0.821593 -0.415945
v -0.313028 0.822620 -0.412063
v -0.308648 0.823624 -0.431288
v -0.087049 1.177107 -0.364980
v -0.083682 1.190327 -0.364505
v -0.073976 1.173577 -0.364846
v -0.070338 1.187813 -0.364293
v 0.273822 0.968573 -0.414529
v 0.301241 0.982494 -0.410432
v 0.294432 0.966261 -0.405041
v 0.287288 0.978783 -0.397247
v 0.308326 0.961963 -0.387249
v 0.298632 0.976069 -0.381961
v 0.188939 1.037317 -0.281784
v 0.312129 0.987524 -0.050856
v 0.311581 0.973421 -0.050788
v 0.304836 0.970773 -0.054465
v 0.290097 0.971265 -0.024414
v 0.303841 0.982682 -0.057059
v 0.288679 0.985497 -0.025184
v 0.183775 0.981438 -0.030854
v -0.078934 1.119586 -0.112425
v -0.074980 1.119259 -0.116092
v -0.082083 1.119354 -0.118176
v 0.439152 0.013034 0.660522
v -0.494659 0.189467 0.961042
v -0.554735 0.176458 0.963158
v -0.712596 0.561138 0.183451
vn 0.1039 -0.4680 -0.8776
vn 0.5576 -0.7142 0.4232
vn 0.0048 -0.9750 0.2222
vn 0.3286 -0.7860 0.5237
vn 0.8829 -0.1458 -0.4463
vn 0.3923 -0.1606 -0.9057
vn -0.2807 -0.8014 0.5282
vn 0.5412 -0.6230 0.5648
vn 0.7303 -0.6804 0.0608
vn 0.0009 -0.9979 -0.0644
vn -0.7964 -0.4809 -0.3667
vn -0.8111 -0.4103 0.4169
vn -0.3486 -0.7527 0.5585
vn -0.6993 -0.6675 0.2558
vn -0.0636 -0.9956 0.0683
vn -0.0599 -0.9944 0.0873
vn -0.1453 -0.9841 0.1018
vn -0.4416 -0.8759 0.1944
vn -0.7878 0.5770 -0.2158
vn -0.3603 0.8128 -0.4578
vn -0.3427 0.6249 -0.7014
vn -0.8558 0.2825 -0.4333
vn 0.7565 -0.1670 0.6323
vn 0.0425 -0.9190 0.3920
vn 0.3495 -0.9190 -0.1828
vn 0.1546 -0.5146 -0.8434
vn 0.8090 0.2611 -0.5266
vn 0.5995 0.1026 0.7938
vn 0.3056 -0.7155 0.6283
vn 0.3666 -0.4309 0.8246
vn 0.6343 -0.6008 0.4865
vn 0.7033 0.6185 -0.3505
vn 0.7268 -0.6812 -0.0879
vn -0.6010 0.3337 0.7262
vn -0.7176 -0.4953 0.4897
vn -0.6953 0.1605 0.7006
vn -0.5667 0.3972 -0.7218
vn -0.6303 -0.3188 -0.7079
vn -0.9807 -0.0954 -0.1708
vn -0.3504 -0.2755 -0.8951
vn 0.1657 -0.8787 -0.4478
vn 0.2031 -0.6282 0.7511
vn -0.2710 -0.8461 0.4590
vn 0.1674 -0.4940 0.8532
vn 0.3310 0.5515 0.7657
vn 0.2159 0.8565 0.4688
vn -0.5249 0.0198 0.8510
vn 0.0147 0.7368 0.6759
vn 0.6800 -0.2272 0.6971
vn 0.0404 0.3213 0.9461
vn 0.0376 0.5209 0.8528
vn 0.3173 0.0938 0.9437
vn 0.3378 0.4717 0.8145
vn 0.7040 0.3606 0.6118
vn 0.4529 0.3563 0.8173
vn -0.4222 0.5088 0.7502
vn -0.6069 0.2089 0.7668
vn -0.6014 0.1864 0.7769
vn -0.6027 0.2620 0.7538
vn 0.2346 0.4331 0.8703
vn -0.0325 -0.6745 -0.7375
vn 0.1246 -0.8183 0.5612
vn -0.0310 -0.9725 0.2307
vn -0.2216 -0.6586 0.7191
vn -0.2006 -0.6106 0.7661
vn -0.5071 -0.0622 0.8597
vn 0.3129 -0.1415 -0.9392
vn 0.2327 0.6177 0.7512
vn 0.4600 0.7353 -0.4977
vn 0.5981 0.6415 0.4804
vn 0.3916 0.5076 -0.7675
vn -0.4106 -0.9007 0.1418
vn 0.4302 -0.5834 0.6889
vn -0.6011 -0.3686 0.7091
vn 0.6177 0.3583 -0.7000
vn 0.6026 0.3127 -0.7342
vn 0.6329 0.5283 -0.5660
vn 0.6811 0.7143 -0.1611
vn 0.4459 0.7676 -0.4604
vn 0.3893 0.6589 -0.6436
vn 0.6937 0.6980 -0.1780
vn 0.6575 0.7527 0.0346
vn 0.3670 0.7858 -0.4978
vn 0.5878 -0.2362 0.7738
vn 0.9311 -0.3006 0.2066
vn 0.8814 -0.4206 0.2150
vn 0.0804 -0.8502 0.5204
vn 0.4000 -0.7808 -0.4799
vn 0.9228 -0.1115 -0.3688
vn 0.4594 -0.6239 0.6322
vn 0.4317 -0.0106 0.9020
vn 0.9301 -0.0327 0.3658
vn 0.7304 -0.1315 0.6703
vn 0.6838 -0.1958 0.7029
vn 0.4298 0.5287 -0.7320
vn 0.6303 0.5678 -0.5294
vn 0.6342 0.6785 -0.3708
vn 0.2382 0.9711 -0.0167
vn 0.4658 0.7071 -0.5321
vn 0.6792 -0.2084 0.7037
vn 0.8205 0.5671 -0.0726
vn 0.2989 0.9157 0.2685
vn 0.3704 0.7902 -0.4883
vn 0.4023 0.6429 -0.6518
vn 0.2563 0.6969 -0.6698
vn 0.4377 0.7787 -0.4494
vn 0.1632 0.7205 -0.6739
vn 0.1407 0.7357 -0.6625
vn 0.1765 0.7161 -0.6753
vn 0.3743 0.4436 -0.8143
vn 0.0236 0.1972 -0.9801
vn -0.5110 0.4519 -0.7312
vn 0.4669 0.8654 0.1821
vn -0.0235 0.8256 -0.5638
vn 0.2985 -0.0211 -0.9542
vn -0.1117 0.7718 -0.6260
vn 0.4450 0.1367 -0.8851
vn 0.2468 0.8409 -0.4817
vn 0.6453 0.1855 -0.7411
vn 0.6700 0.6798 0.2982
vn 0.3990 0.6168 -0.6785
vn -0.6055 -0.5926 0.5312
vn -0.6347 -0.1305 -0.7616
vn -0.5850 -0.3075 0.7505
vn -0.8016 -0.0792 0.5926
vn -0.1153 0.9921 -0.0504
vn -0.2020 0.9768 -0.0706
vn -0.2175 0.9748 -0.0494
vn -0.7363 0.6735 0.0647
vn -0.7374 0.5731 0.3576
vn -0.4933 0.6893 0.5305
vn -0.1499 0.8475 0.5092
vn -0.1551 0.9241 0.3493
vn -0.2037 0.8513 0.4835
vn -0.2372 0.7086 0.6646
vn -0.3779 0.3237 0.8674
vn -0.7193 0.1425 0.6800
vn -0.7844 -0.3647 0.5017
vn -0.6276 -0.6515 0.4262
vn -0.5465 -0.3919 0.7401
vn -0.4735 0.5129 0.7161
vn -0.4220 0.6563 0.6254
vn -0.5872 0.3291 0.7395
vn 0.9673 -0.2529 -0.0203
vn 0.5534 -0.8314 0.0499
vn 0.2944 -0.6719 0.6797
vn 0.7013 0.0605 0.7103
vn 0.7368 0.2670 0.6212
vn 0.7363 0.2298 0.6365
vn 0.7111 0.2455 0.6589
vn 0.7762 0.3518 0.5232
vn 0.8739 0.4580 0.1632
vn 0.7185 0.6907 -0.0815
vn 0.8841 0.4645 0.0515
vn 0.6593 0.5992 -0.4542
vn 0.7759 -0.0471 -0.6292
vn 0.6664 -0.5823 -0.4657
vn -0.7974 -0.1324 0.5887
vn 0.7365 0.6553 0.1678
vn -0.5477 -0.7640 -0.3409
vn -0.8174 -0.4771 -0.3228
vn -0.7071 0.4810 -0.5183
vn -0.1549 0.3331 -0.9301
vn 0.4928 0.3043 -0.8152
vn 0.6048 -0.3446 -0.7180
vn -0.6401 0.3031 -0.7060
vn 0.6105 -0.5612 -0.5588
vn 0.5327 -0.3121 -0.7867
vn 0.7342 -0.4035 0.5460
vn -0.0473 0.0456 -0.9978
vn 0.0893 -0.6551 -0.7503
vn 0.2507 -0.6739 -0.6950
vn 0.2488 -0.7169 -0.6513
vn 0.8590 -0.3161 -0.4027
vn 0.8488 0.0024 -0.5288
vn 0.9164 0.2408 -0.3198
vn 0.7715 0.3540 -0.5286
vn 0.6857 0.1394 -0.7144
vn 0.1669 0.8884 -0.4276
vn 0.1627 0.5430 -0.8238
vn 0.0897 0.7043 -0.7042
vn -0.8747 0.3758 -0.3060
vn -0.4438 0.1000 -0.8905
vn -0.1262 0.0242 -0.9917
vn -0.0747 0.0216 -0.9970
vn -0.1210 -0.9639 -0.2371
vn -0.1153 -0.8961 -0.4286
vn -0.3239 -0.8812 -0.3443
vn -0.5080 -0.8584 0.0713
vn -0.3761 -0.9264 -0.0188
vn 0.5056 -0.1566 0.8485
vn -0.3068 -0.7145 0.6287
vn -0.6242 -0.5777 0.5259
vn 0.7976 0.1992 0.5693
vn 0.2626 -0.9386 0.2237
vn -0.1673 0.7674 -0.6190
vn 0.0798 0.9949 0.0609
vn -0.4358 0.8549 -0.2814
vn -0.1952 0.7712 -0.6059
vn 0.4848 0.8654 -0.1263
vn 0.7781 0.1853 -0.6003
vn 0.6799 0.1250 -0.7226
vn 0.2473 0.4853 -0.8386
vn 0.3732 0.7558 -0.5380
vn 0.4580 0.6868 -0.5644
vn 0.2012 0.7461 -0.6347
vn 0.4343 -0.0519 -0.8993
vn 0.5219 0.7710 0.3649
vn 0.7107 0.6948 0.1101
vn 0.4472 0.8378 -0.3132
vn 0.3527 -0.8437 0.4047
vn 0.2183 0.8793 0.4234
vn 0.2806 0.8340 0.4751
vn 0.2623 0.8204 0.5081
vn -0.2441 -0.8327 0.4970
vn -0.5629 -0.7665 0.3093
vn -0.0377 -0.9872 -0.1550
vn -0.1059 -0.7130 0.6931
vn 0.4350 0.3636 0.8238
vn 0.4282 0.8384 0.3372
vn 0.2685 0.7694 0.5796
vn 0.4582 -0.6313 0.6257
vn 0.3600 -0.7548 0.5483
vn 0.5848 -0.4888 0.6474
vn -0.9659 0.2390 0.0996
vn -0.9503 -0.1460 0.2751
vn -0.8808 -0.3139 0.3545
vn -0.4978 0.7655 0.4077
vn -0.7007 -0.3783 0.6049
vn -0.8761 -0.3191 0.3613
vn -0.5227 0.8132 0.2559
vn -0.6240 0.5694 0.5352
vn -0.5579 0.0504 0.8284
vn 0.4337 -0.3474 0.8314
vn 0.0089 -0.9372 0.3488
vn 0.0683 -0.4801 0.8745
vn -0.5222 -0.0035 0.8528
vn -0.4967 -0.1010 0.8620
vn -0.5092 -0.1668 0.8443
vn -0.1837 -0.4142 0.8915
vn -0.0787 -0.4338 0.8975
vn -0.4492 -0.6574 0.6050
vn 0.0784 -0.6756 0.7331
vn 0.1662 0.6808 0.7134
vn 0.5167 -0.0541 0.8545
vn 0.4680 -0.3354 0.8176
vn 0.4505 0.2964 0.8421
vn 0.2256 0.4530 0.8625
vn 0.7402 0.6293 0.2368
vn 0.5284 0.8382 0.1351
vn 0.7022 0.6163 0.3566
vn 0.3470 0.7242 0.5959
vn -0.0070 0.3883 0.9215
vn -0.9011 0.4321 -0.0360
vn -0.3181 0.9285 0.1913
vn 0.5284 0.2392 0.8146
vn 0.4111 0.3049 0.8591
vn 0.7364 -0.2637 0.6230
vn 0.7367 -0.3705 0.5657
vn 0.3868 -0.5602 0.7325
vn 0.3368 -0.5099 0.7916
vn 0.4191 -0.4372 0.7958
vn 0.4810 0.4148 0.7724
vn -0.6427 0.7041 -0.3020
vn -0.5022 0.6419 0.5794
vn -0.5443 0.7464 0.3829
vn -0.8725 0.0732 0.4830
vn -0.8694 0.0342 0.4929
vn -0.8613 -0.0154 0.5078
vn -0.5266 0.0009 0.8501
vn 0.1681 0.5576 0.8129
vn 0.1303 0.4526 0.8821
vn 0.7001 0.3669 0.6125
vn 0.1968 0.7699 0.6071
vn 0.0228 0.9187 -0.3944
vn 0.0371 0.9059 -0.4219
vn 0.0051 0.8080 -0.5891
vn 0.0440 0.8012 -0.5968
vn -0.6293 -0.6383 -0.4433
vn 0.4811 0.6542 0.5836
vn 0.3671 0.4109 0.8345
vn 0.7980 0.4888 0.3526
vn 0.7940 0.5343 0.2899
vn 0.3274 0.8467 0.4195
vn 0.4045 0.8153 -0.4144
vn 0.7426 0.3497 -0.5712
vn 0.7578 0.3482 -0.5518
vn 0.4823 0.7068 -0.5175
vn -0.2053 -0.5939 0.7779
vn -0.2285 -0.7795 0.5833
vn -0.1407 -0.4627 0.8753
vn 0.5420 0.7684 0.3402
vn 0.4899 0.7977 -0.3517
vn 0.9177 -0.2390 0.3172
vn -0.0010 0.1341 -0.9910
vn -0.0944 0.8531 -0.5131
vn -0.2682 0.8542 -0.4454
vn -0.6214 0.1081 -0.7760
vn 0.1194 -0.4440 0.8881
vn 0.8779 -0.4085 0.2499
vn 0.1673 -0.7375 0.6543
vn -0.0829 -0.5564 0.8267
vn -0.2730 -0.9552 0.1143
vn -0.1399 -0.7174 0.6825
vn -0.1069 -0.2211 0.9694
vn -0.5076 0.6298 -0.5880
vn -0.5876 0.8088 0.0222
vn -0.6119 0.5032 -0.6102
vn -0.5420 0.6447 -0.5390
vn -0.4094 0.7488 -0.5212
vn -0.7839 0.2783 -0.5550
vn -0.3488 0.3894 -0.8525
vn -0.3861 0.6789 -0.6245
vn -0.7670 0.6333 -0.1030
vn -0.6225 0.7640 -0.1696
vn -0.1650 0.7458 -0.6454
vn -0.4829 -0.8695 0.1041
vn 0.3389 0.7317 -0.5914
vn 0.4000 0.2483 -0.8822
vn 0.9104 0.2913 -0.2938
vn 0.3979 0.6675 -0.6294
vn -0.3768 0.8895 0.2585
vn -0.1929 0.6109 0.7678
vn -0.6889 0.5842 0.4290
vn -0.3184 -0.4001 0.8594
vn -0.6452 -0.7211 0.2526
vn -0.6803 -0.7030 0.2075
vn 0.0893 -0.9742 0.2074
vn -0.4857 0.8636 -0.1354
vn -0.8325 0.4564 -0.3141
vn -0.5644 0.6641 -0.4904
vn 0.3666 -0.8968 -0.2476
vn 0.8312 -0.5406 -0.1299
vn 0.5246 0.6952 0.4914
vn 0.7409 0.2134 0.6369
vn 0.7484 0.2574 0.6113
vn 0.6847 0.5662 0.4590
vn 0.2549 0.9017 0.3494
vn 0.7484 0.6615 0.0491
vn 0.5640 0.8237 0.0578
vn 0.2700 0.9404 -0.2067
vn 0.4867 0.7360 -0.4706
vn -0.1311 -0.6235 -0.7708
vn 0.0903 0.1201 -0.9886
vn 0.4778 0.3666 -0.7983
vn 0.7260 0.5428 -0.4222
vn 0.6976 -0.5795 -0.4214
vn 0.0005 -0.8125 0.5830
vn -0.7162 -0.4674 0.5183
vn -0.6469 -0.1268 0.7519
vn -0.6551 -0.1546 0.7396
vn -0.3462 0.0472 0.9370
vn 0.5868 -0.6179 0.5234
vn 0.0177 -0.9327 0.3603
vn -0.1062 -0.1068 0.9886
vn 0.0225 0.4091 0.9122
vn 0.2939 0.5808 0.7591
vn 0.4972 -0.1751 0.8498
vn 0.3921 -0.4201 0.8184
vn 0.5834 -0.1067 0.8051
vn 0.2203 -0.0496 0.9742
vn 0.2464 -0.0586 0.9674
vn -0.0216 -0.8129 0.5819
vn 0.0265 -0.8287 0.5590
vn -0.9051 0.3823 0.1861
vn -0.5421 0.1797 0.8209
vn -0.7500 -0.2600 0.6082
vn -0.2941 0.8247 0.4832
vn -0.2878 0.7626 0.5794
vn -0.6124 0.7758 0.1521
vn -0.0885 0.9017 0.4231
vn 0.0763 0.8396 0.5378
vn -0.4086 0.4371 0.8013
vn 0.2162 0.6237 0.7512
vn 0.6804 0.4231 0.5983
vn 0.5100 0.7372 0.4431
vn -0.4616 0.6016 0.6519
vn -0.5391 0.3575 0.7626
vn -0.5447 0.3529 0.7608
vn -0.5675 -0.8103 -0.1464
vn -0.3916 -0.7663 -0.5093
vn -0.7678 -0.1552 -0.6216
vn -0.8972 -0.3306 -0.2927
vn 0.4101 0.9114 -0.0352
vn 0.2367 0.9431 -0.2335
vn 0.1496 0.9687 -0.1980
vn 0.0435 0.9289 -0.3678
vn 0.1984 0.9313 -0.3055
vn -0.0481 -0.8650 0.4994
vn -0.0687 -0.7841 -0.6169
vn 0.0060 -0.4976 -0.8674
vn 0.1156 -0.7392 -0.6635
vn -0.4948 0.7742 0.3947
vn -0.0005 0.6933 -0.7207
vn 0.4949 0.6062 -0.6225
vn 0.4543 0.7668 -0.4535
vn -0.0108 0.7153 -0.6987
vn -0.2299 0.8161 0.5302
vn -0.2924 0.8001 0.5238
vn -0.7137 0.6333 0.2991
vn -0.5085 0.7046 0.4949
vn -0.3783 0.8520 0.3619
vn 0.3846 0.8208 0.4225
vn -0.8316 0.4014 0.3839
vn -0.7438 0.6596 0.1080
vn -0.6100 0.4986 -0.6158
vn -0.7266 0.3180 -0.6090
vn -0.7236 0.3201 -0.6115
vn -0.8211 0.1042 -0.5612
vn -0.8194 -0.2296 -0.5252
vn -0.8707 -0.3533 -0.3421
vn -0.6204 -0.6100 -0.4929
vn -0.8687 -0.1736 -0.4639
vn -0.1544 -0.6485 -0.7454
vn -0.7165 -0.0884 -0.6920
vn -0.6839 0.0586 0.7272
vn -0.4931 -0.8559 0.1556
vn -0.8512 -0.5156 0.0981
vn -0.9256 -0.2388 0.2935
vn -0.9385 -0.0961 0.3316
vn -0.9288 0.0289 0.3694
vn -0.6638 0.7378 0.1227
vn -0.8667 0.3790 0.3244
vn -0.8923 -0.0979 -0.4407
vn -0.6103 0.7895 0.0650
vn -0.3633 0.9303 0.0496
vn 0.5409 0.8402 -0.0373
vn 0.5651 0.8228 -0.0604
vn 0.5521 0.8337 -0.0093
vn 0.6014 0.7937 -0.0919
vn 0.1089 0.8495 -0.5163
vn 0.0043 0.9839 -0.1786
vn -0.0095 0.9496 -0.3132
vn -0.0207 0.9690 -0.2462
vn -0.0281 0.9714 -0.2358
vn -0.0151 0.9911 -0.1326
vn 0.0080 0.8999 0.4360
vn -0.0134 0.9090 0.4166
vn -0.0398 0.9643 0.2618
vn 0.1556 -0.5340 0.8310
vn 0.9284 0.3476 -0.1313
vn 0.5303 0.8439 -0.0813
vn -0.1766 0.8006 0.5725
vn -0.4172 0.7370 0.5317
vn -0.2978 0.9534 0.0479
vn 0.0040 0.9978 0.0660
vn -0.1672 0.9235 0.3453
vn -0.4701 0.8491 0.2411
vn -0.5303 0.8459 -0.0566
vn -0.3724 0.9242 0.0846
vn -0.6140 0.7694 -0.1762
vn -0.9109 -0.2634 -0.3178
vn -0.8554 0.3225 -0.4054
vn 0.1725 0.8311 -0.5286
vn 0.1368 0.9904 0.0199
vn 0.0417 0.9917 0.1218
vn 0.0615 0.8423 -0.5354
vn -0.0689 0.9712 0.2279
vn -0.4107 0.8987 -0.1539
vn -0.3868 0.8815 0.2708
vn 0.1092 0.8425 0.5275
vn 0.1946 0.8361 0.5129
vn 0.5136 0.6761 0.5283
vn 0.4542 0.7104 0.5377
vn 0.6067 0.7057 -0.3658
vn 0.5611 0.6526 0.5092
vn 0.6584 0.7514 -0.0432
vn 0.6924 0.7205 0.0374
vn 0.4748 0.7938 -0.3801
vn -0.0526 0.8569 -0.5128
vn -0.1397 0.9069 -0.3975
vn -0.2734 0.6764 -0.6839
vn -0.3521 0.8078 -0.4728
vn -0.0471 0.7601 -0.6481
vn -0.0694 0.7715 -0.6324
vn -0.1235 0.8109 -0.5720
vn -0.6447 0.6279 -0.4361
vn -0.4120 0.9109 -0.0237
vn -0.4747 0.7662 -0.4331
vn -0.0058 0.6432 -0.7657
vn -0.0545 0.6242 -0.7794
vn 0.1852 0.7983 -0.5731
vn 0.3792 0.8379 -0.3925
vn 0.3698 0.8835 -0.2877
vn 0.8179 0.5380 -0.2040
vn 0.4390 0.7350 -0.5167
vn 0.0118 0.7961 -0.6051
vn 0.0211 0.8045 -0.5935
vn -0.3628 0.8006 -0.4768
vn -0.5576 0.8300 0.0169
vn -0.5268 0.8488 -0.0455
vn -0.5210 0.6931 0.4981
vn -0.6499 0.6318 0.4225
vn -0.4205 0.6701 -0.6118
vn -0.4381 0.8183 -0.3720
vn 0.1747 0.9773 -0.1196
vn 0.7282 0.6686 -0.1508
vn 0.6523 0.7580 -0.0053
vn 0.3518 0.9300 0.1062
vn 0.2899 0.9531 0.0864
vn 0.7364 0.6490 0.1909
vn 0.5045 0.8311 0.2341
vn 0.2932 0.7695 0.5673
vn -0.0108 0.9019 0.4318
vn 0.0087 0.9294 0.3691
vn -0.0300 0.3399 0.9400
vn -0.3259 0.8478 0.4184
vn -0.4024 0.8978 0.1789
vn -0.4286 0.9027 -0.0384
vn -0.3747 0.9261 -0.0451
vn -0.8081 0.5864 -0.0559
vn -0.5849 0.7824 -0.2141
vn -0.4039 0.7135 -0.5725
vn -0.6794 0.5300 -0.5075
vn 0.4272 0.8255 -0.3688
vn 0.4139 0.9077 -0.0688
vn 0.3678 0.7398 -0.5634
vn -0.6975 0.4042 -0.5918
vn -0.7054 -0.5438 0.4546
vn -0.9277 -0.3709 0.0433
vn -0.9383 -0.3376 -0.0750
vn -0.8982 0.4394 0.0074
vn -0.7540 0.4640 0.4649
vn -0.1514 0.6653 0.7311
vn -0.9912 -0.1029 -0.0833
vn -0.5054 -0.1667 -0.8466
vn 0.6981 -0.1859 0.6914
vn 0.8647 -0.2486 -0.4365
vn 0.0914 -0.6135 -0.7844
vn 0.2583 -0.7870 -0.5602
vn 0.2399 -0.8701 -0.4305
vn 0.1652 -0.8434 -0.5112
vn -0.6672 0.4853 0.5652
vn 0.4029 0.6585 0.6357
vn -0.4261 0.6362 0.6432
vn 0.1474 0.8989 0.4126
vn 0.2322 0.8546 0.4644
vn 0.6484 0.7529 -0.1129
vn -0.0381 0.7487 0.6618
vn 0.4859 0.8686 0.0973
vn -0.3654 0.7257 -0.5830
vn -0.2619 0.8047 0.5328
vn 0.2043 0.5991 0.7742
vn -0.8983 0.1626 0.4083
vn -0.2355 0.2578 -0.9370
vn 0.7608 0.6119 -0.2163
vn 0.6207 0.5354 -0.5727
vn -0.7322 -0.2663 -0.6268
vn -0.7718 0.6350 -0.0335
vn -0.4231 -0.9039 -0.0625
vn -0.1935 0.8092 0.5548
vn -0.4373 0.4982 0.7487
vn -0.7379 0.2012 0.6442
vn -0.1121 -0.6237 -0.7736
vn 0.0260 -0.8423 0.5384
vn -0.8381 0.0958 -0.5371
vn -0.7952 -0.4093 -0.4474
vn -0.6103 -0.7841 0.1127
vn -0.6271 -0.1577 0.7628
vn -0.8214 0.5663 -0.0672
vn -0.8168 0.5740 -0.0580
vn -0.9400 0.3391 -0.0363
vn -0.9060 0.4232 0.0049
vn -0.6495 0.7601 -0.0209
vn -0.2590 0.8538 -0.4517
vn 0.9711 -0.0915 -0.2202
vn 0.4394 0.4907 -0.7524
vn 0.6579 0.6352 -0.4046
vn 0.8127 0.4952 -0.3072
vn 0.2911 0.6093 -0.7376
vn -0.5045 0.1732 -0.8458
vn -0.5477 0.3144 -0.7753
vn -0.0963 0.4640 -0.8806
vn -0.8386 0.0566 -0.5419
vn -0.6295 -0.0179 -0.7768
vn -0.8679 -0.0740 -0.4912
vn -0.8287 0.5590 -0.0267
vn -0.8271 0.3364 -0.4503
vn 0.5384 0.1517 0.8289
vn 0.0995 0.6565 0.7477
vn -0.4277 0.8679 -0.2527
vn 0.8573 0.0049 -0.5148
vn 0.4394 0.4020 -0.8034
vn -0.1455 0.0396 -0.9886
vn -0.3609 0.0306 -0.9321
vn -0.4040 0.2968 -0.8653
vn 0.4013 0.0387 -0.9151
vn -0.4668 0.6145 -0.6360
vn -0.9019 0.3020 -0.3087
vn -0.7669 0.2176 -0.6038
vn 0.6770 0.6680 0.3089
vn 0.5730 0.7548 0.3193
vn -0.2301 0.8649 -0.4460
vn -0.3663 0.5807 -0.7271
vn -0.5868 0.4684 -0.6605
vn -0.5710 0.4671 -0.6751
vn -0.5753 0.4676 -0.6711
vn 0.8775 0.0647 -0.4752
vn 0.3886 0.2886 -0.8750
vn -0.8153 0.5786 -0.0235
vn 0.0076 -0.6100 0.7924
vn 0.1786 -0.9678 -0.1773
vn -0.2604 0.1692 -0.9506
vn -0.5819 0.7351 -0.3478
vn 0.4232 -0.9022 -0.0830
vn 0.5678 -0.8018 -0.1865
vn 0.9058 -0.3597 -0.2238
vn 0.4357 -0.4045 0.8041
vn -0.4734 -0.4224 0.7730
vn -0.0095 -0.4112 0.9115
vn 0.2282 -0.3128 0.9220
vn -0.5173 0.5826 0.6269
vn -0.8537 0.4048 0.3275
vn -0.9775 -0.1601 0.1373
vn -0.6699 -0.5621 0.4851
vn -0.5262 0.0055 0.8503
vn -0.0990 -0.5073 0.8561
vn -0.7219 0.4795 0.4989
vn 0.0415 0.7749 0.6308
vn -0.4396 0.8885 0.1318
vn -0.6067 -0.2055 -0.7679
vn -0.2166 0.8685 0.4459
vn -0.2469 0.9690 -0.0088
vn -0.0635 0.9250 0.3746
vn -0.9053 0.4243 -0.0171
vn -0.6432 0.7640 -0.0512
vn -0.9192 0.3929 -0.0266
vn -0.5331 0.6505 0.5410
vn -0.2506 0.9011 0.3538
vn -0.7754 0.6240 0.0969
vn 0.3079 0.8759 0.3716
vn 0.3725 0.6272 -0.6840
vn 0.4583 -0.0086 -0.8888
vn 0.4765 0.2192 -0.8514
vn -0.2293 0.3385 -0.9126
vn 0.0768 0.9060 -0.4162
vn -0.4385 0.8888 0.1332
vn -0.7773 0.5867 0.2273
vn -0.4773 0.8661 0.1486
vn -0.4716 0.7778 0.4154
vn -0.8400 0.0311 0.5417
vn -0.8680 0.1615 0.4696
vn -0.7420 -0.5904 0.3178
vn -0.8703 -0.0242 -0.4920
vn -0.8701 -0.0190 -0.4924
vn -0.8771 0.0861 -0.4726
vn -0.7510 0.6603 0.0044
vn -0.8081 0.5649 0.1668
vn -0.9513 -0.0603 -0.3024
vn -0.7963 0.5173 -0.3136
vn -0.8252 0.5638 0.0337
vn -0.8318 0.5547 0.0231
vn -0.9692 0.2446 0.0305
vn -0.9994 0.0280 0.0189
vn -0.8146 0.3943 -0.4253
vn -0.9176 -0.1355 -0.3738
vn -0.6892 0.7233 -0.0416
vn -0.9524 0.0633 -0.2984
vn -0.6902 0.6328 0.3510
vn -0.8418 0.0191 0.5395
vn -0.8520 0.0658 0.5194
vn -0.7307 0.0941 0.6762
vn -0.8509 0.0630 0.5215
vn -0.8546 0.0311 0.5184
vn 0.8180 0.2230 0.5302
vn 0.4039 0.3760 0.8339
vn -0.0378 0.8164 0.5762
vn 0.2736 0.7724 0.5732
vn 0.6633 0.2235 0.7142
vn 0.0226 0.9837 -0.1782
vn 0.3406 0.8986 -0.2767
vn 0.7015 0.7018 -0.1238
vn 0.0430 0.8521 0.5217
vn 0.0340 0.7773 0.6282
vn -0.2471 0.9647 -0.0908
vn -0.1935 0.9619 -0.1931
vn -0.8001 -0.0901 -0.5930
vn -0.6941 0.4801 -0.5364
vn -0.7106 -0.2705 0.6495
vn -0.7843 0.3227 0.5298
vn -0.7694 0.4225 0.4790
vn -0.4126 0.8113 0.4142
vn -0.2244 0.9059 0.3591
vn -0.4877 0.7499 0.4470
vn -0.6405 0.4644 0.6117
vn 0.1787 0.6919 0.6996
vn 0.4730 0.7868 0.3966
vn 0.4244 0.6896 0.5868
vn -0.3610 0.9280 -0.0925
vn 0.1436 0.9893 0.0247
vn -0.0290 0.9987 -0.0431
vn -0.0520 0.9069 -0.4181
vn 0.5447 0.8077 -0.2258
vn 0.5941 0.7518 -0.2860
vn 0.3414 0.9054 -0.2523
vn 0.9094 -0.1056 -0.4023
vn 0.7376 -0.6428 -0.2067
vn 0.9132 -0.2448 -0.3257
vn -0.1155 -0.9470 -0.2998
vn 0.1599 -0.9518 -0.2619
vn -0.1113 -0.9808 0.1602
vn -0.2125 -0.9738 -0.0814
vn 0.1827 -0.9282 0.3242
vn 0.0911 -0.4498 -0.8885
vn 0.0018 -0.3909 -0.9204
vn 0.0286 -0.9886 0.1477
vn 0.0185 -0.8555 0.5174
vn 0.0303 -0.6127 -0.7897
vn -0.0017 -0.4793 -0.8776
vn -0.2215 -0.9711 -0.0890
vn 0.1805 -0.5070 -0.8428
vn -0.4050 -0.6707 -0.6214
vn -0.3960 -0.6530 -0.6456
vn -0.3459 -0.6838 -0.6424
vn -0.3700 -0.6639 -0.6498
vn 0.0705 -0.9340 0.3502
vn 0.9410 0.0277 -0.3373
vn 0.9382 0.0557 -0.3415
vn 0.7390 0.2902 -0.6080
vn -0.2505 -0.1352 0.9586
vn -0.8644 -0.3716 -0.3387
vn -0.6498 -0.4773 -0.5915
vn -0.3903 -0.4607 0.7971
vn 0.5939 0.1268 0.7945
vn 0.9076 -0.1212 0.4020
vn 0.6490 0.4424 0.6189
vn 0.5351 0.6976 -0.4764
vn 0.6673 0.6809 -0.3019
vn 0.9011 0.0972 0.4226
vn 0.8547 -0.0763 0.5136
vn 0.8859 0.4609 0.0527
vn 0.7584 0.5832 0.2911
vn 0.6774 0.3903 0.6235
vn 0.7791 0.0718 0.6227
vn 0.4885 0.7705 0.4094
vn 0.6604 0.7460 0.0856
vn -0.3770 -0.4906 0.7856
vn 0.0487 0.6697 -0.7410
vn 0.0560 -0.9794 0.1940
vn 0.2087 -0.9295 -0.3043
vn 0.6549 -0.3104 -0.6891
vn 0.7236 -0.6150 -0.3134
vn 0.6706 -0.7417 0.0083
vn 0.0460 0.6990 0.7136
vn -0.1127 0.1491 0.9824
vn -0.5309 0.1177 0.8392
vn 0.0381 0.0530 0.9979
vn 0.2698 -0.4950 0.8260
vn 0.1639 -0.4507 0.8775
vn -0.5474 -0.0723 0.8337
vn -0.5516 -0.0198 0.8339
vn -0.4050 0.9040 0.1369
vn -0.6155 0.0270 0.7876
vn -0.6148 0.1430 0.7756
vn -0.8275 0.1228 0.5479
vn -0.3857 0.2008 0.9005
vn -0.5240 0.1862 0.8311
vn -0.5804 0.5285 0.6196
vn 0.4308 0.8504 0.3021
vn 0.6156 0.3990 0.6796
vn 0.4210 0.2254 0.8786
vn 0.7271 0.4967 0.4739
vn 0.3739 0.6890 0.6209
vn 0.3677 0.6941 0.6188
vn 0.4133 0.6476 0.6402
vn 0.3101 0.6977 0.6458
vn 0.0521 0.5042 0.8620
vn 0.0561 0.4906 0.8696
vn 0.0513 0.5025 0.8631
vn 0.6229 0.4438 0.6443
vn 0.6453 0.7076 0.2881
vn 0.0442 0.4498 0.8920
vn 0.0537 0.7424 0.6678
vn -0.0697 0.7181 0.6924
vn 0.0458 0.7920 0.6088
vn -0.6401 -0.4020 0.6547
vn -0.6347 -0.4919 -0.5960
vn 0.6556 0.6805 -0.3273
vn 0.0454 0.9399 -0.3384
vn 0.0989 0.0834 -0.9916
vn 0.4708 0.3451 -0.8120
vn -0.0052 0.9205 -0.3908
vn -0.0300 0.9301 -0.3660
vn 0.0368 0.9256 -0.3767
vn 0.0301 0.9280 -0.3715
vn -0.0243 0.7449 -0.6668
vn -0.2603 -0.0507 0.9642
vn -0.1488 0.6441 0.7503
vn 0.0637 0.4387 0.8964
vn 0.1590 -0.6607 0.7336
vn 0.1413 -0.6559 0.7415
vn 0.7258 -0.2877 0.6249
vn 0.4675 0.0711 0.8811
vn -0.3544 0.2048 0.9124
vn -0.3759 -0.1991 0.9050
vn -0.4654 -0.5233 0.7138
vn -0.2356 -0.6682 0.7057
vn -0.2281 -0.6741 0.7026
vn -0.5922 0.0773 -0.8021
vn -0.0321 0.3623 -0.9315
vn -0.2144 -0.6628 0.7175
vn -0.0803 -0.7531 -0.6530
vn -0.1686 -0.8014 -0.5739
vn -0.2135 -0.8881 0.4070
vn -0.3090 0.7614 0.5699
vn -0.7176 0.6117 0.3330
vn -0.2476 0.9115 0.3284
vn 0.7846 -0.6081 0.1208
vn 0.5685 -0.3505 0.7443
vn 0.6498 -0.6304 0.4247
vn 0.5644 -0.7635 0.3139
vn 0.7365 -0.6626 -0.1359
vn 0.5616 -0.7570 -0.3339
vn 0.8696 -0.4498 -0.2036
vn -0.6728 0.3544 -0.6494
vn -0.5335 0.8051 -0.2594
vn -0.4834 0.8486 -0.2152
vn -0.5568 0.7693 -0.3133
vn -0.7594 -0.1100 -0.6412
vn -0.8965 -0.3937 -0.2030
vn -0.8809 -0.2562 -0.3979
vn -0.6371 -0.6119 -0.4686
vn -0.4824 0.5194 0.7053
vn -0.5949 -0.7580 0.2673
vn 0.3118 0.9300 -0.1948
vn 0.6139 0.7838 -0.0937
vn 0.9782 0.1129 -0.1744
vn 0.9191 0.2434 -0.3099
vn 0.4076 0.8083 -0.4249
vn -0.7526 -0.1948 -0.6290
vn -0.8416 -0.1684 -0.5132
vn -0.9144 -0.2968 -0.2753
vn -0.7807 -0.2356 -0.5788
vn 0.4193 0.7810 0.4628
vn -0.1121 0.6841 0.7207
vn -0.7776 0.1568 -0.6089
vn -0.8727 0.0714 -0.4830
vn -0.9960 -0.0885 -0.0156
vn -0.9383 -0.3450 0.0235
vn -0.7175 -0.6881 -0.1080
vn -0.7049 -0.7051 -0.0774
vn -0.8907 -0.4108 -0.1948
vn -0.9415 -0.3368 -0.0111
vn -0.5119 -0.8304 0.2201
vn -0.9536 -0.2822 0.1053
vn -0.4029 -0.2151 0.8896
vn 0.4361 0.0754 0.8967
vn 0.6151 -0.6406 -0.4596
vn -0.6419 -0.6391 -0.4236
vn -0.5583 -0.6425 -0.5249
vn -0.6645 -0.3298 0.6705
vn -0.3623 0.7236 -0.5874
vn -0.4341 0.7725 -0.4635
vn -0.1791 0.7598 0.6250
vn 0.5343 0.6574 -0.5314
vn -0.3290 0.7647 -0.5540
vn 0.0843 -0.1411 -0.9864
vn -0.1698 -0.1352 0.9762
vn 0.5257 0.4094 0.7457
vn 0.4884 0.5931 0.6400
vn 0.6490 0.6199 0.4411
vn 0.8358 0.2634 0.4817
vn 0.7609 0.4440 0.4733
vn 0.6823 0.7309 0.0145
vn -0.9019 0.4311 -0.0279
vn -0.6902 0.7229 -0.0324
vn 0.4927 0.8663 0.0826
vn 0.1372 0.8884 -0.4381
vn 0.7109 0.6899 -0.1366
vn -0.4224 -0.8576 0.2934
vn 0.4462 0.1553 -0.8814
vn 0.4447 0.1558 -0.8820
vn 0.7175 0.0896 -0.6907
vn 0.6700 -0.2950 -0.6813
vn 0.6729 -0.2161 -0.7074
vn -0.5348 0.8381 -0.1074
vn -0.5532 0.8329 -0.0174
vn -0.7786 0.6243 -0.0642
vn -0.7318 0.5686 0.3757
vn -0.8092 0.5102 0.2914
vn -0.8715 0.4882 -0.0471
vn -0.8324 0.5410 -0.1206
vn -0.8952 0.4403 -0.0691
vn -0.0869 0.9959 -0.0264
vn 0.1836 0.9268 -0.3276
vn 0.3161 0.3615 -0.8771
vn 0.2359 0.4002 0.8855
vn 0.3491 0.2918 0.8905
vn 0.1093 0.8292 0.5481
vn 0.4761 0.2938 0.8289
vn 0.8922 0.4485 0.0534
vn 0.8657 0.4844 -0.1258
vn 0.8455 0.5108 -0.1554
vn 0.5769 0.4344 0.6917
vn 0.1110 -0.2341 0.9659
vn 0.5597 -0.1689 0.8113
vn 0.9239 -0.1850 -0.3348
vn -0.8041 0.5940 -0.0250
vn -0.8038 0.5863 -0.1005
vn -0.7716 0.6015 0.2067
vn -0.7581 0.5801 0.2979
vn -0.6147 0.1656 0.7712
vn -0.6302 -0.1905 0.7527
vn -0.8751 0.4541 0.1674
vn -0.5982 0.8013 -0.0092
vn -0.5510 0.8339 -0.0327
vn -0.0293 0.9981 -0.0547
vn 0.1696 0.9844 -0.0476
vn -0.8221 0.5689 0.0235
vn -0.3673 -0.6675 -0.6477
vn -0.4159 -0.5462 -0.7271
vn -0.4340 -0.5591 -0.7065
vn -0.5207 -0.5971 -0.6102
vn -0.7210 -0.6194 -0.3105
vn -0.6479 0.0549 -0.7597
vn -0.4469 0.7318 -0.5145
vn -0.3194 0.6353 -0.7031
vn -0.9215 -0.2990 -0.2479
vn -0.4605 -0.8871 -0.0307
vn -0.4734 -0.6450 -0.5998
vn -0.2824 -0.3546 -0.8913
vn -0.6862 -0.7250 -0.0586
vn -0.7357 -0.6750 -0.0550
vn -0.7262 -0.6866 -0.0353
vn 0.7814 -0.0279 -0.6235
vn 0.8246 -0.0150 -0.5655
vn 0.6084 -0.1390 -0.7813
vn 0.0685 -0.5647 -0.8225
vn 0.5645 -0.8248 0.0317
vn 0.6732 -0.5825 -0.4555
vn 0.7934 -0.1130 -0.5981
vn 0.3336 -0.5678 -0.7525
vn 0.7945 -0.4383 0.4203
vn 0.8497 -0.4207 0.3179
vn 0.3877 0.8028 0.4529
vn 0.8844 0.3306 0.3295
vn 0.5414 0.6960 0.4717
vn 0.7108 0.7032 -0.0178
vn -0.4143 -0.2551 0.8736
vn -0.1196 -0.9226 0.3668
vn -0.7398 -0.6346 0.2234
vn -0.5937 -0.0619 0.8023
vn -0.8494 -0.4739 -0.2320
vn -0.8226 -0.0971 -0.5602
vn -0.3213 0.9085 0.2673
vn -0.7283 0.5476 -0.4120
vn -0.8300 -0.1102 -0.5468
vn -0.9357 0.3464 -0.0673
vn -0.8443 0.4403 -0.3056
vn -0.1549 -0.7519 -0.6409
vn -0.5039 -0.8633 -0.0290
vn -0.3374 -0.8712 -0.3565
vn 0.4476 0.6203 0.6441
vn 0.6906 0.6823 0.2398
vn 0.6547 0.6441 0.3956
vn 0.7265 -0.1219 -0.6763
vn -0.3112 0.4630 -0.8299
vn 0.0212 0.9260 -0.3768
vn 0.1532 0.9806 -0.1226
vn -0.0212 0.9541 -0.2988
vn -0.0215 0.8512 -0.5244
vn -0.0283 0.8529 -0.5213
vn -0.0233 0.8633 -0.5041
vn 0.0206 0.9253 -0.3786
vn 0.4937 0.6514 0.5761
vn -0.6749 0.4959 0.5465
vn -0.5870 -0.7377 -0.3335
vn -0.6525 0.5830 -0.4841
vn -0.5500 0.8342 -0.0406
vn 0.6623 0.2896 0.6910
vn 0.6658 0.3084 0.6794
vn 0.4251 0.6107 0.6681
vn 0.6244 0.7692 0.1362
vn 0.6344 0.3195 0.7039
vn 0.3887 0.8976 0.2076
vn 0.6480 0.3215 0.6904
vn 0.6367 0.3407 0.6918
vn -0.6189 -0.7791 0.0993
vn -0.6480 -0.7549 0.1009
vn 0.2779 -0.9317 0.2338
vn -0.0254 0.4825 0.8756
vn -0.6750 -0.6266 0.3894
vn 0.0426 -0.9520 -0.3032
vn 0.7525 -0.6508 0.1016
vn -0.4531 -0.8500 -0.2688
vn 0.5847 0.8088 -0.0640
vn 0.5282 0.8118 -0.2488
vn 0.8939 0.3719 -0.2500
vn 0.8981 -0.3073 0.3148
vn -0.1049 0.7791 0.6181
vn -0.1031 0.8432 0.5277
vn 0.0887 0.7392 0.6676
vn 0.4532 0.2997 0.8396
vn -0.4058 0.6962 0.5922
vn -0.3557 0.8247 0.4398
vn -0.4000 0.6973 0.5948
vn 0.4605 0.8700 -0.1761
vn 0.4733 0.8522 -0.2232
vn 0.4320 0.8560 0.2841
vn 0.8010 0.1867 -0.5688
vn 0.7752 0.2471 -0.5813
vn 0.4178 0.7323 -0.5378
vn 0.6991 0.6005 0.3881
vn 0.6007 0.2170 0.7695
vn 0.9385 0.2036 0.2789
vn 0.8932 0.1467 0.4251
vn 0.9275 -0.3166 0.1987
vn 0.7630 -0.5759 0.2935
vn 0.7028 -0.1769 0.6891
vn -0.6537 -0.1302 0.7455
vn -0.9284 -0.1858 0.3218
vn -0.3297 0.8254 0.4583
vn 0.0150 -0.7110 0.7030
vn -0.0602 -0.7099 0.7017
vn -0.2210 -0.6090 0.7617
vn -0.5573 -0.2862 0.7794
vn -0.5507 -0.5678 0.6118
vn -0.3434 -0.6656 0.6627
vn -0.3952 -0.6373 0.6615
vn -0.3479 -0.6686 0.6572
vn -0.3738 -0.6307 0.6801
vn 0.4670 0.4719 -0.7478
vn 0.9431 0.3323 -0.0113
vn 0.8981 0.4372 -0.0482
vn 0.9896 0.1347 -0.0511
vn 0.4112 -0.6278 -0.6609
vn 0.3593 0.6273 0.6909
vn 0.3861 0.6169 0.6858
vn -0.5243 0.3062 0.7946
vn 0.8845 0.4401 0.1548
vn 0.0497 0.8245 0.5636
vn -0.0192 0.6465 0.7627
vn -0.0459 0.5512 0.8331
vn 0.0151 0.8703 0.4922
vn 0.5160 0.5892 0.6218
vn 0.3826 -0.2054 0.9008
vn 0.4511 0.7839 0.4266
vn 0.8478 0.4575 0.2680
vn 0.7371 0.6753 0.0243
vn 0.4409 0.3937 0.8066
vn -0.0348 0.6009 0.7985
vn -0.0931 0.4855 0.8693
vn -0.1350 0.5528 0.8223
vn -0.3508 0.6752 0.6489
vn -0.1688 0.8459 0.5058
vn -0.9669 -0.2531 0.0328
vn -0.8599 0.1495 -0.4881
vn 0.6636 -0.4648 -0.5862
vn -0.6382 -0.4607 -0.6168
vn -0.8181 -0.5392 -0.2000
vn -0.6821 -0.7242 -0.1018
vn -0.5417 0.5618 -0.6253
vn 0.2308 0.7203 0.6542
vn 0.0148 0.8553 0.5178
vn -0.4015 0.8886 0.2220
vn -0.1845 0.7536 -0.6309
vn 0.5082 -0.8573 0.0826
vn -0.0113 0.9472 -0.3205
vn 0.3452 0.8644 -0.3656
vn -0.8297 0.4189 0.3689
vn -0.7561 0.6472 0.0970
vn 0.3550 0.0718 -0.9321
vn 0.9825 -0.1848 0.0218
vn 0.5031 -0.1966 -0.8416
vn 0.3112 -0.1105 -0.9439
vn 0.7245 -0.0073 -0.6893
vn 0.8916 0.2382 -0.3851
vn 0.3024 0.6860 -0.6618
vn 0.5202 -0.2079 -0.8284
vn 0.5446 -0.1973 -0.8152
vn 0.5030 -0.1790 -0.8456
vn 0.6574 -0.6374 0.4019
vn -0.5699 -0.7638 0.3029
vn -0.7263 -0.3212 -0.6078
vn -0.7344 -0.2345 0.6369
vn -0.6707 -0.7396 0.0556
vn -0.9133 -0.3037 0.2714
vn -0.6512 -0.2300 -0.7232
vn -0.2461 -0.4102 -0.8782
vn 0.2120 0.9768 0.0311
vn 0.5816 0.8119 -0.0506
vn 0.4317 0.9019 0.0166
vn 0.3912 0.9181 -0.0633
vn 0.4878 0.1149 0.8654
vn 0.4384 0.5554 0.7066
vn 0.4661 0.2072 0.8602
vn 0.3556 0.3547 0.8647
vn 0.0327 0.0249 -0.9992
vn 0.8365 -0.1851 0.5158
vn 0.0471 0.0664 0.9967
vn -0.7421 0.1252 0.6585
vn -0.6839 0.2586 0.6822
vn 0.7173 0.2798 -0.6381
vn -0.8450 -0.1242 0.5201
vn -0.8182 -0.2919 0.4953
vn -0.3753 -0.7922 0.4811
vn -0.4832 -0.4882 0.7267
vn -0.9241 0.0013 -0.3822
vn -0.6602 -0.0803 0.7468
vn -0.8064 0.0658 0.5877
vn -0.8062 0.0782 0.5865
vn -0.8124 0.0113 0.5830
vn -0.8274 0.0059 0.5616
vn -0.8459 -0.1546 0.5104
vn -0.1593 -0.4107 -0.8978
vn 0.2432 0.5461 -0.8016
vn 0.7192 -0.1589 -0.6764
vn 0.9979 0.0018 -0.0650
vn -0.5489 0.5719 0.6096
vn -0.8349 0.0308 -0.5495
vn 0.8947 -0.2919 0.3382
vn 0.8465 -0.4772 0.2360
vn 0.8856 -0.4205 0.1973
vn 0.8455 -0.4881 0.2163
vn -0.8227 0.2950 -0.4860
vn -0.5330 0.0947 -0.8408
vn -0.8191 0.3301 -0.4691
vn 0.0555 0.8527 -0.5195
vn 0.2996 -0.1620 -0.9402
vn 0.3142 -0.1520 -0.9371
vn 0.2833 -0.1714 -0.9436
vn -0.0356 0.9180 -0.3949
vn -0.6310 0.6821 -0.3696
vn -0.6284 0.7779 0.0012
vn -0.6435 0.7654 -0.0070
vn -0.6144 0.7890 -0.0061
vn -0.3426 0.8889 0.3041
vn -0.5235 0.7926 0.3126
vn -0.6008 0.7973 0.0576
vn -0.6337 0.7735 0.0132
vn -0.6337 0.7735 0.0118
vn -0.6290 0.7768 0.0317
vn -0.5838 0.8088 0.0705
vn 0.3386 -0.2279 -0.9129
vn -0.5957 0.5540 -0.5815
vn -0.7338 0.4836 -0.4771
vn -0.6132 0.7450 0.2627
vn -0.3569 0.7494 0.5577
vn -0.0031 0.7071 0.7071
vn 0.1225 0.9475 0.2953
vn 0.3611 0.6628 0.6560
vn 0.1419 0.7139 0.6857
vn 0.6063 0.7483 0.2692
vn 0.4709 0.5857 -0.6597
vn -0.2186 0.7647 -0.6062
vn -0.4050 0.8775 -0.2569
vn -0.6034 0.7935 0.0786
vn -0.4795 0.7308 0.4858
vn -0.6476 0.6200 0.4429
vn -0.9316 0.2474 -0.2662
vn -0.6343 0.6749 -0.3771
vn -0.4370 0.8293 -0.3482
vn 0.6951 -0.7075 -0.1275
vn 0.5779 -0.5171 -0.6314
vn 0.5870 -0.0425 -0.8085
vn 0.2311 -0.6847 -0.6912
vn -0.7074 0.0560 -0.7046
vn -0.5035 0.6892 -0.5210
vn -0.8548 -0.4984 0.1449
vn -0.8533 -0.4924 0.1714
vn -0.9465 -0.2223 -0.2338
vn -0.9135 0.1392 -0.3822
vn -0.5657 0.7938 -0.2233
vn -0.6504 -0.2458 -0.7188
vn -0.9751 -0.1803 -0.1290
vn -0.8902 -0.4274 -0.1579
vn -0.5013 -0.6262 -0.5971
vn -0.9336 -0.1874 -0.3054
vn -0.9702 -0.1341 0.2019
vn -0.8972 0.0591 0.4376
vn -0.2690 0.8290 -0.4902
vn -0.4967 0.2942 -0.8166
vn -0.3612 0.5546 -0.7496
vn -0.6716 0.7402 -0.0333
vn -0.9439 -0.0341 -0.3285
vn -0.5889 0.7394 -0.3263
vn -0.8808 0.4291 -0.2004
vn -0.7445 0.6105 0.2703
vn -0.8194 0.1504 0.5531
vn -0.8313 0.1500 0.5352
vn -0.9034 0.4283 0.0209
vn -0.2938 0.6187 0.7286
vn -0.3701 0.2125 0.9044
vn -0.6719 0.7401 0.0293
vn 0.0623 -0.1257 -0.9901
vn -0.2790 -0.4357 -0.8558
vn 0.0076 -0.6472 0.7623
vn -0.0402 -0.8026 0.5952
vn 0.6946 0.7001 0.1651
vn 0.6531 0.7471 0.1237
vn 0.6542 0.7489 0.1055
vn 0.6430 0.7543 0.1325
vn 0.6416 0.7641 0.0676
vn 0.6715 0.7384 0.0619
vn 0.5283 0.0200 -0.8488
vn 0.2986 0.2459 -0.9221
vn 0.3409 0.0107 -0.9400
vn -0.4125 0.6412 0.6471
vn -0.4348 0.9005 0.0015
vn 0.7680 0.4760 -0.4285
vn 0.5162 0.8538 -0.0670
vn 0.7401 0.4666 0.4843
vn 0.7591 0.3097 -0.5726
vn 0.3040 -0.8998 -0.3131
vn 0.0219 -0.8516 -0.5237
vn -0.0631 -0.3880 -0.9195
vn 0.5740 -0.7971 -0.1875
vn 0.7409 0.0508 -0.6697
vn 0.7766 -0.0507 -0.6280
vn -0.8453 -0.4829 0.2285
vn -0.7448 0.5534 -0.3728
vn -0.4513 0.1190 -0.8844
vn -0.4842 -0.5007 -0.7175
vn -0.7668 -0.4152 0.4895
vn -0.8411 0.1841 0.5086
vn -0.8410 0.0080 0.5409
vn -0.6795 0.4656 0.5670
vn 0.1984 0.9479 -0.2493
vn 0.4922 0.6882 -0.5330
vn 0.0768 0.7655 -0.6388
vn 0.8243 -0.2827 -0.4905
vn -0.1028 0.4244 -0.8996
vn -0.2405 0.3796 -0.8933
vn 0.1440 0.3677 -0.9187
vn 0.0022 0.9914 -0.1306
vn 0.4046 0.8329 -0.3777
vn 0.2259 0.7201 0.6560
vn 0.2331 0.6739 0.7011
vn 0.6508 0.3369 0.6804
vn 0.5190 0.6481 0.5573
vn 0.7804 0.2555 0.5707
vn 0.0420 0.9989 -0.0221
vn 0.0376 0.9977 -0.0571
vn 0.7175 0.6925 -0.0747
vn 0.3833 0.7649 0.5178
vn -0.0502 0.8230 0.5658
vn 0.5767 -0.1764 0.7977
vn 0.5759 0.8152 0.0621
vn -0.5515 -0.2422 -0.7983
vn -0.4454 -0.6128 -0.6528
vn -0.1703 -0.5886 -0.7903
vn -0.1996 -0.5892 -0.7830
vn -0.2256 -0.5858 -0.7784
vn -0.3612 0.8468 -0.3904
vn 0.7538 0.5210 0.4004
vn 0.7374 0.5764 0.3521
vn 0.5397 0.6436 0.5427
vn 0.9469 0.1901 0.2592
vn 0.3799 0.6499 0.6583
vn 0.4273 0.8989 0.0966
vn 0.4534 0.8908 0.0311
vn 0.4752 0.8798 -0.0100
vn 0.5116 0.8592 0.0099
vn 0.3111 0.8290 0.4647
vn 0.3683 0.7280 0.5782
vn 0.1222 0.7304 0.6720
vn -0.2404 0.6990 0.6735
vn -0.5966 0.7888 0.1477
vn -0.4766 0.8632 0.1666
vn -0.6004 0.5312 0.5977
vn -0.0739 0.8947 0.4405
vn 0.0530 0.5518 0.8323
vn 0.1006 0.6425 0.7596
vn 0.5198 0.7582 0.3936
vn -0.7375 -0.6750 -0.0199
vn -0.9990 -0.0410 -0.0180
vn 0.2790 -0.0554 0.9587
vn 0.6926 0.7052 -0.1514
vn 0.4671 0.8837 -0.0310
vn 0.0592 0.9917 -0.1143
vn 0.7237 0.6192 -0.3048
vn 0.6171 0.6623 -0.4249
vn 0.0051 -0.9954 0.0952
vn -0.2879 0.9520 0.1043
vn 0.0361 -0.5884 0.8077
vn 0.8988 0.4214 0.1208
vn -0.3219 -0.4626 0.8260
vn -0.5297 -0.0912 0.8433
vn -0.5236 -0.0901 0.8472
vn -0.7713 -0.3305 0.5440
vn -0.3453 -0.4257 0.8364
vn -0.7102 -0.2770 0.6472
vn -0.5537 -0.6793 -0.4817
vn -0.8941 -0.4477 -0.0142
vn 0.3152 -0.8817 -0.3510
vn -0.1126 0.8292 0.5474
vn -0.0697 -0.9314 0.3573
vn -0.2016 0.7694 0.6061
vn -0.2063 0.9659 0.1566
vn -0.7123 0.3369 0.6158
vn -0.3444 0.7015 0.6239
vn -0.1137 0.7131 0.6917
vn 0.0961 0.1674 -0.9812
vn 0.0849 0.0609 -0.9945
vn 0.0073 0.1253 -0.9921
vn 0.0927 -0.0694 -0.9933
vn 0.0972 -0.4783 -0.8728
vn 0.0913 -0.4828 -0.8709
vn 0.0477 0.0538 -0.9974
vn -0.4810 -0.5612 -0.6736
vn -0.3324 -0.5691 -0.7521
vn -0.5148 -0.5971 -0.6151
vn -0.2356 -0.0166 -0.9717
vn -0.8941 -0.4477 -0.0144
vn -0.7419 -0.1611 0.6509
vn -0.5537 -0.6793 -0.4816
vn 0.7437 0.2161 -0.6327
vn 0.7448 0.6667 0.0286
vn 0.3755 0.8175 -0.4367
vn 0.6699 0.6281 -0.3959
vn -0.7747 -0.1331 -0.6182
vn -0.2105 0.4811 -0.8510
vn -0.1647 0.6679 -0.7258
vn 0.2502 0.6220 -0.7419
vn 0.0108 0.5878 -0.8090
vn 0.0370 0.5292 -0.8477
vn -0.1281 0.8835 0.4505
vn -0.0298 0.4487 -0.8932
vn 0.0949 0.5724 -0.8145
vn -0.1474 0.7504 -0.6443
vn -0.2367 -0.5434 0.8054
vn 0.2086 0.8613 -0.4633
vn 0.6360 0.4934 -0.5934
vn 0.2473 0.8711 -0.4243
vn 0.0410 -0.5455 -0.8371
vn 0.0008 -0.8990 0.4379
vn 0.3178 -0.8376 -0.4443
vn 0.3015 -0.8843 -0.3566
vn 0.2132 -0.8879 -0.4076
vn -0.6555 -0.7286 -0.1986
vn 0.5251 0.5941 -0.6093
vn -0.2317 0.9563 0.1782
vn -0.0896 0.9286 -0.3601
vn -0.6151 0.7880 0.0255
vn -0.4554 -0.0367 0.8896
vn 0.1627 -0.8994 -0.4057
vn 0.7526 0.0679 -0.6549
vn -0.6203 -0.7687 -0.1560
vn 0.5889 -0.7695 -0.2471
vn 0.6961 -0.7093 -0.1109
vn 0.6152 -0.7776 -0.1301
vn -0.8236 -0.3686 -0.4311
vn -0.3952 -0.8615 0.3187
vn -0.7118 -0.4108 0.5697
vn 0.9770 0.1350 0.1653
vn -0.9233 -0.0187 -0.3836
vn -0.9235 -0.0012 -0.3836
vn -0.6671 0.3825 -0.6393
vn -0.4607 0.7632 -0.4532
vn -0.7490 0.4597 0.4771
vn -0.4656 0.8224 0.3270
vn -0.2803 0.4056 0.8700
vn 0.4039 -0.8568 0.3205
vn 0.7261 -0.1105 0.6787
vn 0.5885 -0.5284 0.6119
vn 0.1450 0.8698 -0.4717
vn -0.4680 0.7659 -0.4408
vn 0.1330 0.8206 0.5558
vn 0.1294 0.7309 0.6701
vn 0.3968 0.8533 0.3383
vn -0.0101 -0.4594 0.8882
vn 0.7605 0.5971 -0.2553
vn -0.3262 0.3690 -0.8703
vn -0.4224 0.8875 0.1844
vn 0.3531 0.7263 0.5897
vn 0.7826 0.5603 0.2714
vn -0.0302 0.9205 -0.3896
vn 0.3132 0.9495 0.0165
vn 0.6422 0.7665 0.0106
vn 0.3193 0.9474 0.0204
vn 0.3968 0.9179 -0.0080
vn -0.3201 0.9473 -0.0138
vn -0.4390 0.8791 -0.1858
vn -0.8756 -0.4783 -0.0681
vn -0.5445 0.1776 0.8197
vn -0.5686 0.1162 0.8144
vn -0.4490 0.5791 0.6804
vn -0.6701 0.7230 0.1680
vn -0.6723 0.7123 0.2016
vn -0.8746 -0.1308 0.4668
vn 0.1120 -0.9937 0.0093
vn -0.1785 -0.9839 0.0105
vn 0.9866 0.0652 0.1498
vn 0.3117 0.9501 -0.0163
vn 0.7006 0.5836 0.4107
vn 0.4996 0.7418 0.4473
vn -0.0387 0.2929 0.9554
vn 0.7508 0.0362 0.6596
vn 0.8112 -0.0932 0.5772
vn 0.6270 0.1537 0.7637
vn 0.7528 0.1912 0.6299
vn 0.6852 0.1343 0.7159
vn -0.3751 0.1304 -0.9178
vn -0.1443 0.9479 -0.2840
vn -0.5935 0.4344 -0.6776
vn 0.8600 0.0851 0.5032
vn -0.0111 -0.7792 0.6266
vn 0.2041 -0.9784 -0.0321
vn 0.3854 0.9226 -0.0191
vn 0.3040 0.9477 -0.0976
vn -0.2455 0.9390 -0.2408
vn 0.4222 -0.7213 -0.5490
vn -0.4203 0.0451 -0.9063
vn -0.3564 0.0571 -0.9326
vn -0.3111 0.0701 -0.9478
vn 0.0040 0.6646 -0.7472
vn -0.4362 0.1133 -0.8927
vn -0.1914 0.0587 -0.9798
vn -0.0055 0.7268 -0.6868
vn -0.0199 0.7324 -0.6805
vn -0.4465 0.5844 -0.6776
vn -0.5298 -0.2759 -0.8020
vn -0.0123 -0.6991 -0.7149
vn 0.0121 -0.6989 -0.7151
vn -0.2461 -0.6541 -0.7152
vn -0.3958 0.0771 -0.9151
vn -0.5971 0.7928 0.1221
vn 0.2939 0.6239 0.7242
vn -0.4002 0.8893 -0.2214
vn 0.1834 0.0528 0.9816
vn -0.5573 0.8218 0.1187
vn -0.5197 0.8543 0.0039
vn -0.6005 0.5600 0.5707
vn -0.5646 0.8073 0.1720
vn 0.7763 -0.6300 -0.0207
vn -0.4239 0.7998 0.4250
vn -0.5211 0.3572 0.7751
vn 0.1941 0.8394 0.5076
vn 0.1036 0.8345 0.5412
vn -0.6928 0.4185 -0.5872
vn 0.1413 -0.7368 -0.6612
vn 0.3062 0.7704 -0.5592
vn -0.5442 -0.5702 -0.6154
vn -0.8467 0.0056 -0.5320
vn -0.8342 -0.0132 -0.5513
vn -0.8709 0.4175 -0.2592
vn -0.7274 0.3307 -0.6013
vn -0.7031 0.4220 -0.5724
vn -0.5214 -0.5508 -0.6517
vn -0.4975 -0.5664 0.6571
vn 0.4296 0.0653 0.9006
vn 0.6077 -0.0177 0.7940
vn 0.6233 -0.0506 0.7804
vn 0.0157 -0.1977 -0.9801
vn 0.0070 -0.1448 -0.9894
vn -0.3068 0.3612 -0.8806
vn -0.7290 0.3450 -0.5912
vn 0.5268 0.5966 0.6054
vn 0.3199 0.9024 0.2888
vn 0.3121 0.9175 0.2467
vn 0.5257 0.7780 -0.3441
vn 0.4395 0.8122 -0.3835
vn 0.4364 0.7407 -0.5108
vn 0.6850 -0.7192 -0.1164
vn 0.9558 -0.2935 -0.0190
vn 0.8221 -0.5628 -0.0860
vn 0.0871 0.9397 0.3308
vn 0.0845 0.9431 0.3216
vn 0.0750 0.7219 0.6880
vn 0.1589 0.9106 0.3815
vn 0.1110 0.9480 0.2983
vn -0.9241 0.1971 -0.3273
vn -0.6773 0.0584 -0.7334
vn 0.2633 0.9631 -0.0562
vn -0.2147 0.9756 0.0456
vn 0.4156 0.9094 -0.0155
vn 0.6561 0.7542 -0.0286
vn 0.7128 0.7001 0.0414
vn 0.3161 0.9487 0.0107
vn 0.3331 0.9429 0.0066
vn 0.4461 0.8950 0.0035
vn 0.3113 0.9499 0.0275
vn -0.6970 0.7111 0.0924
vn -0.7536 0.5898 -0.2902
vn -0.6378 0.6826 -0.3568
vn -0.8792 0.4761 0.0193
vn -0.6637 0.7467 0.0449
vn 0.5901 0.7881 -0.1755
vn 0.5389 0.3821 -0.7507
vn 0.6671 0.0900 -0.7395
vn 0.7812 0.5796 -0.2319
vn -0.8077 -0.3257 0.4915
vn 0.8370 0.5088 -0.2014
vn 0.5986 0.6961 -0.3963
vn 0.1793 0.7333 -0.6558
vn 0.4928 0.7093 -0.5041
vn -0.0016 0.7021 0.7121
vn 0.0070 0.6654 0.7465
vn 0.7928 0.5937 -0.1381
vn -0.3984 0.8344 0.3810
vn 0.7610 0.4280 0.4875
vn -0.8197 0.4291 0.3794
vn -0.6177 -0.7608 0.1992
vn 0.3975 0.7377 0.5457
vn 0.4412 0.5955 0.6714
vn 0.4260 0.6095 0.6686
vn 0.1087 -0.8814 -0.4598
vn -0.1119 -0.6849 -0.7199
vn 0.1791 -0.3339 -0.9254
vn 0.4066 0.2958 0.8644
vn -0.0344 0.7752 0.6307
vn -0.0232 0.9954 0.0931
vn -0.1691 0.2398 0.9560
vn -0.5605 0.7956 0.2298
vn 0.4977 0.5893 0.6364
vn 0.1025 0.1860 0.9772
vn 0.0426 0.2130 0.9761
vn 0.1292 0.1466 0.9807
vn -0.7131 0.2878 0.6393
vn 0.4493 -0.0573 0.8916
vn -0.2634 0.2984 0.9174
vn -0.5914 0.1619 0.7899
vn 0.0143 0.7122 -0.7018
vn 0.9246 0.3638 0.1129
vn 0.5340 -0.8331 -0.1444
vn -0.5810 -0.7587 -0.2944
vn 0.7578 0.0048 0.6525
vn 0.5879 0.0032 0.8089
vn 0.6182 -0.2194 0.7548
vn -0.2118 -0.7263 -0.6539
vn -0.6472 0.0704 -0.7590
vn -0.7204 -0.0353 -0.6926
vn -0.7114 -0.0154 -0.7026
vn 0.5646 -0.4836 -0.6688
vn 0.5415 0.1308 0.8305
vn -0.2808 -0.4419 0.8520
vn -0.6083 -0.3070 0.7319
vn 0.5845 -0.8110 0.0253
vn 0.7597 0.0152 0.6501
vn 0.7267 -0.0126 0.6869
vn 0.0956 0.5081 0.8560
vn -0.0806 -0.4279 -0.9002
vn 0.3259 0.4378 -0.8379
vn -0.0617 0.4889 -0.8702
vn 0.6096 0.0774 0.7889
vn -0.0569 0.3362 -0.9401
vn 0.5269 0.5495 0.6484
vn 0.6256 0.1023 0.7734
vn -0.6589 -0.7507 -0.0481
vn -0.6816 -0.7314 -0.0226
vn -0.6895 -0.7243 -0.0028
vn -0.6595 -0.7493 -0.0604
vn 0.4722 -0.5898 0.6552
vn 0.2426 -0.4938 0.8350
vn 0.1188 -0.9156 0.3842
vn 0.0749 -0.9027 0.4236
vn -0.6318 -0.5510 0.5452
vn -0.6559 -0.6126 -0.4410
vn 0.4773 -0.5067 0.7179
vn -0.0762 0.5592 -0.8255
vn -0.3229 0.4353 -0.8404
vn -0.0646 0.8793 -0.4718
vn 0.5792 0.5294 -0.6199
vn -0.0859 0.9420 -0.3245
vn -0.1756 0.9320 -0.3170
vn -0.0934 0.7321 -0.6747
vn -0.0982 0.7274 -0.6791
vn -0.0937 0.7188 -0.6888
vn -0.1026 0.7107 -0.6960
vn -0.0862 0.7195 -0.6891
vn 0.1701 0.6311 0.7568
vn 0.4915 0.7447 0.4515
vn 0.2903 0.9243 0.2477
vn -0.5469 -0.8244 0.1455
vn -0.7424 -0.6644 0.0865
vn -0.7811 -0.6134 0.1168
vn -0.7415 -0.6558 0.1417
vn 0.1046 0.8099 0.5771
vn -0.6467 -0.7171 0.2598
vn -0.6068 0.2360 0.7590
vn -0.0216 0.6823 0.7307
vn -0.4640 -0.8381 0.2868
vn -0.7717 -0.1103 -0.6263
vn -0.4766 -0.0631 -0.8769
vn 0.2205 -0.3099 0.9248
vn -0.5770 0.3013 -0.7591
vn -0.7083 0.4808 -0.5169
vn -0.3544 0.3912 -0.8493
vn -0.7148 -0.4106 0.5661
vn -0.6687 -0.3432 -0.6595
vn -0.6963 -0.3950 0.5993
vn -0.6162 -0.6506 -0.4438
vn 0.6569 0.0572 0.7518
vn 0.4101 -0.0069 0.9120
vn 0.4454 0.0014 0.8953
vn 0.0919 -0.5830 0.8072
vn -0.0777 -0.9326 0.3524
vn 0.6143 0.7890 0.0017
vn 0.5838 0.8117 0.0164
vn 0.3589 0.9031 -0.2358
vn 0.8338 0.4976 -0.2391
vn 0.5159 0.6461 -0.5625
vn 0.3275 0.8478 0.4172
vn -0.2913 -0.5918 -0.7516
vn 0.0778 -0.5706 -0.8175
vn 0.6553 -0.2885 0.6981
vn 0.3676 -0.4205 0.8295
vn 0.0800 0.8942 0.4405
vn -0.8943 -0.4040 0.1922
vn -0.6869 -0.7262 -0.0280
vn -0.8617 -0.0736 0.5020
vn -0.5886 0.0128 0.8083
vn -0.5151 -0.0808 0.8533
vn -0.7419 -0.6023 -0.2948
vn -0.4689 -0.3787 0.7979
vn -0.6864 -0.6345 -0.3553
vn -0.6782 -0.4763 -0.5597
vn -0.1581 -0.5766 -0.8016
vn -0.8562 -0.0367 0.5154
vn -0.7839 -0.1045 0.6120
vn 0.1379 -0.3940 0.9087
vn 0.2307 -0.9564 0.1789
vn -0.0336 -0.6436 -0.7647
vn -0.3107 0.9257 0.2159
vn -0.0475 0.9725 0.2281
vn 0.2346 0.7866 0.5711
vn 0.1317 0.9112 0.3904
vn -0.3566 0.9318 0.0672
vn 0.2906 0.8796 0.3766
vn 0.1291 0.9398 0.3165
vn -0.6226 0.7807 0.0542
vn -0.6211 0.7800 0.0761
vn -0.5315 0.8028 -0.2702
vn -0.6152 0.6906 -0.3803
vn 0.0277 0.8819 -0.4706
vn 0.4040 0.8950 -0.1890
vn 0.4663 0.5298 -0.7085
vn 0.2946 0.6008 -0.7432
vn 0.2371 0.6863 -0.6876
vn -0.0294 0.7507 -0.6600
vn 0.0259 0.8237 -0.5665
vn 0.1808 0.8346 -0.5204
vn 0.4318 0.8972 0.0920
vn -0.0016 0.8137 0.5812
vn 0.5253 0.6155 0.5876
vn -0.5001 0.8188 -0.2820
vn 0.3622 0.8150 0.4523
vn -0.0091 0.8448 -0.5351
vn 0.0642 0.7339 -0.6762
vn 0.0852 0.7148 -0.6941
vn 0.8719 -0.3446 0.3478
vn 0.7811 -0.1130 0.6141
vn 0.6478 -0.0580 0.7596
vn 0.6111 -0.1205 0.7823
vn 0.9178 -0.0052 0.3969
vn 0.8547 -0.0892 0.5113
vn 0.8934 -0.2394 0.3803
vn 0.5832 -0.4555 0.6726
vn 0.9032 -0.0273 0.4283
vn 0.9146 -0.0169 0.4040
vn 0.8074 0.0204 0.5896
vn -0.0055 0.7200 0.6939
vn 0.1142 0.7275 0.6765
vn -0.8334 -0.0714 -0.5480
vn -0.8259 -0.0260 -0.5633
vn -0.8553 0.0716 -0.5132
vn 0.3743 0.8448 0.3824
vn 0.3221 0.8556 0.4052
vn 0.9312 -0.3392 0.1333
vn 0.6825 -0.6859 0.2523
vn 0.8396 -0.0139 0.5431
vn 0.7615 -0.0604 0.6453
vn 0.7427 0.0123 0.6695
vn 0.7933 -0.0420 0.6074
vn 0.7918 -0.0386 0.6096
vn 0.7752 -0.0283 0.6311
vn 0.1266 0.0895 0.9879
vn 0.8642 0.5026 0.0239
vn -0.2192 0.9731 -0.0711
vn -0.6377 -0.7528 -0.1630
vn 0.0537 -0.2851 0.9570
vn -0.3919 -0.2461 0.8865
vn -0.4507 -0.1623 0.8778
vn 0.0096 -0.5424 0.8401
vn 0.2347 -0.9617 0.1415
vn 0.0832 -0.2329 0.9689
vn 0.0319 -0.1022 0.9943
vn -0.8627 -0.3940 -0.3171
vn 0.7744 -0.6234 0.1081
vn 0.0541 -0.3377 0.9397
vn -0.0861 -0.4661 0.8805
vn -0.1610 -0.9160 -0.3674
vn 0.2489 -0.9670 0.0539
vn 0.0226 0.7705 0.6371
vn -0.1370 -0.5605 0.8167
vn -0.4750 -0.3373 -0.8128
vn 0.8157 -0.5280 0.2361
vn 0.4124 -0.7921 0.4501
vn 0.5795 -0.2371 0.7797
vn 0.0286 0.2433 -0.9695
vn -0.3209 -0.3932 -0.8617
vn -0.4000 -0.3309 -0.8547
vn -0.8666 -0.4969 -0.0457
vn -0.2353 -0.4526 -0.8601
vn -0.3981 -0.8488 0.3478
vn 0.0667 -0.9967 -0.0472
vn -0.9031 0.2236 0.3666
vn -0.8763 0.3272 -0.3536
vn -0.3099 0.8431 0.4395
vn -0.1571 0.8080 0.5679
vn 0.4157 0.8117 -0.4102
vn 0.9738 -0.0031 0.2275
vn 0.8213 0.0031 0.5706
vn 0.8674 -0.1924 0.4589
vn 0.6683 -0.7421 -0.0523
vn 0.8986 -0.4379 -0.0278
vn 0.3745 -0.9271 -0.0133
vn 0.3502 -0.9357 -0.0433
vn 0.1098 0.4522 0.8851
vn 0.2166 0.6076 0.7642
vn 0.2810 0.3227 0.9038
vn 0.1829 0.8155 0.5491
vn -0.3724 -0.7371 0.5639
vn 0.0307 -0.8530 -0.5210
vn -0.3450 -0.9357 0.0737
vn 0.0741 -0.7330 -0.6762
vn 0.3683 -0.5257 0.7668
vn 0.6305 -0.7025 0.3301
vn 0.7096 -0.7032 -0.0433
vn 0.0077 -0.9155 -0.4021
vn -0.8396 -0.5183 -0.1623
vn 0.1229 -0.8035 -0.5825
vn 0.5785 -0.6476 -0.4959
vn 0.0137 -0.7845 -0.6200
vn 0.0621 -0.6323 -0.7722
vn -0.4892 -0.7654 -0.4182
vn 0.5336 0.0070 0.8457
vn 0.5361 -0.0143 0.8440
vn 0.9746 -0.2168 -0.0552
vn 0.3816 0.9229 0.0513
vn 0.1736 0.9053 0.3876
vn -0.6920 -0.7219 0.0107
vn -0.4036 -0.8171 -0.4116
vn -0.2658 -0.1872 -0.9457
vn -0.5171 0.8555 -0.0269
vn -0.5370 0.8430 -0.0312
vn -0.7433 -0.0066 0.6690
vn -0.7612 0.0288 0.6479
vn 0.7043 0.6902 -0.1659
vn -0.0839 0.6164 -0.7830
vn 0.0736 0.7261 -0.6837
vn 0.0611 0.6912 -0.7201
vn -0.5226 0.2918 -0.8011
vn -0.8440 0.5170 -0.1429
vn 0.1464 0.8806 0.4507
vn -0.3036 0.5333 0.7895
vn -0.2746 0.5498 0.7888
vn -0.0488 0.5537 0.8313
vn 0.3395 0.5240 0.7811
vn 0.5471 0.7587 0.3536
vn 0.4868 0.8419 0.2329
vn 0.3666 -0.5665 0.7380
vn -0.8630 -0.4296 0.2658
vn -0.9107 0.3344 -0.2424
vn -0.6615 0.4752 -0.5801
vn -0.3079 0.7869 -0.5347
vn -0.0786 -0.8531 -0.5159
vn -0.8995 0.0920 -0.4271
vn -0.8868 0.1379 -0.4412
vn -0.3660 0.8702 -0.3298
vn -0.3051 0.5949 0.7437
vn -0.1503 -0.1483 0.9774
vn -0.8244 0.5153 -0.2343
vn -0.6392 -0.7689 -0.0115
vn 0.4970 0.7128 0.4949
vn 0.1894 0.7383 0.6473
vn 0.0113 0.8112 0.5847
vn -0.0250 0.8293 0.5583
vn 0.0308 0.8299 0.5571
vn -0.0348 0.7929 0.6084
vn 0.5267 0.3399 0.7792
vn 0.6342 0.3267 0.7007
vn 0.6155 0.3245 0.7182
vn -0.4073 0.8189 -0.4043
vn -0.7273 0.5447 -0.4176
vn -0.4871 0.8422 -0.2312
vn -0.7431 0.1182 -0.6587
vn -0.0253 -0.5620 0.8267
vn 0.8704 0.4913 0.0312
vn 0.6171 0.7862 0.0324
vn 0.6953 0.7091 -0.1172
vn 0.7528 -0.1276 0.6457
vn 0.8526 -0.5184 0.0661
vn 0.2683 -0.8965 0.3526
vn 0.5915 -0.7424 0.3147
vn 0.6110 0.6334 0.4749
vn 0.6937 0.4613 0.5531
vn 0.9330 -0.1345 0.3337
vn 0.4605 0.8704 0.1743
vn -0.3138 0.8586 -0.4053
vn -0.5708 0.7859 -0.2380
vn 0.7953 -0.5878 -0.1482
vn 0.8077 -0.5787 -0.1128
vn 0.7903 -0.5968 -0.1391
vn -0.1771 -0.9839 -0.0219
vn -0.0057 -0.0841 -0.9964
vn -0.1467 -0.9890 -0.0171
vn -0.5374 0.6238 -0.5675
vn -0.1011 0.7638 -0.6375
vn -0.0632 0.7636 -0.6425
vn -0.3336 0.8183 -0.4681
vn -0.6978 0.3168 -0.6424
vn -0.7095 0.3156 -0.6301
vn -0.7643 0.2454 -0.5964
vn -0.6245 -0.2135 -0.7513
vn -0.0012 -0.0724 -0.9974
vn 0.6979 0.1475 -0.7009
vn 0.0012 -0.4082 -0.9129
vn -0.0104 -0.9977 0.0668
vn 0.1297 -0.9716 -0.1981
vn 0.2268 0.9429 -0.2440
vn 0.4519 0.8918 0.0203
vn 0.4360 0.8993 0.0332
vn 0.4764 0.8792 -0.0014
vn 0.4264 0.9036 0.0417
vn 0.4332 0.9002 0.0453
vn 0.4438 0.8958 0.0238
vn 0.4218 0.9066 0.0142
vn -0.5805 0.8142 -0.0077
vn -0.5911 0.8058 -0.0366
vn -0.3631 0.9035 0.2279
vn 0.2804 0.8918 -0.3551
vn 0.0340 0.9079 -0.4178
vn -0.3804 0.8303 -0.4073
vn -0.0538 0.8592 -0.5088
vn 0.0259 0.9995 0.0195
vn 0.0120 0.8849 0.4656
vn -0.0025 0.8912 0.4535
vn -0.0211 0.8941 0.4474
vn -0.0146 0.9064 0.4223
vn -0.0259 0.8837 0.4673
vn -0.0159 0.8997 0.4363
vn 0.0082 0.8922 0.4515
vn -0.0137 0.8846 0.4662
vn 0.7181 0.5646 -0.4068
vn 0.6722 0.6674 -0.3206
vn 0.7317 -0.6728 -0.1095
vn 0.7529 -0.6266 -0.2013
vn 0.9603 -0.0171 0.2785
vn 0.9069 -0.0749 0.4147
vn 0.9812 -0.0418 0.1884
vn 0.9520 0.1067 0.2868
vn 0.1091 -0.4700 0.8759
vn -0.8074 0.4569 0.3733
vn 0.1144 -0.5185 0.8474
vn -0.7207 -0.2710 -0.6381
vn 0.0029 -0.0705 -0.9975
vn -0.0544 0.1498 -0.9872
vn 0.3043 0.9495 0.0767
vn 0.4358 0.9000 -0.0042
vn -0.2153 0.0231 0.9763
vn 0.4435 0.1360 -0.8859
vn 0.0160 -0.7998 -0.6001
vn -0.0120 -0.7617 -0.6478
vn 0.1240 -0.1223 -0.9847
vn -0.0404 -0.6290 0.7763
vn 0.2401 -0.2595 0.9354
vn -0.5231 -0.7881 0.3246
vn -0.9152 -0.3683 0.1635
vn -0.6952 0.0733 -0.7150
vn -0.6904 -0.7046 -0.1639
vn -0.3987 0.3470 0.8489
vn -0.4102 -0.8167 -0.4059
vn -0.4516 0.6714 0.5877
vn 0.8686 0.0134 -0.4954
vn 0.6499 0.6992 0.2979
vn 0.9344 0.3552 -0.0260
vn -0.4143 0.8224 -0.3900
vn 0.5184 0.1530 -0.8413
vn -0.7265 -0.6859 -0.0416
vn -0.0833 -0.1222 -0.9890
vn 0.0274 0.7639 -0.6448
vn 0.9148 -0.3996 -0.0581
vn 0.8865 -0.4627 -0.0053
vn 0.8948 -0.4456 0.0269
vn 0.1898 0.8853 -0.4245
vn 0.1881 -0.2435 0.9515
vn 0.2423 -0.3579 0.9018
vn 0.3988 -0.5035 0.7665
vt 0.054095 0.068005
vt 0.052854 0.067107
vt 0.054095 0.062019
vt 0.975110 0.337509
vt 0.964119 0.340449
vt 0.962370 0.338736
vt 0.692669 0.810738
vt 0.691619 0.805529
vt 0.694777 0.804102
vt 0.315259 0.285327
vt 0.334080 0.280652
vt 0.333813 0.301778
vt 0.325611 0.298471
vt 0.334736 0.304535
vt 0.317716 0.310455
vt 0.311729 0.300317
vt 0.316020 0.302847
vt 0.315116 0.293105
vt 0.800745 0.944129
vt 0.806790 0.945697
vt 0.800898 0.956119
vt 0.793658 0.958046
vt 0.938616 0.057872
vt 0.940781 0.053424
vt 0.941835 0.058732
vt 0.584089 0.099903
vt 0.262748 0.011501
vt 0.340026 0.122100
vt 0.366301 0.270476
vt 0.362541 0.269375
vt 0.366301 0.266174
vt 0.548679 0.089104
vt 0.548679 0.095826
vt 0.546021 0.090428
vt 0.447855 0.545588
vt 0.447855 0.526673
vt 0.451308 0.530412
vt 0.191195 0.078824
vt 0.191195 0.073178
vt 0.193197 0.074753
vt 0.528587 0.082711
vt 0.528587 0.089643
vt 0.526967 0.088446
vt 0.072385 0.033942
vt 0.074188 0.030193
vt 0.074188 0.034003
vt 0.560553 0.296054
vt 0.564135 0.296814
vt 0.563491 0.298408
vt 0.162285 0.101549
vt 0.162285 0.106645
vt 0.160762 0.105141
vt 0.415698 0.956522
vt 0.420527 0.957930
vt 0.387637 0.964634
vt 0.391804 0.955047
vt 0.388873 0.960035
vt 0.388129 0.917687
vt 0.391515 0.929330
vt 0.387620 0.908211
vt 0.390567 0.908862
vt 0.389526 0.905708
vt 0.424252 0.906548
vt 0.425004 0.942788
vt 0.416815 0.945422
vt 0.407389 0.945962
vt 0.411398 0.945607
vt 0.409779 0.952949
vt 0.109382 0.392038
vt 0.108410 0.389210
vt 0.112827 0.389618
vt 0.438943 0.046367
vt 0.434531 0.040540
vt 0.438943 0.032152
vt 0.034096 0.310660
vt 0.034096 0.305405
vt 0.035548 0.307900
vt 0.149921 0.099445
vt 0.149921 0.106645
vt 0.147493 0.103656
vt 0.340026 0.306024
vt 0.336669 0.305342
vt 0.336538 0.301031
vt 0.340026 0.302672
vt 0.031424 0.279371
vt 0.034003 0.275050
vt 0.034003 0.284386
vt 0.951440 0.741488
vt 0.954047 0.749431
vt 0.958192 0.721437
vt 0.961429 0.719314
vt 0.965725 0.721157
vt 0.967530 0.763491
vt 0.952716 0.760437
vt 0.960632 0.764991
vt 0.946293 0.766605
vt 0.913736 0.427327
vt 0.908388 0.415486
vt 0.904372 0.409411
vt 0.903366 0.420231
vt 0.896094 0.339710
vt 0.953776 0.341910
vt 0.974077 0.430589
vt 0.956495 0.431072
vt 0.965691 0.424918
vt 0.941267 0.427370
vt 0.926306 0.429475
vt 0.003403 0.520122
vt 0.004118 0.490418
vt 0.007872 0.483500
vt 0.013910 0.507444
vt 0.006226 0.565680
vt 0.318122 0.072781
vt 0.319934 0.081915
vt 0.313242 0.081915
vt 0.448217 0.487599
vt 0.448217 0.499221
vt 0.438285 0.491298
vt 0.438939 0.504070
vt 0.454219 0.506831
vt 0.459285 0.509774
vt 0.453627 0.511590
vt 0.548833 0.506707
vt 0.537635 0.517271
vt 0.590450 0.490258
vt 0.598197 0.509941
vt 0.621321 0.510044
vt 0.525925 0.548679
vt 0.518263 0.543001
vt 0.486421 0.534645
vt 0.473630 0.528578
vt 0.392896 0.513447
vt 0.382632 0.490258
vt 0.390495 0.496625
vt 0.413512 0.496447
vt 0.418980 0.504876
vt 0.413498 0.495235
vt 0.419935 0.499605
vt 0.013675 0.003026
vt 0.015456 0.001137
vt 0.015456 0.003091
vt 0.018547 0.000066
vt 0.016833 0.003091
vt 0.016784 0.000066
vt 0.734296 0.929665
vt 0.728506 0.970613
vt 0.735203 0.964330
vt 0.732394 0.978886
vt 0.711834 0.969579
vt 0.711753 0.964838
vt 0.706579 0.962783
vt 0.712375 0.958568
vt 0.718264 0.960677
vt 0.725202 0.954205
vt 0.726131 0.931741
vt 0.554845 0.081831
vt 0.553874 0.088804
vt 0.553279 0.092418
vt 0.553914 0.095417
vt 0.551041 0.095826
vt 0.548154 0.077948
vt 0.561044 0.077948
vt 0.480698 0.490339
vt 0.483812 0.489800
vt 0.485086 0.506948
vt 0.480775 0.503889
vt 0.471057 0.499747
vt 0.476520 0.498286
vt 0.471904 0.497178
vt 0.472785 0.494645
vt 0.473552 0.492135
vt 0.473742 0.489200
vt 0.477070 0.492755
vt 0.476364 0.486713
vt 0.481263 0.486448
vt 0.010858 0.018547
vt 0.010858 0.014459
vt 0.012365 0.017156
vt 0.058965 0.878866
vt 0.059018 0.874938
vt 0.061536 0.873431
vt 0.581136 0.174062
vt 0.570884 0.174006
vt 0.569246 0.231836
vt 0.565041 0.231071
vt 0.562985 0.162743
vt 0.361857 0.377120
vt 0.360535 0.372766
vt 0.363210 0.372766
vt 0.825929 0.783626
vt 0.832546 0.778160
vt 0.835652 0.779634
vt 0.830835 0.784735
vt 0.845149 0.779636
vt 0.848520 0.846131
vt 0.837906 0.865080
vt 0.839661 0.851125
vt 0.836335 0.840715
vt 0.831295 0.865471
vt 0.827547 0.856732
vt 0.823545 0.858106
vt 0.816391 0.861022
vt 0.817891 0.844787
vt 0.818986 0.827465
vt 0.821850 0.794909
vt 0.215604 0.890791
vt 0.214612 0.858842
vt 0.227894 0.858479
vt 0.228921 0.902716
vt 0.215140 0.915467
vt 0.335111 0.296750
vt 0.335111 0.280721
vt 0.340026 0.286146
vt 0.933920 0.828613
vt 0.939575 0.823142
vt 0.942553 0.822778
vt 0.550225 0.233382
vt 0.542715 0.223388
vt 0.550225 0.222952
vt 0.554861 0.564135
vt 0.548345 0.561850
vt 0.554861 0.556936
vt 0.477145 0.545588
vt 0.477145 0.534740
vt 0.480674 0.537214
vt 0.479552 0.545075
vt 0.360119 0.111399
vt 0.360119 0.120555
vt 0.356400 0.115368
vt 0.492880 0.988359
vt 0.496472 0.992646
vt 0.491322 0.995240
vt 0.486918 0.990779
vt 0.490076 0.984721
vt 0.487733 0.981231
vt 0.495907 0.982999
vt 0.517124 0.550245
vt 0.514957 0.552366
vt 0.503707 0.554152
vt 0.476873 0.510040
vt 0.476873 0.503467
vt 0.479128 0.507967
vt 0.342359 0.111281
vt 0.343454 0.095266
vt 0.347754 0.102472
vt 0.066460 0.455944
vt 0.063455 0.448789
vt 0.066460 0.438693
vt 0.084709 0.105395
vt 0.094314 0.109487
vt 0.093385 0.112048
vt 0.034003 0.253474
vt 0.031796 0.247491
vt 0.034003 0.243958
vt 0.876376 0.087235
vt 0.877529 0.145284
vt 0.866397 0.142732
vt 0.862934 0.091141
vt 0.350470 0.475377
vt 0.352391 0.479408
vt 0.350470 0.483765
vt 0.370580 0.352972
vt 0.374029 0.352972
vt 0.374015 0.356709
vt 0.372654 0.361664
vt 0.003091 0.558042
vt 0.000132 0.561044
vt 0.000132 0.554208
vt 0.433817 0.961634
vt 0.427674 0.910604
vt 0.433258 0.914991
vt 0.430355 0.911803
vt 0.425412 0.908240
vt 0.474491 0.908903
vt 0.456387 0.910192
vt 0.469852 0.910070
vt 0.465916 0.915527
vt 0.469321 0.921810
vt 0.464876 0.946734
vt 0.456360 0.962521
vt 0.450123 0.965040
vt 0.459357 0.964009
vt 0.451379 0.967530
vt 0.474491 0.504970
vt 0.474166 0.510040
vt 0.471629 0.505985
vt 0.471629 0.502342
vt 0.294188 0.069455
vt 0.296750 0.072948
vt 0.294188 0.078824
vt 0.336935 0.541834
vt 0.336935 0.551770
vt 0.334354 0.549742
vt 0.276333 0.434306
vt 0.279344 0.427540
vt 0.280948 0.433717
vt 0.166471 0.051021
vt 0.171559 0.045449
vt 0.171559 0.058732
vt 0.929527 0.821513
vt 0.950027 0.808430
vt 0.945632 0.813609
vt 0.949436 0.815587
vt 0.938991 0.817242
vt 0.930764 0.822482
vt 0.928910 0.825337
vt 0.926225 0.824870
vt 0.322287 0.513567
vt 0.324571 0.520856
vt 0.322287 0.523950
vt 0.076853 0.079847
vt 0.182378 0.079847
vt 0.174628 0.087699
vt 0.083120 0.082759
vt 0.518901 0.546463
vt 0.522404 0.548629
vt 0.518901 0.556407
vt 0.200925 0.029064
vt 0.200925 0.038639
vt 0.197665 0.030371
vt 0.532094 0.769696
vt 0.532598 0.743411
vt 0.536244 0.733270
vt 0.536314 0.757934
vt 0.084266 0.433225
vt 0.089643 0.432485
vt 0.088592 0.452853
vt 0.988485 0.590437
vt 0.993804 0.625512
vt 0.984345 0.618403
vt 0.988122 0.624358
vt 0.993444 0.629049
vt 0.965788 0.627715
vt 0.962725 0.611524
vt 0.967633 0.619885
vt 0.962708 0.591513
vt 0.411123 0.394122
vt 0.407745 0.389748
vt 0.411123 0.385310
vt 0.808647 0.762250
vt 0.816063 0.771505
vt 0.811158 0.768943
vt 0.338921 0.613231
vt 0.341556 0.599929
vt 0.340831 0.649030
vt 0.338676 0.647940
vt 0.811689 0.045007
vt 0.816840 0.040856
vt 0.818903 0.043850
vt 0.822246 0.048943
vt 0.819919 0.063369
vt 0.817766 0.056561
vt 0.816917 0.061770
vt 0.813348 0.061784
vt 0.814900 0.050617
vt 0.811689 0.051583
vt 0.957523 0.516592
vt 0.954082 0.514891
vt 0.949887 0.514949
vt 0.954345 0.508012
vt 0.972022 0.511247
vt 0.969318 0.551018
vt 0.972166 0.550564
vt 0.972062 0.554548
vt 0.967948 0.554861
vt 0.965163 0.550805
vt 0.956120 0.553086
vt 0.382115 0.492454
vt 0.384848 0.500889
vt 0.382115 0.511585
vt 0.770377 0.360119
vt 0.769948 0.336655
vt 0.775878 0.346264
vt 0.775861 0.357307
vt 0.096906 0.106790
vt 0.102008 0.100447
vt 0.102008 0.108190
vt 0.438169 0.074623
vt 0.438573 0.069488
vt 0.442034 0.076416
vt 0.438169 0.081915
vt 0.523950 0.182378
vt 0.521877 0.180706
vt 0.523950 0.175677
vt 0.525725 0.080985
vt 0.525776 0.088840
vt 0.522537 0.085927
vt 0.482829 0.914460
vt 0.501186 0.913548
vt 0.492825 0.917561
vt 0.520883 0.914884
vt 0.524796 0.910916
vt 0.523461 0.919743
vt 0.525495 0.931940
vt 0.525327 0.961347
vt 0.482349 0.949439
vt 0.618712 0.645461
vt 0.615971 0.644410
vt 0.614948 0.640477
vt 0.614485 0.635947
vt 0.618273 0.636807
vt 0.873368 0.920724
vt 0.887220 0.910651
vt 0.886127 0.914448
vt 0.890251 0.909666
vt 0.888897 0.922534
vt 0.887370 0.925334
vt 0.885627 0.922470
vt 0.879269 0.925903
vt 0.856897 0.928080
vt 0.819521 0.930436
vt 0.819372 0.926017
vt 0.814703 0.929894
vt 0.814521 0.924985
vt 0.813590 0.927374
vt 0.801129 0.923433
vt 0.798854 0.915369
vt 0.814339 0.911374
vt 0.814166 0.916490
vt 0.818695 0.916087
vt 0.820379 0.920510
vt 0.873594 0.923244
vt 0.880029 0.919090
vt 0.182378 0.091189
vt 0.179391 0.087770
vt 0.182378 0.082432
vt 0.347754 0.109764
vt 0.347754 0.119009
vt 0.340820 0.114074
vt 0.564135 0.285667
vt 0.564135 0.295205
vt 0.560022 0.293657
vt 0.555755 0.291229
vt 0.616502 0.943209
vt 0.617076 0.935289
vt 0.620235 0.978772
vt 0.619995 0.982985
vt 0.576537 0.976449
vt 0.576046 0.951125
vt 0.611961 0.943159
vt 0.606670 0.948825
vt 0.529263 0.284386
vt 0.525128 0.277126
vt 0.530132 0.277126
vt 0.369977 0.347754
vt 0.369977 0.337285
vt 0.372483 0.344972
vt 0.367034 0.472458
vt 0.363858 0.460298
vt 0.362991 0.454623
vt 0.375310 0.453128
vt 0.367858 0.459326
vt 0.653446 0.496532
vt 0.656486 0.490024
vt 0.656869 0.495917
vt 0.656342 0.504347
vt 0.393768 0.516425
vt 0.398758 0.517488
vt 0.393768 0.523950
vt 0.032457 0.068005
vt 0.027902 0.063078
vt 0.032457 0.060114
vt 0.527041 0.551328
vt 0.527041 0.561044
vt 0.520572 0.560537
vt 0.273157 0.733686
vt 0.274146 0.778970
vt 0.266277 0.778331
vt 0.266054 0.725011
vt 0.274086 0.722946
vt 0.276658 0.746617
vt 0.009082 0.148375
vt 0.009082 0.142393
vt 0.012365 0.144545
vt 0.806124 0.330753
vt 0.806174 0.325483
vt 0.808881 0.318536
vt 0.809279 0.314033
vt 0.814660 0.307354
vt 0.814168 0.312405
vt 0.814311 0.317473
vt 0.814934 0.322897
vt 0.816876 0.316936
vt 0.819155 0.330753
vt 0.814142 0.329007
vt 0.462127 0.611260
vt 0.456950 0.615139
vt 0.445258 0.613262
vt 0.443878 0.608033
vt 0.440391 0.606776
vt 0.440391 0.601869
vt 0.440708 0.597716
vt 0.443367 0.594512
vt 0.444317 0.590958
vt 0.445781 0.595094
vt 0.446627 0.587996
vt 0.448032 0.591793
vt 0.446710 0.583833
vt 0.448968 0.588398
vt 0.454928 0.590475
vt 0.457990 0.593421
vt 0.460118 0.597751
vt 0.461187 0.602325
vt 0.186195 0.059219
vt 0.191651 0.058041
vt 0.191651 0.071096
vt 0.783597 0.767225
vt 0.784536 0.802442
vt 0.782170 0.810129
vt 0.779970 0.779080
vt 0.782598 0.844347
vt 0.779622 0.850585
vt 0.774470 0.854940
vt 0.770890 0.853902
vt 0.762889 0.848854
vt 0.740905 0.850009
vt 0.717558 0.850589
vt 0.712210 0.845581
vt 0.704534 0.840178
vt 0.634688 0.841212
vt 0.681148 0.842826
vt 0.621133 0.848462
vt 0.618690 0.841404
vt 0.623304 0.845292
vt 0.619582 0.846629
vt 0.620066 0.841037
vt 0.622662 0.838285
vt 0.617102 0.843187
vt 0.627080 0.790917
vt 0.631059 0.793568
vt 0.628528 0.800049
vt 0.631080 0.799869
vt 0.636047 0.804405
vt 0.642811 0.825953
vt 0.641406 0.818982
vt 0.645377 0.824745
vt 0.645795 0.830592
vt 0.692773 0.833032
vt 0.680045 0.831498
vt 0.761760 0.827316
vt 0.765776 0.816283
vt 0.707756 0.773712
vt 0.696449 0.777102
vt 0.703349 0.770532
vt 0.765954 0.752091
vt 0.769107 0.756903
vt 0.768389 0.752746
vt 0.785478 0.753133
vt 0.786549 0.755657
vt 0.789126 0.755345
vt 0.793348 0.784142
vt 0.809766 0.783648
vt 0.808235 0.808466
vt 0.796654 0.812651
vt 0.795375 0.851690
vt 0.812299 0.853083
vt 0.813464 0.887764
vt 0.789550 0.888837
vt 0.784654 0.871051
vt 0.739318 0.868104
vt 0.752323 0.865705
vt 0.728571 0.868403
vt 0.725527 0.873374
vt 0.726790 0.878447
vt 0.725344 0.881597
vt 0.714654 0.884325
vt 0.708541 0.883131
vt 0.705765 0.886204
vt 0.701905 0.880124
vt 0.695467 0.876675
vt 0.704985 0.877291
vt 0.697385 0.875088
vt 0.668169 0.877439
vt 0.664566 0.881459
vt 0.667161 0.884837
vt 0.649751 0.884003
vt 0.652101 0.881466
vt 0.650180 0.877842
vt 0.639249 0.875589
vt 0.643787 0.873003
vt 0.623424 0.875477
vt 0.620342 0.877678
vt 0.616849 0.881616
vt 0.621565 0.879621
vt 0.620107 0.887741
vt 0.607396 0.886152
vt 0.612078 0.890251
vt 0.598558 0.888340
vt 0.595743 0.870576
vt 0.600580 0.876355
vt 0.596900 0.853757
vt 0.609675 0.850943
vt 0.607741 0.812813
vt 0.596706 0.809237
vt 0.612347 0.806924
vt 0.615640 0.807606
vt 0.614907 0.837049
vt 0.617149 0.843933
vt 0.618724 0.861324
vt 0.620013 0.854641
vt 0.622290 0.859812
vt 0.625196 0.864948
vt 0.649045 0.865136
vt 0.657354 0.864891
vt 0.648366 0.862618
vt 0.784763 0.858867
vt 0.789994 0.852958
vt 0.788352 0.785879
vt 0.788243 0.778992
vt 0.785466 0.786520
vt 0.783883 0.761021
vt 0.778272 0.757240
vt 0.782827 0.760282
vt 0.779460 0.761639
vt 0.778896 0.767071
vt 0.781485 0.761107
vt 0.784580 0.759810
vt 0.456300 0.496892
vt 0.459264 0.496192
vt 0.462424 0.494727
vt 0.461672 0.502503
vt 0.458845 0.503543
vt 0.456258 0.505403
vt 0.371155 0.103361
vt 0.375575 0.111117
vt 0.370919 0.119009
vt 0.370919 0.110562
vt 0.702569 0.369614
vt 0.701368 0.365904
vt 0.705389 0.367335
vt 0.459257 0.304401
vt 0.456824 0.309115
vt 0.457235 0.302584
vt 0.456824 0.300255
vt 0.460581 0.301177
vt 0.106645 0.105671
vt 0.103572 0.106645
vt 0.103572 0.100982
vt 0.354148 0.382585
vt 0.356155 0.378274
vt 0.359063 0.374443
vt 0.359235 0.379062
vt 0.359514 0.376532
vt 0.363210 0.401458
vt 0.347365 0.399337
vt 0.353333 0.378016
vt 0.968404 0.011593
vt 0.963135 0.006651
vt 0.962213 0.000097
vt 0.973712 0.014422
vt 0.972649 0.024288
vt 0.968355 0.032913
vt 0.962213 0.043276
vt 0.962898 0.036331
vt 0.968782 0.023056
vt 0.969790 0.015350
vt 0.656869 0.511046
vt 0.653180 0.505550
vt 0.035967 0.878231
vt 0.001329 0.879573
vt 0.001329 0.834000
vt 0.048109 0.838642
vt 0.045131 0.869169
vt 0.050535 0.855653
vt 0.052550 0.892191
vt 0.048603 0.890374
vt 0.048710 0.905707
vt 0.041393 0.886694
vt 0.432761 0.370938
vt 0.428818 0.367504
vt 0.432761 0.362136
vt 0.002917 0.057186
vt 0.000820 0.057050
vt 0.000820 0.049238
vt 0.003091 0.053076
vt 0.354515 0.101583
vt 0.352557 0.103554
vt 0.342762 0.092347
vt 0.344821 0.086959
vt 0.445125 0.085990
vt 0.441925 0.093595
vt 0.437977 0.100698
vt 0.232598 0.678954
vt 0.232688 0.672128
vt 0.237257 0.673032
vt 0.440489 0.019043
vt 0.440489 0.027820
vt 0.435721 0.022822
vt 0.933527 0.102701
vt 0.920738 0.105099
vt 0.911751 0.097788
vt 0.920652 0.098511
vt 0.912015 0.091096
vt 0.912135 0.022653
vt 0.933527 0.021519
vt 0.250975 0.523626
vt 0.250475 0.495011
vt 0.255715 0.502885
vt 0.255787 0.515198
vt 0.257412 0.527594
vt 0.246870 0.528033
vt 0.092827 0.944499
vt 0.090552 0.948585
vt 0.086451 0.948609
vt 0.324385 0.346640
vt 0.327655 0.342190
vt 0.332299 0.335138
vt 0.330885 0.344955
vt 0.332299 0.350845
vt 0.224108 0.999987
vt 0.181633 0.999987
vt 0.183220 0.996882
vt 0.187932 0.988263
vt 0.190511 0.981223
vt 0.191778 0.988604
vt 0.199778 0.959404
vt 0.213405 0.961903
vt 0.208625 0.956913
vt 0.221428 0.958357
vt 0.223130 0.978856
vt 0.218254 0.969624
vt 0.218982 0.977670
vt 0.558049 0.278889
vt 0.558878 0.275686
vt 0.562589 0.275950
vt 0.560754 0.279031
vt 0.562589 0.281932
vt 0.557127 0.282840
vt 0.310660 0.076934
vt 0.310660 0.081915
vt 0.308412 0.079953
vt 0.466243 0.547133
vt 0.463023 0.542829
vt 0.463023 0.538374
vt 0.466828 0.535055
vt 0.466700 0.539465
vt 0.866542 0.212797
vt 0.864196 0.183102
vt 0.877905 0.179523
vt 0.882523 0.184742
vt 0.881195 0.207944
vt 0.882523 0.216380
vt 0.978120 0.759383
vt 0.976132 0.765059
vt 0.973920 0.763929
vt 0.970563 0.762196
vt 0.970857 0.725158
vt 0.982438 0.725118
vt 0.979439 0.754665
vt 0.982985 0.749616
vt 0.982940 0.755967
vt 0.982649 0.760756
vt 0.979112 0.763435
vt 0.094280 0.108190
vt 0.090809 0.106211
vt 0.094280 0.102598
vt 0.436568 0.049203
vt 0.436787 0.083461
vt 0.433043 0.079859
vt 0.433619 0.048019
vt 0.791187 0.709661
vt 0.789536 0.732602
vt 0.786805 0.725542
vt 0.786805 0.708308
vt 0.557952 0.296730
vt 0.554374 0.301387
vt 0.554374 0.291572
vt 0.270977 0.679171
vt 0.258195 0.680349
vt 0.260834 0.675539
vt 0.017001 0.063294
vt 0.011233 0.063900
vt 0.011294 0.060381
vt 0.327054 0.060277
vt 0.324598 0.055021
vt 0.329207 0.055021
vt 0.106657 0.062891
vt 0.108190 0.066016
vt 0.106657 0.068005
vt 0.538559 0.083745
vt 0.543112 0.081556
vt 0.545588 0.077756
vt 0.544728 0.087215
vt 0.545588 0.095826
vt 0.532355 0.091420
vt 0.534094 0.086716
vt 0.366301 0.119009
vt 0.362242 0.119009
vt 0.362320 0.114213
vt 0.337099 0.680415
vt 0.331984 0.683843
vt 0.329728 0.678359
vt 0.384848 0.111821
vt 0.384848 0.120555
vt 0.381380 0.116728
vt 0.613562 0.646982
vt 0.612086 0.642502
vt 0.955445 0.218386
vt 0.954159 0.183978
vt 0.961097 0.188589
vt 0.954813 0.188698
vt 0.966817 0.185181
vt 0.970720 0.179431
vt 0.974541 0.178682
vt 0.975024 0.189216
vt 0.971320 0.183828
vt 0.970839 0.220970
vt 0.966289 0.223985
vt 0.966428 0.220104
vt 0.961369 0.224978
vt 0.956709 0.225654
vt 0.284242 0.701879
vt 0.289820 0.719437
vt 0.288508 0.723054
vt 0.277365 0.723329
vt 0.277509 0.720252
vt 0.272078 0.720477
vt 0.272298 0.716652
vt 0.275731 0.712540
vt 0.270985 0.687166
vt 0.260944 0.686420
vt 0.239676 0.680497
vt 0.238646 0.685688
vt 0.237748 0.625946
vt 0.229552 0.614091
vt 0.201333 0.613500
vt 0.212363 0.609830
vt 0.139718 0.621721
vt 0.143612 0.613593
vt 0.122574 0.634871
vt 0.110092 0.628081
vt 0.092837 0.612295
vt 0.070634 0.599111
vt 0.287185 0.564685
vt 0.285096 0.591408
vt 0.287435 0.582453
vt 0.290568 0.669382
vt 0.287316 0.678219
vt 0.289248 0.686176
vt 0.287147 0.693843
vt 0.289974 0.709236
vt 0.454399 0.547133
vt 0.450708 0.544476
vt 0.454399 0.528557
vt 0.017311 0.304141
vt 0.024576 0.339465
vt 0.018912 0.338760
vt 0.015622 0.335419
vt 0.015235 0.311686
vt 0.322391 0.055284
vt 0.324571 0.060113
vt 0.322391 0.063369
vt 0.071096 0.030109
vt 0.071096 0.034003
vt 0.069142 0.032690
vt 0.054501 0.016816
vt 0.055641 0.020092
vt 0.052732 0.020092
vt 0.326124 0.525495
vt 0.326124 0.506288
vt 0.332299 0.514411
vt 0.003777 0.147608
vt 0.007728 0.142319
vt 0.007728 0.156103
vt 0.140845 0.106645
vt 0.139486 0.103708
vt 0.138195 0.100390
vt 0.143738 0.100390
vt 0.143605 0.105672
vt 0.304679 0.996741
vt 0.296481 0.962165
vt 0.290876 0.958199
vt 0.296105 0.957559
vt 0.288820 0.954047
vt 0.327998 0.957347
vt 0.332298 0.952997
vt 0.329182 0.993547
vt 0.624193 0.753098
vt 0.625453 0.759568
vt 0.625537 0.764123
vt 0.624320 0.771639
vt 0.620726 0.773614
vt 0.618681 0.770718
vt 0.616680 0.760772
vt 0.620587 0.759850
vt 0.616728 0.756807
vt 0.620066 0.754204
vt 0.621861 0.749776
vt 0.014368 0.805244
vt 0.014100 0.781630
vt 0.020092 0.790057
vt 0.350220 0.510040
vt 0.350220 0.503276
vt 0.352391 0.507448
vt 0.647051 0.938566
vt 0.639814 0.938159
vt 0.632816 0.937863
vt 0.631145 0.934567
vt 0.624694 0.936613
vt 0.617009 0.934132
vt 0.611380 0.935404
vt 0.606064 0.936326
vt 0.598971 0.938012
vt 0.605621 0.932955
vt 0.589916 0.938110
vt 0.589556 0.939501
vt 0.566881 0.937384
vt 0.577096 0.937507
vt 0.559030 0.936775
vt 0.553373 0.937040
vt 0.544546 0.936587
vt 0.548887 0.934053
vt 0.545301 0.935376
vt 0.542059 0.939709
vt 0.545322 0.927174
vt 0.547424 0.860866
vt 0.558844 0.869984
vt 0.555588 0.863531
vt 0.626877 0.920647
vt 0.618624 0.917648
vt 0.636186 0.930793
vt 0.648572 0.932768
vt 0.652232 0.939709
vt 0.381583 0.315297
vt 0.381583 0.287418
vt 0.387939 0.299877
vt 0.559729 0.085084
vt 0.455322 0.334336
vt 0.455983 0.332038
vt 0.459036 0.331824
vt 0.459036 0.336815
vt 0.455301 0.336935
vt 0.064560 0.417503
vt 0.060536 0.421557
vt 0.064754 0.413000
vt 0.096343 0.978503
vt 0.095859 0.946006
vt 0.134465 0.949114
vt 0.130249 0.977713
vt 0.124125 0.980582
vt 0.129875 0.980731
vt 0.134465 0.983301
vt 0.132463 0.987050
vt 0.133945 0.990713
vt 0.105143 0.989468
vt 0.103847 0.981371
vt 0.124421 0.977199
vt 0.340147 0.218533
vt 0.343118 0.216224
vt 0.343118 0.225654
vt 0.389364 0.391332
vt 0.391030 0.393688
vt 0.388441 0.396540
vt 0.385278 0.400275
vt 0.381862 0.395217
vt 0.448256 0.350942
vt 0.445823 0.375783
vt 0.435112 0.378270
vt 0.445651 0.363033
vt 0.442159 0.361886
vt 0.440921 0.340946
vt 0.435718 0.337311
vt 0.437509 0.333601
vt 0.438598 0.329904
vt 0.433941 0.336311
vt 0.405526 0.333948
vt 0.414810 0.329781
vt 0.380606 0.333999
vt 0.380884 0.324588
vt 0.381412 0.321438
vt 0.393596 0.320080
vt 0.385985 0.324489
vt 0.399915 0.320230
vt 0.391975 0.326546
vt 0.399320 0.323845
vt 0.413487 0.318257
vt 0.411694 0.312285
vt 0.419395 0.315449
vt 0.400149 0.306152
vt 0.397154 0.307246
vt 0.365022 0.255546
vt 0.369640 0.268675
vt 0.361123 0.256470
vt 0.356466 0.242433
vt 0.343577 0.210650
vt 0.340637 0.180599
vt 0.345624 0.193235
vt 0.341742 0.118808
vt 0.451852 0.122335
vt 0.449072 0.330957
vt 0.453626 0.320480
vt 0.451333 0.350881
vt 0.443923 0.337939
vt 0.969064 0.806790
vt 0.969064 0.767003
vt 0.975404 0.767072
vt 0.973698 0.806007
vt 0.557877 0.224770
vt 0.562589 0.224426
vt 0.561284 0.227896
vt 0.562589 0.231836
vt 0.558810 0.228490
vt 0.004585 0.486139
vt 0.003438 0.477706
vt 0.002323 0.483483
vt 0.000911 0.478047
vt 0.005417 0.430291
vt 0.001306 0.444250
vt 0.000911 0.412197
vt 0.004784 0.405063
vt 0.008636 0.409540
vt 0.929109 0.552865
vt 0.932990 0.553521
vt 0.931214 0.575182
vt 0.922963 0.609392
vt 0.926432 0.610128
vt 0.920341 0.615139
vt 0.912053 0.611978
vt 0.907417 0.530653
vt 0.918169 0.531010
vt 0.922973 0.531196
vt 0.927426 0.542976
vt 0.924240 0.550142
vt 0.930527 0.549331
vt 0.265138 0.451635
vt 0.259992 0.464994
vt 0.259807 0.457291
vt 0.000288 0.068230
vt 0.003091 0.070738
vt 0.000288 0.074188
vt 0.341572 0.569145
vt 0.339223 0.576499
vt 0.338354 0.570173
vt 0.337953 0.563276
vt 0.341461 0.554826
vt 0.603714 0.782223
vt 0.607614 0.777783
vt 0.610152 0.778086
vt 0.034624 0.068005
vt 0.037522 0.060281
vt 0.041633 0.065247
vt 0.041731 0.068005
vt 0.349031 0.045736
vt 0.352391 0.051004
vt 0.348248 0.051004
vt 0.971231 0.483927
vt 0.978925 0.480724
vt 0.977655 0.485731
vt 0.981749 0.486349
vt 0.981510 0.520859
vt 0.978773 0.515102
vt 0.974223 0.510127
vt 0.969544 0.508154
vt 0.969357 0.505421
vt 0.965556 0.500926
vt 0.960558 0.496122
vt 0.961552 0.494950
vt 0.958006 0.493525
vt 0.959363 0.490754
vt 0.962711 0.481531
vt 0.025588 0.319275
vt 0.023105 0.312094
vt 0.026736 0.311443
vt 0.026919 0.307904
vt 0.032457 0.305540
vt 0.030607 0.312103
vt 0.027293 0.317063
vt 0.029496 0.320838
vt 0.336935 0.059954
vt 0.332287 0.063369
vt 0.332287 0.055364
vt 0.118683 0.020259
vt 0.121846 0.022364
vt 0.118683 0.026275
vt 0.341018 0.149762
vt 0.343118 0.149762
vt 0.342209 0.154557
vt 0.024729 0.445850
vt 0.024729 0.454399
vt 0.023177 0.450877
vt 0.424895 0.621592
vt 0.418609 0.623172
vt 0.416872 0.620683
vt 0.419576 0.617856
vt 0.421694 0.619200
vt 0.058022 0.062237
vt 0.061823 0.062237
vt 0.061262 0.068005
vt 0.340026 0.282840
vt 0.336014 0.277968
vt 0.340026 0.277653
vt 0.324571 0.523629
vt 0.324571 0.534769
vt 0.321558 0.530261
vt 0.086857 0.096975
vt 0.093980 0.099828
vt 0.086488 0.100462
vt 0.486575 0.493038
vt 0.487502 0.487961
vt 0.491493 0.484709
vt 0.862836 0.172175
vt 0.864296 0.161585
vt 0.868964 0.163980
vt 0.899619 0.167156
vt 0.932566 0.162937
vt 0.948374 0.163241
vt 0.955188 0.163725
vt 0.771802 0.935142
vt 0.769253 0.934179
vt 0.767786 0.939268
vt 0.765285 0.937925
vt 0.766944 0.933639
vt 0.770863 0.927817
vt 0.773536 0.930285
vt 0.235230 0.016434
vt 0.235230 0.010048
vt 0.239564 0.014917
vt 0.238695 0.017001
vt 0.820709 0.779086
vt 0.828011 0.775041
vt 0.815932 0.810309
vt 0.106908 0.394568
vt 0.109954 0.400181
vt 0.103414 0.401849
vt 0.103414 0.390587
vt 0.404535 0.969420
vt 0.419874 0.964799
vt 0.424867 0.957371
vt 0.425807 0.966580
vt 0.430536 0.969267
vt 0.435563 0.971440
vt 0.440489 0.968853
vt 0.440453 0.993541
vt 0.407390 0.994327
vt 0.018492 0.017405
vt 0.018547 0.016725
vt 0.018547 0.018547
vt 0.018354 0.018048
vt 0.451917 0.340633
vt 0.454917 0.338538
vt 0.459036 0.338858
vt 0.458210 0.357630
vt 0.455479 0.358573
vt 0.455464 0.345114
vt 0.117358 0.027820
vt 0.001777 0.022543
vt 0.117464 0.022612
vt 0.616451 0.802743
vt 0.071563 0.683783
vt 0.086563 0.684106
vt 0.102231 0.688375
vt 0.084834 0.687467
vt 0.562589 0.011754
vt 0.562589 0.020092
vt 0.558926 0.015456
vt 0.698600 0.801305
vt 0.493774 0.497962
vt 0.495822 0.502236
vt 0.500914 0.499097
vt 0.500821 0.511907
vt 0.491749 0.514659
vt 0.487628 0.505129
vt 0.490978 0.504730
vt 0.488951 0.501786
vt 0.205572 0.666988
vt 0.205845 0.649102
vt 0.205669 0.632108
vt 0.200796 0.618712
vt 0.204426 0.620374
vt 0.206717 0.619191
vt 0.209545 0.615531
vt 0.217454 0.634684
vt 0.217871 0.652660
vt 0.214513 0.692825
vt 0.205049 0.695509
vt 0.200796 0.680676
vt 0.205223 0.690150
vt 0.202207 0.647704
vt 0.290568 0.407733
vt 0.290568 0.421942
vt 0.287807 0.417331
vt 0.624977 0.592194
vt 0.625240 0.598119
vt 0.620671 0.598000
vt 0.518417 0.279335
vt 0.517151 0.282748
vt 0.514759 0.284386
vt 0.514759 0.276219
vt 0.519313 0.277657
vt 0.349528 0.105095
vt 0.361664 0.105095
vt 0.351199 0.120555
vt 0.609613 0.481729
vt 0.609483 0.476743
vt 0.616220 0.480668
vt 0.619775 0.495602
vt 0.616508 0.502985
vt 0.609772 0.504472
vt 0.601084 0.506948
vt 0.601084 0.480984
vt 0.128545 0.097151
vt 0.129669 0.100054
vt 0.087494 0.093073
vt 0.113380 0.094623
vt 0.121466 0.095725
vt 0.112649 0.091573
vt 0.180590 0.090736
vt 0.172128 0.095544
vt 0.185053 0.093938
vt 0.188731 0.093883
vt 0.190737 0.096955
vt 0.187998 0.097112
vt 0.184252 0.097622
vt 0.172193 0.098933
vt 0.163105 0.099582
vt 0.152874 0.099823
vt 0.162636 0.096946
vt 0.616463 0.649536
vt 0.614213 0.657259
vt 0.619775 0.650975
vt 0.619438 0.655452
vt 0.619733 0.662891
vt 0.614533 0.664597
vt 0.614421 0.660762
vt 0.608852 0.659734
vt 0.611130 0.649424
vt 0.806111 0.058801
vt 0.801267 0.057764
vt 0.804052 0.056111
vt 0.177036 0.011365
vt 0.179287 0.013144
vt 0.177036 0.017001
vt 0.010965 0.406068
vt 0.016703 0.409489
vt 0.016987 0.449867
vt 0.010934 0.463672
vt 0.011014 0.450249
vt 0.066460 0.425325
vt 0.065000 0.434018
vt 0.059671 0.453680
vt 0.051914 0.450959
vt 0.047341 0.454399
vt 0.049162 0.450841
vt 0.049851 0.439573
vt 0.047148 0.428812
vt 0.047905 0.435057
vt 0.041503 0.430184
vt 0.036431 0.431293
vt 0.038207 0.418535
vt 0.033287 0.421006
vt 0.030613 0.417028
vt 0.027709 0.418814
vt 0.027709 0.405067
vt 0.033997 0.411494
vt 0.032784 0.405056
vt 0.040988 0.410097
vt 0.332299 0.516863
vt 0.332299 0.525495
vt 0.329256 0.523442
vt 0.477772 0.973848
vt 0.479579 0.974335
vt 0.481212 0.975141
vt 0.486856 0.979607
vt 0.460622 0.978930
vt 0.460622 0.967788
vt 0.470380 0.934515
vt 0.473909 0.937421
vt 0.476407 0.936253
vt 0.482402 0.970848
vt 0.046367 0.032457
vt 0.044632 0.030122
vt 0.046367 0.029300
vt 0.804739 0.052429
vt 0.298296 0.076481
vt 0.298296 0.081915
vt 0.295078 0.079474
vt 0.168259 0.042513
vt 0.170013 0.037061
vt 0.170013 0.043276
vt 0.390741 0.338326
vt 0.386163 0.338521
vt 0.386980 0.333719
vt 0.340026 0.289777
vt 0.340026 0.301387
vt 0.336541 0.299100
vt 0.624421 0.856296
vt 0.623500 0.852901
vt 0.619143 0.850277
vt 0.629129 0.853791
vt 0.628463 0.851578
vt 0.753011 0.853256
vt 0.731035 0.853761
vt 0.739963 0.856947
vt 0.680779 0.856250
vt 0.668310 0.853377
vt 0.693983 0.849673
vt 0.634166 0.851432
vt 0.656547 0.855813
vt 0.167370 0.023810
vt 0.168586 0.037094
vt 0.167370 0.033493
vt 0.370938 0.046144
vt 0.370938 0.051004
vt 0.367522 0.050140
vt 0.000301 0.726142
vt 0.004637 0.726807
vt 0.004094 0.739753
vt 0.174650 0.106645
vt 0.173601 0.104140
vt 0.174650 0.100514
vt 0.156541 0.106645
vt 0.156541 0.100685
vt 0.160740 0.102786
vt 0.172470 0.062916
vt 0.173388 0.015965
vt 0.175810 0.016654
vt 0.175522 0.068005
vt 0.323129 0.511585
vt 0.323129 0.477068
vt 0.327662 0.494543
vt 0.958438 0.871508
vt 0.950838 0.876353
vt 0.950838 0.868774
vt 0.959853 0.867953
vt 0.970621 0.870927
vt 0.962304 0.905448
vt 0.967175 0.908560
vt 0.962316 0.912224
vt 0.956454 0.914980
vt 0.953025 0.908086
vt 0.957662 0.906421
vt 0.438943 0.341670
vt 0.437849 0.346068
vt 0.436295 0.344102
vt 0.171559 0.100598
vt 0.170445 0.106645
vt 0.169520 0.100598
vt 0.039885 0.028761
vt 0.043276 0.028761
vt 0.042440 0.032457
vt 0.199037 0.851574
vt 0.210003 0.856661
vt 0.210182 0.858944
vt 0.352098 0.544598
vt 0.352377 0.568507
vt 0.352391 0.579053
vt 0.351919 0.588429
vt 0.349069 0.579318
vt 0.352287 0.599683
vt 0.349455 0.599586
vt 0.347519 0.594744
vt 0.345464 0.588243
vt 0.349532 0.520161
vt 0.348329 0.552564
vt 0.018821 0.064631
vt 0.020913 0.063214
vt 0.023275 0.064732
vt 0.021224 0.068005
vt 0.840731 0.887361
vt 0.845872 0.891421
vt 0.844340 0.895570
vt 0.836729 0.890675
vt 0.838500 0.884411
vt 0.839077 0.883381
vt 0.840015 0.878667
vt 0.711761 0.929266
vt 0.710672 0.927047
vt 0.713312 0.926811
vt 0.954138 0.285061
vt 0.959847 0.297278
vt 0.954491 0.275362
vt 0.989826 0.274592
vt 0.991348 0.298217
vt 0.986394 0.287219
vt 0.988205 0.298366
vt 0.989264 0.308077
vt 0.982218 0.311651
vt 0.990302 0.308026
vt 0.992259 0.318370
vt 0.953320 0.316149
vt 0.768965 0.924978
vt 0.768502 0.929230
vt 0.765612 0.927799
vt 0.766774 0.923867
vt 0.851338 0.021452
vt 0.863982 0.019490
vt 0.878975 0.017656
vt 0.894201 0.022617
vt 0.911889 0.017138
vt 0.910446 0.094032
vt 0.905185 0.076443
vt 0.911889 0.126281
vt 0.908462 0.136011
vt 0.908249 0.135375
vt 0.907301 0.135459
vt 0.904209 0.133479
vt 0.888093 0.098176
vt 0.892554 0.112913
vt 0.844971 0.035953
vt 0.847572 0.032724
vt 0.840816 0.025684
vt 0.728294 0.040076
vt 0.727802 0.041860
vt 0.622850 0.042212
vt 0.623015 0.010795
vt 0.730629 0.007736
vt 0.737841 0.017987
vt 0.738348 0.001326
vt 0.739278 0.039097
vt 0.735008 0.036005
vt 0.741133 0.048048
vt 0.737982 0.049836
vt 0.484010 0.486245
vt 0.088098 0.032002
vt 0.085506 0.034003
vt 0.085506 0.028150
vt 0.383369 0.366301
vt 0.383369 0.351146
vt 0.386394 0.356400
vt 0.969525 0.818948
vt 0.968822 0.825337
vt 0.963873 0.818349
vt 0.962982 0.811769
vt 0.960348 0.809030
vt 0.954953 0.813415
vt 0.933419 0.815395
vt 0.939605 0.808879
vt 0.948659 0.803636
vt 0.936520 0.807479
vt 0.963335 0.777817
vt 0.967324 0.779575
vt 0.968689 0.783603
vt 0.958199 0.800475
vt 0.968186 0.808926
vt 0.970621 0.813516
vt 0.965729 0.809998
vt 0.905122 0.679326
vt 0.909271 0.677735
vt 0.913122 0.681677
vt 0.909250 0.683617
vt 0.903377 0.691147
vt 0.786510 0.913069
vt 0.782236 0.910541
vt 0.782395 0.905595
vt 0.381513 0.046625
vt 0.384542 0.047411
vt 0.384848 0.051004
vt 0.381513 0.050315
vt 0.111281 0.106245
vt 0.107709 0.108190
vt 0.107709 0.101108
vt 0.111142 0.101303
vt 0.100462 0.397534
vt 0.099411 0.401849
vt 0.095568 0.396479
vt 0.100462 0.391514
vt 0.499337 0.676962
vt 0.500195 0.648378
vt 0.524902 0.647363
vt 0.527041 0.662384
vt 0.516280 0.661222
vt 0.512999 0.663706
vt 0.509573 0.676962
vt 0.503949 0.674752
vt 0.392576 0.570317
vt 0.389014 0.569998
vt 0.392576 0.563897
vt 0.294599 0.043777
vt 0.295912 0.037304
vt 0.303456 0.033362
vt 0.301407 0.029860
vt 0.299566 0.027152
vt 0.294926 0.023726
vt 0.438943 0.028881
vt 0.426549 0.032229
vt 0.429368 0.042357
vt 0.432982 0.043535
vt 0.469855 0.539859
vt 0.550225 0.188560
vt 0.548018 0.185442
vt 0.550225 0.181065
vt 0.505904 0.993669
vt 0.501234 0.996805
vt 0.498021 0.985336
vt 0.500305 0.979201
vt 0.507565 0.978070
vt 0.505630 0.985657
vt 0.511041 0.983451
vt 0.509743 0.990447
vt 0.517767 0.991305
vt 0.510590 0.996896
vt 0.015235 0.340026
vt 0.438943 0.363210
vt 0.434648 0.362480
vt 0.438739 0.360949
vt 0.464567 0.507053
vt 0.469855 0.501019
vt 0.469855 0.508494
vt 0.658415 0.935073
vt 0.653376 0.933401
vt 0.653255 0.891986
vt 0.658415 0.894104
vt 0.309156 0.053926
vt 0.307275 0.059138
vt 0.301703 0.057781
vt 0.010583 0.490821
vt 0.010056 0.467324
vt 0.012875 0.466251
vt 0.013860 0.500766
vt 0.522728 0.492038
vt 0.522942 0.487333
vt 0.527041 0.488663
vt 0.527041 0.497675
vt 0.089643 0.417305
vt 0.086712 0.407309
vt 0.089643 0.405188
vt 0.931402 0.953400
vt 0.924408 0.959802
vt 0.924492 0.921872
vt 0.929557 0.915051
vt 0.117429 0.388903
vt 0.123646 0.388903
vt 0.119878 0.392904
vt 0.119216 0.400304
vt 0.029366 0.205228
vt 0.029366 0.214835
vt 0.029329 0.210598
vt 0.522404 0.200322
vt 0.522404 0.207107
vt 0.520587 0.204794
vt 0.109736 0.031508
vt 0.105452 0.034003
vt 0.105452 0.028092
vt 0.904815 0.807629
vt 0.900551 0.787671
vt 0.904525 0.768858
vt 0.746531 0.060277
vt 0.739341 0.054651
vt 0.308380 0.681327
vt 0.315297 0.707121
vt 0.313560 0.710824
vt 0.293274 0.714055
vt 0.290228 0.711075
vt 0.301700 0.700142
vt 0.307977 0.705390
vt 0.306068 0.699936
vt 0.308155 0.695052
vt 0.294703 0.666177
vt 0.305275 0.673701
vt 0.290228 0.651078
vt 0.304877 0.664164
vt 0.312848 0.686428
vt 0.343118 0.544042
vt 0.339717 0.538361
vt 0.343118 0.533082
vt 0.533223 0.548104
vt 0.533223 0.557952
vt 0.528540 0.552837
vt 0.034003 0.301387
vt 0.029477 0.293028
vt 0.034003 0.289801
vt 0.447814 0.084656
vt 0.451308 0.084828
vt 0.450902 0.089333
vt 0.450395 0.093732
vt 0.450922 0.104147
vt 0.447814 0.105099
vt 0.448820 0.093721
vt 0.322685 0.349133
vt 0.327268 0.350065
vt 0.327662 0.357028
vt 0.322685 0.354690
vt 0.534739 0.556000
vt 0.537860 0.562589
vt 0.533480 0.562589
vt 0.530234 0.091189
vt 0.530234 0.080437
vt 0.533223 0.084227
vt 0.187015 0.102591
vt 0.182755 0.100082
vt 0.186000 0.098699
vt 0.200925 0.042818
vt 0.197954 0.044822
vt 0.197954 0.035373
vt 0.029900 0.431215
vt 0.029900 0.419478
vt 0.032457 0.429544
vt 0.810061 0.032885
vt 0.810027 0.021060
vt 0.813512 0.019594
vt 0.813708 0.024337
vt 0.814481 0.030667
vt 0.294998 0.005403
vt 0.302602 0.000887
vt 0.568218 0.001385
vt 0.573408 0.001322
vt 0.568203 0.004238
vt 0.568048 0.007092
vt 0.294482 0.015070
vt 0.298257 0.014410
vt 0.297329 0.011656
vt 0.336516 0.011201
vt 0.324142 0.015401
vt 0.551023 0.013345
vt 0.557952 0.012866
vt 0.556843 0.016330
vt 0.526713 0.018977
vt 0.516422 0.017829
vt 0.410354 0.019173
vt 0.299920 0.017272
vt 0.297530 0.019876
vt 0.295729 0.017936
vt 0.090605 0.436675
vt 0.091189 0.439743
vt 0.090605 0.445125
vt 0.347754 0.379701
vt 0.347754 0.387939
vt 0.345999 0.387051
vt 0.432761 0.024729
vt 0.428976 0.021892
vt 0.432761 0.019664
vt 0.001402 0.000277
vt 0.004637 0.005829
vt 0.001402 0.006182
vt 0.822722 0.064944
vt 0.827400 0.050063
vt 0.853282 0.054091
vt 0.856217 0.057757
vt 0.859951 0.258215
vt 0.857536 0.267756
vt 0.852323 0.274366
vt 0.846010 0.300756
vt 0.844109 0.302190
vt 0.623029 0.293004
vt 0.624217 0.054176
vt 0.628984 0.049031
vt 0.639903 0.045897
vt 0.644966 0.045623
vt 0.649090 0.065682
vt 0.815833 0.068245
vt 0.804658 0.070593
vt 0.817488 0.068762
vt 0.734674 0.336307
vt 0.757331 0.339367
vt 0.744394 0.384073
vt 0.739907 0.386186
vt 0.734674 0.391030
vt 0.734989 0.381912
vt 0.738223 0.339924
vt 0.576499 0.554935
vt 0.573182 0.564135
vt 0.572101 0.543969
vt 0.575242 0.530152
vt 0.765896 0.900917
vt 0.761064 0.904079
vt 0.762348 0.889991
vt 0.767147 0.895913
vt 0.766974 0.892394
vt 0.769128 0.886053
vt 0.772438 0.895549
vt 0.772332 0.887998
vt 0.777800 0.893546
vt 0.780703 0.894839
vt 0.791049 0.895309
vt 0.796725 0.917634
vt 0.801857 0.938427
vt 0.775791 0.956641
vt 0.776883 0.950128
vt 0.772020 0.948382
vt 0.770876 0.923831
vt 0.774616 0.926577
vt 0.771635 0.922438
vt 0.775850 0.923363
vt 0.772152 0.919015
vt 0.784563 0.921785
vt 0.780229 0.918569
vt 0.783915 0.917751
vt 0.112827 0.400304
vt 0.109892 0.394215
vt 0.112827 0.391154
vt 0.431419 0.544398
vt 0.435852 0.534664
vt 0.435852 0.545588
vt 0.227199 0.017001
vt 0.223634 0.014628
vt 0.227199 0.009921
vt 0.093770 0.616592
vt 0.109212 0.629881
vt 0.121007 0.637752
vt 0.127838 0.643654
vt 0.153188 0.623362
vt 0.138907 0.675762
vt 0.143079 0.677385
vt 0.141105 0.696118
vt 0.103642 0.685753
vt 0.022827 0.681145
vt 0.023077 0.573065
vt 0.210639 0.567449
vt 0.449159 0.032457
vt 0.449159 0.019554
vt 0.452853 0.022860
vt 0.168342 0.020228
vt 0.171559 0.015739
vt 0.170317 0.020785
vt 0.171559 0.026275
vt 0.064914 0.062234
vt 0.064914 0.068005
vt 0.063508 0.063412
vt 0.322679 0.547133
vt 0.322679 0.540403
vt 0.326087 0.536396
vt 0.205161 0.401236
vt 0.144047 0.401849
vt 0.138389 0.397915
vt 0.135064 0.394304
vt 0.141963 0.394368
vt 0.171393 0.394202
vt 0.176331 0.390945
vt 0.184686 0.391469
vt 0.180406 0.394188
vt 0.215378 0.396359
vt 0.209969 0.393895
vt 0.228745 0.395048
vt 0.222068 0.397975
vt 0.218010 0.401695
vt 0.208153 0.397681
vt 0.094280 0.089735
vt 0.089906 0.091189
vt 0.089906 0.085481
vt 0.062515 0.034003
vt 0.062515 0.028179
vt 0.066460 0.032370
vt 0.688377 0.760761
vt 0.688647 0.764657
vt 0.692417 0.770365
vt 0.690944 0.775878
vt 0.680673 0.771505
vt 0.686619 0.770624
vt 0.685456 0.766896
vt 0.683645 0.764904
vt 0.683757 0.760706
vt 0.680673 0.752540
vt 0.191651 0.100462
vt 0.187342 0.099174
vt 0.686887 0.823081
vt 0.677199 0.825337
vt 0.665676 0.824133
vt 0.664616 0.813206
vt 0.667455 0.803102
vt 0.676300 0.801704
vt 0.685019 0.803251
vt 0.687552 0.812860
vt 0.193315 0.843695
vt 0.196288 0.886890
vt 0.179785 0.887160
vt 0.175342 0.879609
vt 0.167367 0.886151
vt 0.175224 0.860254
vt 0.167367 0.875716
vt 0.175374 0.832380
vt 0.200925 0.020092
vt 0.196807 0.012168
vt 0.200925 0.009629
vt 0.004093 0.031817
vt 0.106698 0.036253
vt 0.113166 0.030578
vt 0.107213 0.040528
vt 0.127697 0.023358
vt 0.166766 0.020040
vt 0.165228 0.064914
vt 0.132344 0.064586
vt 0.141189 0.060601
vt 0.107942 0.061990
vt 0.115583 0.058925
vt 0.014670 0.056597
vt 0.020493 0.059168
vt 0.005109 0.058180
vt 0.361724 0.051004
vt 0.363287 0.045812
vt 0.366301 0.051004
vt 0.097550 0.028421
vt 0.102008 0.028421
vt 0.101387 0.034003
vt 0.341572 0.214835
vt 0.339050 0.212643
vt 0.341572 0.209875
vt 0.691429 0.928924
vt 0.692353 0.921341
vt 0.696955 0.926729
vt 0.697081 0.928967
vt 0.698590 0.926019
vt 0.702383 0.921326
vt 0.706815 0.932607
vt 0.711221 0.934276
vt 0.714612 0.921682
vt 0.711622 0.917423
vt 0.722491 0.887195
vt 0.725784 0.887822
vt 0.728845 0.881090
vt 0.732074 0.881441
vt 0.733196 0.875820
vt 0.736688 0.875353
vt 0.734007 0.889193
vt 0.739316 0.889604
vt 0.735862 0.926417
vt 0.730305 0.922729
vt 0.726062 0.926164
vt 0.707109 0.956872
vt 0.689596 0.965490
vt 0.537242 0.282840
vt 0.537242 0.276219
vt 0.539406 0.277213
vt 0.093889 0.028342
vt 0.095826 0.034003
vt 0.092455 0.034003
vt 0.649272 0.881617
vt 0.815163 0.025676
vt 0.819255 0.026499
vt 0.808936 0.017237
vt 0.829578 0.013529
vt 0.825320 0.016506
vt 0.836156 0.012712
vt 0.834189 0.047913
vt 0.829261 0.045747
vt 0.826101 0.041211
vt 0.831980 0.038580
vt 0.817578 0.038474
vt 0.818405 0.035552
vt 0.814685 0.036494
vt 0.812088 0.043291
vt 0.549269 0.177441
vt 0.551770 0.169545
vt 0.551770 0.179287
vt 0.800954 0.729112
vt 0.803214 0.726159
vt 0.816034 0.718668
vt 0.820756 0.709816
vt 0.901070 0.711419
vt 0.901030 0.771725
vt 0.894666 0.756926
vt 0.901070 0.848738
vt 0.897075 0.842614
vt 0.891342 0.839788
vt 0.897927 0.846265
vt 0.897177 0.859584
vt 0.891109 0.852509
vt 0.856212 0.846675
vt 0.850280 0.837556
vt 0.851279 0.834133
vt 0.848317 0.807497
vt 0.854338 0.809110
vt 0.855261 0.816960
vt 0.890962 0.822461
vt 0.861097 0.811464
vt 0.850825 0.790823
vt 0.847233 0.783387
vt 0.846065 0.772462
vt 0.844851 0.777005
vt 0.827174 0.766611
vt 0.838360 0.775667
vt 0.819822 0.769150
vt 0.818128 0.759483
vt 0.806704 0.759930
vt 0.800418 0.748143
vt 0.796028 0.741484
vt 0.796535 0.733483
vt 0.798768 0.730509
vt 0.339391 0.163712
vt 0.339059 0.140503
vt 0.339360 0.150489
vt 0.076881 0.034003
vt 0.078725 0.030752
vt 0.078824 0.034003
vt 0.615139 0.282089
vt 0.606914 0.291406
vt 0.584430 0.301387
vt 0.591087 0.294836
vt 0.592776 0.291091
vt 0.589764 0.293954
vt 0.585677 0.274189
vt 0.589759 0.269922
vt 0.594774 0.271148
vt 0.596878 0.275986
vt 0.603213 0.271130
vt 0.613114 0.269922
vt 0.474017 0.934560
vt 0.798955 0.710776
vt 0.802343 0.714625
vt 0.799712 0.717085
vt 0.230291 0.673786
vt 0.226260 0.673141
vt 0.225236 0.669792
vt 0.655680 0.484434
vt 0.653231 0.489754
vt 0.127801 0.398226
vt 0.135077 0.401058
vt 0.843633 0.449225
vt 0.846975 0.456115
vt 0.844916 0.461543
vt 0.834578 0.462127
vt 0.831378 0.460366
vt 0.833449 0.441706
vt 0.829988 0.446680
vt 0.833864 0.410327
vt 0.831307 0.402650
vt 0.842089 0.405471
vt 0.842419 0.412392
vt 0.846975 0.423511
vt 0.557205 0.088669
vt 0.561044 0.086049
vt 0.561044 0.093858
vt 0.555413 0.094280
vt 0.043701 0.063258
vt 0.044822 0.061490
vt 0.044822 0.068005
vt 0.867085 0.930436
vt 0.883164 0.925878
vt 0.883731 0.928130
vt 0.395474 0.370938
vt 0.395474 0.365968
vt 0.400304 0.369828
vt 0.517767 0.586499
vt 0.514050 0.587186
vt 0.516611 0.582184
vt 0.961959 0.438480
vt 0.969075 0.438054
vt 0.969075 0.475032
vt 0.964203 0.475100
vt 0.962095 0.479128
vt 0.950026 0.475319
vt 0.948389 0.438407
vt 0.949249 0.433073
vt 0.956725 0.432812
vt 0.323054 0.572820
vt 0.330052 0.571870
vt 0.322181 0.566935
vt 0.323392 0.560094
vt 0.330318 0.564342
vt 0.326294 0.565795
vt 0.333290 0.571229
vt 0.336704 0.589632
vt 0.332544 0.580246
vt 0.333406 0.590098
vt 0.336413 0.601315
vt 0.335754 0.649042
vt 0.333025 0.650566
vt 0.330595 0.658261
vt 0.326190 0.660541
vt 0.312598 0.655079
vt 0.313898 0.569344
vt 0.318437 0.567368
vt 0.625163 0.644046
vt 0.623541 0.644049
vt 0.625039 0.642251
vt 0.523950 0.092724
vt 0.523514 0.109736
vt 0.520594 0.102483
vt 0.522457 0.092300
vt 0.528653 0.767348
vt 0.524482 0.779746
vt 0.519177 0.782061
vt 0.515594 0.733524
vt 0.518965 0.733042
vt 0.522565 0.728871
vt 0.527252 0.726969
vt 0.530132 0.734727
vt 0.524194 0.737001
vt 0.741710 0.932032
vt 0.738915 0.935059
vt 0.738137 0.938289
vt 0.741794 0.930388
vt 0.737800 0.870900
vt 0.743255 0.873197
vt 0.739842 0.881949
vt 0.743282 0.882741
vt 0.748885 0.890618
vt 0.753331 0.891395
vt 0.755570 0.927705
vt 0.760493 0.923656
vt 0.760697 0.928314
vt 0.763514 0.930877
vt 0.755237 0.931599
vt 0.761127 0.933365
vt 0.750258 0.973167
vt 0.739831 0.973297
vt 0.738073 0.979894
vt 0.559498 0.238019
vt 0.556760 0.236187
vt 0.559498 0.231173
vt 0.000910 0.269160
vt 0.006182 0.278484
vt 0.000910 0.285931
vt 0.540399 0.282840
vt 0.540399 0.276261
vt 0.542497 0.279856
vt 0.417305 0.489947
vt 0.411357 0.481270
vt 0.417305 0.478680
vt 0.575488 0.674544
vt 0.576352 0.669624
vt 0.579134 0.671784
vt 0.940652 0.018028
vt 0.944346 0.052171
vt 0.938616 0.026279
vt 0.341572 0.092735
vt 0.339777 0.087251
vt 0.341572 0.084656
vt 0.544052 0.217926
vt 0.544052 0.207575
vt 0.547133 0.211935
vt 0.394122 0.367535
vt 0.386163 0.369392
vt 0.339889 0.048516
vt 0.341572 0.044845
vt 0.341572 0.049458
vt 0.050975 0.062021
vt 0.052550 0.063325
vt 0.050975 0.068005
vt 0.362472 0.290568
vt 0.362337 0.286180
vt 0.364756 0.286180
vt 0.000276 0.290568
vt 0.000276 0.285287
vt 0.003091 0.289482
vt 0.810868 0.773147
vt 0.809328 0.769382
vt 0.365263 0.400304
vt 0.365263 0.391443
vt 0.367847 0.398127
vt 0.385207 0.482965
vt 0.388667 0.476207
vt 0.389485 0.482127
vt 0.389049 0.487763
vt 0.385207 0.488402
vt 0.417360 0.549338
vt 0.420396 0.547309
vt 0.420396 0.550225
vt 0.522600 0.276985
vt 0.525495 0.282366
vt 0.522600 0.284386
vt 0.136011 0.100420
vt 0.136011 0.106645
vt 0.133680 0.101782
vt 0.650617 0.802905
vt 0.654449 0.801086
vt 0.656733 0.805194
vt 0.166364 0.898576
vt 0.160186 0.888730
vt 0.161648 0.853650
vt 0.166775 0.837102
vt 0.164498 0.100757
vt 0.168468 0.100621
vt 0.168114 0.106314
vt 0.164498 0.106645
vt 0.445125 0.119009
vt 0.437249 0.104258
vt 0.445125 0.098382
vt 0.442398 0.107907
vt 0.020092 0.688032
vt 0.019680 0.690266
vt 0.015237 0.689753
vt 0.472097 0.583899
vt 0.483087 0.582392
vt 0.484349 0.588424
vt 0.489112 0.588103
vt 0.488078 0.625624
vt 0.472227 0.630594
vt 0.009686 0.559498
vt 0.009686 0.549666
vt 0.013910 0.555521
vt 0.698600 0.823791
vt 0.687917 0.808166
vt 0.687437 0.803277
vt 0.564673 0.057615
vt 0.552702 0.061187
vt 0.564770 0.051193
vt 0.465440 0.957134
vt 0.340026 0.308757
vt 0.340026 0.313752
vt 0.338103 0.310004
vt 0.469130 0.541094
vt 0.474491 0.544594
vt 0.474491 0.548679
vt 0.469283 0.548059
vt 0.771468 0.954278
vt 0.308281 0.660037
vt 0.301196 0.655343
vt 0.710532 0.349136
vt 0.686266 0.340645
vt 0.682351 0.335270
vt 0.708185 0.342137
vt 0.712398 0.348066
vt 0.708783 0.405872
vt 0.699821 0.403448
vt 0.703329 0.409577
vt 0.682197 0.399548
vt 0.684456 0.393303
vt 0.703425 0.395240
vt 0.704996 0.400417
vt 0.274768 0.805408
vt 0.276658 0.827091
vt 0.273438 0.846975
vt 0.273438 0.826629
vt 0.453847 0.653032
vt 0.453599 0.663579
vt 0.450767 0.663487
vt 0.450081 0.654004
vt 0.454150 0.646910
vt 0.420226 0.356960
vt 0.421938 0.369823
vt 0.415785 0.363666
vt 0.423005 0.370695
vt 0.404619 0.364676
vt 0.415602 0.370938
vt 0.397961 0.366268
vt 0.397355 0.345243
vt 0.401245 0.353107
vt 0.398805 0.338927
vt 0.403784 0.341468
vt 0.407615 0.338351
vt 0.424617 0.336714
vt 0.426579 0.351945
vt 0.418619 0.343165
vt 0.422655 0.350682
vt 0.423753 0.365490
vt 0.392489 0.315297
vt 0.388650 0.314031
vt 0.388686 0.309246
vt 0.389589 0.299824
vt 0.392412 0.305546
vt 0.341573 0.166922
vt 0.341573 0.162227
vt 0.343102 0.163543
vt 0.343118 0.165848
vt 0.453433 0.025786
vt 0.455944 0.032417
vt 0.453433 0.034003
vt 0.188560 0.011025
vt 0.188560 0.021638
vt 0.185960 0.012541
vt 0.255020 0.400304
vt 0.248270 0.396264
vt 0.255020 0.391508
vt 0.499045 0.962861
vt 0.504922 0.963894
vt 0.509362 0.958785
vt 0.517767 0.962581
vt 0.510064 0.965075
vt 0.514514 0.966404
vt 0.510532 0.971614
vt 0.514098 0.970907
vt 0.496821 0.972977
vt 0.488625 0.973182
vt 0.491680 0.969747
vt 0.495234 0.966826
vt 0.486753 0.966903
vt 0.490098 0.963386
vt 0.493909 0.960762
vt 0.431326 0.497964
vt 0.432119 0.491526
vt 0.434306 0.500380
vt 0.431052 0.500766
vt 0.591662 0.779797
vt 0.585572 0.785152
vt 0.580249 0.726762
vt 0.605865 0.725077
vt 0.600193 0.771584
vt 0.542411 0.208653
vt 0.542411 0.197978
vt 0.545588 0.200508
vt 0.631902 0.758702
vt 0.636465 0.760503
vt 0.629810 0.759027
vt 0.526582 0.510769
vt 0.529912 0.503160
vt 0.530132 0.506385
vt 0.530132 0.513131
vt 0.264322 0.448335
vt 0.257148 0.467514
vt 0.256853 0.476259
vt 0.256114 0.493143
vt 0.186702 0.493917
vt 0.249527 0.496136
vt 0.251096 0.523461
vt 0.256802 0.528242
vt 0.257893 0.516726
vt 0.265041 0.461960
vt 0.321480 0.455269
vt 0.320610 0.461608
vt 0.319913 0.563039
vt 0.191556 0.564059
vt 0.205314 0.561287
vt 0.015256 0.563988
vt 0.015738 0.460293
vt 0.089004 0.458315
vt 0.097521 0.449093
vt 0.092313 0.452371
vt 0.095085 0.403756
vt 0.143869 0.403182
vt 0.126655 0.406619
vt 0.258765 0.404459
vt 0.257475 0.459125
vt 0.262794 0.406873
vt 0.423090 0.664597
vt 0.419323 0.662567
vt 0.419323 0.645911
vt 0.421135 0.635879
vt 0.009603 0.948937
vt 0.005145 0.950952
vt 0.004132 0.947453
vt 0.245746 0.392890
vt 0.245746 0.401849
vt 0.241600 0.397715
vt 0.027207 0.143804
vt 0.030911 0.148430
vt 0.027207 0.149921
vt 0.395188 0.347754
vt 0.393505 0.336874
vt 0.395667 0.336263
vt 0.395667 0.342921
vt 0.650829 0.981100
vt 0.631474 0.986077
vt 0.621326 0.940650
vt 0.651712 0.942358
vt 0.659960 0.942440
vt 0.654800 0.958291
vt 0.658627 0.947881
vt 0.659960 0.981173
vt 0.644947 0.985533
vt 0.434224 0.346098
vt 0.969343 0.648052
vt 0.966435 0.655511
vt 0.973126 0.649179
vt 0.970307 0.683755
vt 0.964382 0.686337
vt 0.964229 0.692417
vt 0.951189 0.690477
vt 0.950254 0.650822
vt 0.944540 0.644865
vt 0.973712 0.644865
vt 0.454194 0.046421
vt 0.454399 0.058732
vt 0.450307 0.053868
vt 0.274851 0.405518
vt 0.275112 0.451308
vt 0.266606 0.448562
vt 0.266444 0.412045
vt 0.286258 0.407279
vt 0.289022 0.434306
vt 0.284685 0.430942
vt 0.906933 0.658353
vt 0.899708 0.631344
vt 0.904049 0.637308
vt 0.901719 0.625555
vt 0.910623 0.624416
vt 0.912537 0.617448
vt 0.918182 0.616062
vt 0.921162 0.643324
vt 0.917696 0.647413
vt 0.918726 0.651460
vt 0.920112 0.655416
vt 0.547133 0.231917
vt 0.545040 0.238019
vt 0.542761 0.227741
vt 0.560718 0.302933
vt 0.563355 0.302547
vt 0.799547 0.778970
vt 0.797756 0.759691
vt 0.802153 0.755087
vt 0.370801 0.905359
vt 0.378666 0.973039
vt 0.332123 0.972902
vt 0.333601 0.920782
vt 0.333830 0.913156
vt 0.331445 0.907744
vt 0.550225 0.197298
vt 0.550225 0.207107
vt 0.546644 0.206390
vt 0.265671 0.825020
vt 0.269678 0.828428
vt 0.264442 0.828403
vt 0.516231 0.558995
vt 0.475263 0.573008
vt 0.493060 0.575188
vt 0.459678 0.580914
vt 0.444276 0.580504
vt 0.430813 0.579701
vt 0.445248 0.583107
vt 0.388299 0.581934
vt 0.400518 0.575375
vt 0.402615 0.563254
vt 0.416891 0.562352
vt 0.419808 0.557937
vt 0.461730 0.561336
vt 0.414614 0.552568
vt 0.488929 0.555640
vt 0.503588 0.556780
vt 0.348591 0.673348
vt 0.350211 0.680454
vt 0.344679 0.683144
vt 0.342661 0.620294
vt 0.346588 0.618355
vt 0.348359 0.637757
vt 0.349603 0.626435
vt 0.353469 0.674939
vt 0.497527 0.097021
vt 0.500445 0.115610
vt 0.497410 0.126101
vt 0.392219 0.704266
vt 0.417714 0.703074
vt 0.405148 0.707839
vt 0.379896 0.707413
vt 0.370825 0.705459
vt 0.380951 0.703795
vt 0.373042 0.696865
vt 0.017001 0.014605
vt 0.016848 0.018547
vt 0.014082 0.017141
vt 0.013154 0.014605
vt 0.956945 0.000043
vt 0.958412 0.005595
vt 0.961347 0.019191
vt 0.955147 0.007340
vt 0.873138 0.003779
vt 0.874666 0.000043
vt 0.362136 0.521306
vt 0.365287 0.503793
vt 0.362167 0.484946
vt 0.361021 0.469846
vt 0.356021 0.451825
vt 0.359324 0.458658
vt 0.364441 0.471030
vt 0.365097 0.485660
vt 0.368256 0.504189
vt 0.368309 0.521072
vt 0.362061 0.553444
vt 0.361712 0.537829
vt 0.634756 0.891627
vt 0.633293 0.916934
vt 0.628690 0.914463
vt 0.635921 0.921523
vt 0.626443 0.917877
vt 0.623625 0.887205
vt 0.628319 0.886542
vt 0.633206 0.876549
vt 0.643648 0.888561
vt 0.649141 0.889585
vt 0.649141 0.913152
vt 0.643597 0.910372
vt 0.648205 0.924254
vt 0.636735 0.913566
vt 0.640231 0.896779
vt 0.395606 0.568771
vt 0.395606 0.562242
vt 0.399937 0.561943
vt 0.400304 0.564555
vt 0.621887 0.665156
vt 0.625830 0.659154
vt 0.624895 0.670779
vt 0.495095 0.483651
vt 0.497675 0.494584
vt 0.487040 0.494584
vt 0.490652 0.488557
vt 0.508149 0.485656
vt 0.513131 0.482679
vt 0.509743 0.516222
vt 0.498820 0.495562
vt 0.502871 0.492553
vt 0.626034 0.860413
vt 0.619963 0.855823
vt 0.617182 0.851099
vt 0.763370 0.856379
vt 0.772036 0.857345
vt 0.778023 0.855291
vt 0.783044 0.835758
vt 0.785715 0.844443
vt 0.781068 0.856398
vt 0.777116 0.859414
vt 0.776402 0.863632
vt 0.636418 0.861473
vt 0.641875 0.863045
vt 0.628769 0.865354
vt 0.033814 0.217058
vt 0.031063 0.217131
vt 0.031666 0.206856
vt 0.030997 0.200892
vt 0.031334 0.165940
vt 0.033768 0.165954
vt 0.398758 0.312757
vt 0.398422 0.318388
vt 0.395784 0.314003
vt 0.394852 0.306414
vt 0.002301 0.564454
vt 0.008437 0.570203
vt 0.009588 0.565049
vt 0.018448 0.567931
vt 0.018547 0.643480
vt 0.000451 0.652232
vt 0.007419 0.578326
vt 0.001572 0.588480
vt 0.686791 0.484751
vt 0.691804 0.481107
vt 0.691105 0.485758
vt 0.459605 0.309044
vt 0.460830 0.305183
vt 0.470415 0.305037
vt 0.860885 0.269037
vt 0.961037 0.153012
vt 0.960631 0.114106
vt 0.996896 0.110164
vt 0.996753 0.149301
vt 0.599214 0.135507
vt 0.595018 0.122693
vt 0.598541 0.109164
vt 0.936782 0.103553
vt 0.935124 0.094358
vt 0.937993 0.093438
vt 0.941951 0.080262
vt 0.944782 0.077015
vt 0.945341 0.072083
vt 0.938671 0.066635
vt 0.935124 0.063591
vt 0.939248 0.065607
vt 0.947165 0.068094
vt 0.952074 0.072347
vt 0.847227 0.799089
vt 0.918096 0.752911
vt 0.915375 0.753267
vt 0.909288 0.752528
vt 0.908136 0.790562
vt 0.906306 0.751693
vt 0.909646 0.739188
vt 0.920040 0.742119
vt 0.920178 0.114030
vt 0.923487 0.106003
vt 0.926624 0.108097
vt 0.934805 0.108192
vt 0.943049 0.108897
vt 0.949521 0.109439
vt 0.948008 0.156756
vt 0.919908 0.159969
vt 0.407259 0.606749
vt 0.410613 0.604005
vt 0.411882 0.604639
vt 0.420396 0.605357
vt 0.416382 0.607350
vt 0.412161 0.608492
vt 0.409833 0.615476
vt 0.412781 0.616425
vt 0.409926 0.618665
vt 0.411743 0.633908
vt 0.415487 0.635766
vt 0.420396 0.633618
vt 0.415964 0.638561
vt 0.415541 0.643293
vt 0.415707 0.649111
vt 0.412033 0.648546
vt 0.411661 0.658532
vt 0.408689 0.658564
vt 0.194655 0.093191
vt 0.200925 0.095802
vt 0.197911 0.101017
vt 0.198503 0.106645
vt 0.194655 0.106232
vt 0.244442 0.013910
vt 0.242482 0.008339
vt 0.245746 0.008339
vt 0.773611 0.318420
vt 0.759572 0.315123
vt 0.784335 0.310902
vt 0.791654 0.314359
vt 0.003601 0.180832
vt 0.002435 0.178210
vt 0.000175 0.172452
vt 0.004637 0.167815
vt 0.256085 0.698842
vt 0.261513 0.704603
vt 0.260387 0.744973
vt 0.264198 0.744569
vt 0.272021 0.825092
vt 0.023397 0.828052
vt 0.023243 0.698965
vt 0.827516 0.865522
vt 0.922900 0.831956
vt 0.941846 0.827219
vt 0.945596 0.827290
vt 0.945360 0.906955
vt 0.921747 0.907252
vt 0.932536 0.899789
vt 0.905067 0.904327
vt 0.907688 0.898995
vt 0.904606 0.896205
vt 0.905950 0.828938
vt 0.907818 0.824563
vt 0.339802 0.543832
vt 0.407110 0.491493
vt 0.406993 0.485788
vt 0.406993 0.479215
vt 0.410138 0.490474
vt 0.189931 0.091444
vt 0.185125 0.089237
vt 0.190106 0.084015
vt 0.189108 0.087692
vt 0.554861 0.278880
vt 0.554861 0.289022
vt 0.547965 0.288056
vt 0.829267 0.904403
vt 0.825766 0.907980
vt 0.823551 0.907067
vt 0.821277 0.911756
vt 0.819770 0.906172
vt 0.798091 0.909222
vt 0.793598 0.904839
vt 0.797570 0.899951
vt 0.797437 0.896002
vt 0.828665 0.892148
vt 0.832891 0.888123
vt 0.838168 0.886565
vt 0.833007 0.901554
vt 0.911706 0.527187
vt 0.902717 0.527000
vt 0.697453 0.487674
vt 0.709312 0.468410
vt 0.711817 0.466139
vt 0.876790 0.465611
vt 0.867248 0.463044
vt 0.889765 0.464692
vt 0.898228 0.471866
vt 0.897861 0.702411
vt 0.666720 0.701202
vt 0.663943 0.686266
vt 0.667710 0.691379
vt 0.665923 0.686746
vt 0.662625 0.680290
vt 0.657892 0.681608
vt 0.659431 0.459614
vt 0.691558 0.464541
vt 0.694476 0.489718
vt 0.687494 0.489582
vt 0.003571 0.488402
vt 0.000933 0.486120
vt 0.380583 0.400304
vt 0.378305 0.396303
vt 0.813601 0.976445
vt 0.805709 0.976839
vt 0.807605 0.973006
vt 0.809730 0.968196
vt 0.804163 0.974079
vt 0.810033 0.934648
vt 0.834414 0.935385
vt 0.846975 0.978982
vt 0.811562 0.979480
vt 0.452808 0.366301
vt 0.452808 0.354110
vt 0.455945 0.365391
vt 0.295497 0.033664
vt 0.593243 0.686067
vt 0.591254 0.688652
vt 0.577443 0.687093
vt 0.585629 0.684466
vt 0.015427 0.074188
vt 0.838946 0.334762
vt 0.836208 0.329276
vt 0.840480 0.327950
vt 0.840764 0.315602
vt 0.844197 0.321112
vt 0.847287 0.307899
vt 0.843298 0.307685
vt 0.856248 0.287541
vt 0.847856 0.325371
vt 0.856248 0.333914
vt 0.851384 0.338432
vt 0.846689 0.336386
vt 0.843680 0.338481
vt 0.455998 0.654653
vt 0.466048 0.648911
vt 0.468309 0.660437
vt 0.464698 0.676423
vt 0.458223 0.676962
vt 0.414214 0.553665
vt 0.414214 0.561044
vt 0.410249 0.556425
vt 0.564844 0.565541
vt 0.561671 0.565296
vt 0.560698 0.565680
vt 0.556261 0.550476
vt 0.558259 0.541340
vt 0.561213 0.539018
vt 0.565680 0.534478
vt 0.563786 0.555365
vt 0.565680 0.556541
vt 0.496129 0.548679
vt 0.492834 0.541329
vt 0.496129 0.538836
vt 0.233096 0.018547
vt 0.228879 0.009899
vt 0.233382 0.009899
vt 0.451308 0.106131
vt 0.451308 0.119009
vt 0.446896 0.114741
vt 0.299841 0.687163
vt 0.299841 0.700145
vt 0.291514 0.698744
vt 0.289951 0.695913
vt 0.292505 0.694993
vt 0.293717 0.677184
vt 0.297461 0.674946
vt 0.292786 0.404085
vt 0.410702 0.402793
vt 0.417183 0.393724
vt 0.410473 0.381123
vt 0.380983 0.382526
vt 0.382123 0.373783
vt 0.438920 0.369725
vt 0.426338 0.381140
vt 0.451568 0.363825
vt 0.452792 0.429856
vt 0.345196 0.434101
vt 0.338479 0.442755
vt 0.293080 0.448760
vt 0.030406 0.237119
vt 0.033698 0.229434
vt 0.034003 0.241110
vt 0.396033 0.491223
vt 0.396033 0.485548
vt 0.397155 0.479181
vt 0.400022 0.479491
vt 0.400095 0.486434
vt 0.404941 0.491202
vt 0.400628 0.491493
vt 0.600848 0.214277
vt 0.602774 0.218976
vt 0.600640 0.224108
vt 0.598928 0.222763
vt 0.069551 0.406228
vt 0.067361 0.411123
vt 0.065972 0.406228
vt 0.067526 0.407108
vt 0.436882 0.499221
vt 0.436882 0.491572
vt 0.440489 0.495412
vt 0.333586 0.901882
vt 0.330385 0.902616
vt 0.332401 0.864628
vt 0.381757 0.359521
vt 0.381757 0.372483
vt 0.378865 0.366071
vt 0.274686 0.977263
vt 0.272025 0.986549
vt 0.272838 0.997326
vt 0.247235 0.998379
vt 0.246680 0.956583
vt 0.275974 0.957591
vt 0.283682 0.955487
vt 0.273953 0.961310
vt 0.280528 0.958357
vt 0.278814 0.963518
vt 0.284386 0.960667
vt 0.516701 0.505714
vt 0.519313 0.505053
vt 0.518929 0.516222
vt 0.517078 0.514794
vt 0.595545 0.523353
vt 0.597847 0.528468
vt 0.597436 0.554695
vt 0.594861 0.554861
vt 0.498940 0.493038
vt 0.498940 0.484707
vt 0.503857 0.484830
vt 0.457435 0.417281
vt 0.461491 0.397824
vt 0.460878 0.409933
vt 0.170380 0.063965
vt 0.171128 0.070965
vt 0.165398 0.074561
vt 0.164770 0.070818
vt 0.891796 0.944931
vt 0.889106 0.935344
vt 0.891612 0.972690
vt 0.888041 0.968489
vt 0.889012 0.973712
vt 0.849054 0.971429
vt 0.846964 0.938191
vt 0.888788 0.928745
vt 0.891372 0.923630
vt 0.452853 0.069684
vt 0.452310 0.081915
vt 0.448771 0.069684
vt 0.337840 0.131684
vt 0.341327 0.123256
vt 0.341572 0.129022
vt 0.341572 0.139102
vt 0.339391 0.130169
vt 0.341429 0.135352
vt 0.598687 0.165376
vt 0.589232 0.089821
vt 0.588565 0.085526
vt 0.601535 0.089068
vt 0.602458 0.101838
vt 0.597823 0.101470
vt 0.602774 0.162768
vt 0.535569 0.909854
vt 0.512783 0.907632
vt 0.522299 0.910808
vt 0.354958 0.900623
vt 0.352361 0.901295
vt 0.354568 0.898389
vt 0.351664 0.898328
vt 0.351925 0.872822
vt 0.354363 0.878932
vt 0.354926 0.856390
vt 0.360506 0.861744
vt 0.488279 0.867635
vt 0.494267 0.868891
vt 0.506938 0.870024
vt 0.516631 0.850431
vt 0.523025 0.867343
vt 0.523559 0.782057
vt 0.528729 0.781613
vt 0.541585 0.786005
vt 0.538699 0.866378
vt 0.542448 0.865783
vt 0.539757 0.906383
vt 0.544042 0.911889
vt 0.546364 0.549912
vt 0.547133 0.556407
vt 0.538141 0.556407
vt 0.539809 0.546027
vt 0.545950 0.546103
vt 0.456258 0.492866
vt 0.458793 0.491226
vt 0.457424 0.484594
vt 0.467829 0.486431
vt 0.466719 0.491572
vt 0.469855 0.494394
vt 0.466996 0.502399
vt 0.455987 0.298296
vt 0.457613 0.276939
vt 0.547380 0.284455
vt 0.530551 0.290052
vt 0.552064 0.292725
vt 0.553316 0.297953
vt 0.941016 0.180886
vt 0.941255 0.214636
vt 0.935192 0.214278
vt 0.930210 0.217926
vt 0.925710 0.214814
vt 0.930391 0.181617
vt 0.091994 0.422807
vt 0.092160 0.404861
vt 0.092734 0.414699
vt 0.355004 0.621399
vt 0.349814 0.432840
vt 0.655939 0.796304
vt 0.640230 0.800610
vt 0.632465 0.799730
vt 0.638727 0.797453
vt 0.637193 0.795613
vt 0.643176 0.794886
vt 0.635723 0.793137
vt 0.617844 0.847853
vt 0.613940 0.843776
vt 0.614958 0.834773
vt 0.616834 0.773636
vt 0.620069 0.775434
vt 0.632472 0.755628
vt 0.629893 0.754582
vt 0.629666 0.753033
vt 0.629588 0.750673
vt 0.625746 0.749476
vt 0.624801 0.752432
vt 0.614582 0.750220
vt 0.613998 0.769037
vt 0.616263 0.763545
vt 0.615591 0.798590
vt 0.611831 0.794409
vt 0.594310 0.789726
vt 0.598642 0.795861
vt 0.598393 0.780684
vt 0.609033 0.769112
vt 0.610810 0.773858
vt 0.610261 0.740015
vt 0.607970 0.736307
vt 0.613021 0.740069
vt 0.623530 0.736650
vt 0.621420 0.742540
vt 0.623623 0.736764
vt 0.626355 0.735555
vt 0.626368 0.732837
vt 0.629832 0.731648
vt 0.634767 0.730831
vt 0.640217 0.729767
vt 0.668642 0.732244
vt 0.665992 0.729987
vt 0.667348 0.721295
vt 0.661714 0.713459
vt 0.667383 0.715351
vt 0.666632 0.710266
vt 0.673872 0.709743
vt 0.697397 0.710684
vt 0.696944 0.716039
vt 0.696134 0.722126
vt 0.690876 0.725263
vt 0.699286 0.725016
vt 0.706366 0.731639
vt 0.737959 0.729375
vt 0.724112 0.727514
vt 0.771283 0.728279
vt 0.776628 0.725092
vt 0.779273 0.723726
vt 0.774419 0.719870
vt 0.783849 0.720732
vt 0.784007 0.723941
vt 0.784211 0.727940
vt 0.783213 0.740202
vt 0.797158 0.745821
vt 0.795698 0.773787
vt 0.789798 0.753551
vt 0.777441 0.747955
vt 0.699685 0.759787
vt 0.701231 0.765626
vt 0.696395 0.761038
vt 0.692867 0.756822
vt 0.689211 0.757488
vt 0.682367 0.747265
vt 0.676493 0.743336
vt 0.682202 0.748972
vt 0.676557 0.746599
vt 0.655480 0.746026
vt 0.650929 0.748173
vt 0.646850 0.756276
vt 0.649704 0.752655
vt 0.648895 0.764037
vt 0.645124 0.766629
vt 0.640480 0.768011
vt 0.636464 0.781576
vt 0.656401 0.778782
vt 0.665921 0.779310
vt 0.678143 0.780042
vt 0.762738 0.823454
vt 0.762070 0.813411
vt 0.724469 0.803195
vt 0.716545 0.804826
vt 0.709643 0.804591
vt 0.705249 0.803031
vt 0.700739 0.797825
vt 0.665517 0.799089
vt 0.334129 0.656022
vt 0.334586 0.650729
vt 0.337789 0.653650
vt 0.340026 0.678254
vt 0.334501 0.676873
vt 0.331321 0.667025
vt 0.596147 0.681300
vt 0.595742 0.662771
vt 0.596656 0.644889
vt 0.600725 0.664171
vt 0.599550 0.631860
vt 0.605248 0.649270
vt 0.605865 0.686235
vt 0.600987 0.682851
vt 0.085375 0.091189
vt 0.085375 0.084863
vt 0.088098 0.086497
vt 0.918994 0.107174
vt 0.922043 0.106872
vt 0.916192 0.157619
vt 0.979894 0.822262
vt 0.979894 0.860885
vt 0.970277 0.828231
vt 0.946181 0.909001
vt 0.948624 0.904004
vt 0.953619 0.903417
vt 0.950000 0.908620
vt 0.953619 0.944042
vt 0.940781 0.955165
vt 0.938764 0.952118
vt 0.934834 0.949732
vt 0.941294 0.943870
vt 0.936505 0.946326
vt 0.938041 0.942368
vt 0.931449 0.914160
vt 0.392428 0.119009
vt 0.392611 0.111268
vt 0.397213 0.119009
vt 0.296483 0.063028
vt 0.295761 0.044931
vt 0.410183 0.052855
vt 0.397903 0.049207
vt 0.425602 0.049915
vt 0.428993 0.044931
vt 0.432761 0.046541
vt 0.429239 0.062548
vt 0.345090 0.057135
vt 0.314828 0.053010
vt 0.301728 0.064056
vt 0.298827 0.072642
vt 0.293855 0.066696
vt 0.298718 0.068272
vt 0.335281 0.137556
vt 0.335281 0.132232
vt 0.338481 0.137309
vt 0.344380 0.049458
vt 0.344380 0.044949
vt 0.347754 0.045279
vt 0.511070 0.255642
vt 0.499637 0.241214
vt 0.502963 0.239184
vt 0.514071 0.252715
vt 0.508569 0.741443
vt 0.505369 0.735008
vt 0.504216 0.758866
vt 0.506633 0.748265
vt 0.514139 0.772280
vt 0.514326 0.819680
vt 0.511499 0.804012
vt 0.510630 0.852248
vt 0.513122 0.854866
vt 0.279431 0.855277
vt 0.283769 0.726036
vt 0.507216 0.726218
vt 0.032457 0.321479
vt 0.619775 0.587414
vt 0.618228 0.594668
vt 0.611461 0.596592
vt 0.614554 0.591407
vt 0.611461 0.567214
vt 0.619052 0.571289
vt 0.763836 0.942969
vt 0.761064 0.950221
vt 0.001446 0.250965
vt 0.004501 0.248959
vt 0.007728 0.265839
vt 0.004115 0.265158
vt 0.000644 0.265839
vt 0.154557 0.102108
vt 0.153973 0.108190
vt 0.153423 0.107231
vt 0.152483 0.102108
vt 0.680478 0.448756
vt 0.679790 0.433594
vt 0.701355 0.422247
vt 0.692068 0.423664
vt 0.758276 0.374242
vt 0.784657 0.354765
vt 0.790535 0.345405
vt 0.891975 0.343840
vt 0.892859 0.460581
vt 0.880282 0.459841
vt 0.878391 0.449198
vt 0.877178 0.457548
vt 0.873659 0.454541
vt 0.873793 0.460524
vt 0.869513 0.457745
vt 0.864634 0.459337
vt 0.855503 0.403161
vt 0.825972 0.402907
vt 0.819165 0.409512
vt 0.815210 0.419901
vt 0.821155 0.410350
vt 0.815351 0.445124
vt 0.818933 0.440046
vt 0.817946 0.457761
vt 0.813698 0.457308
vt 0.817691 0.459295
vt 0.812916 0.460083
vt 0.806460 0.459390
vt 0.789954 0.458221
vt 0.780861 0.459044
vt 0.776905 0.458685
vt 0.777514 0.454706
vt 0.768172 0.451852
vt 0.777190 0.450918
vt 0.772999 0.454700
vt 0.765484 0.455642
vt 0.768879 0.455522
vt 0.764034 0.457016
vt 0.684074 0.451821
vt 0.704346 0.448528
vt 0.683862 0.451568
vt 0.706875 0.443045
vt 0.418505 0.542426
vt 0.341572 0.275112
vt 0.338164 0.272506
vt 0.341572 0.259540
vt 0.649392 0.776972
vt 0.395064 0.111309
vt 0.395173 0.107908
vt 0.398025 0.111343
vt 0.395505 0.114445
vt 0.384934 0.956752
vt 0.386276 0.961118
vt 0.380654 0.967530
vt 0.381494 0.958275
vt 0.380623 0.931126
vt 0.383029 0.905110
vt 0.156103 0.670779
vt 0.152576 0.669384
vt 0.154142 0.645747
vt 0.351260 0.537860
vt 0.351260 0.530471
vt 0.353937 0.533925
vt 0.262748 0.403395
vt 0.258796 0.401702
vt 0.262748 0.388685
vt 0.660269 0.775878
vt 0.658067 0.764265
vt 0.656993 0.771546
vt 0.654013 0.766561
vt 0.651834 0.759908
vt 0.651834 0.752473
vt 0.667688 0.749501
vt 0.667227 0.774866
vt 0.663033 0.774813
vt 0.922374 0.752365
vt 0.927345 0.799042
vt 0.920488 0.774381
vt 0.920645 0.825337
vt 0.913958 0.810283
vt 0.917097 0.822474
vt 0.913091 0.821111
vt 0.905756 0.822557
vt 0.695518 0.370114
vt 0.694121 0.365147
vt 0.057005 0.078573
vt 0.039647 0.081662
vt 0.040882 0.078502
vt 0.425914 0.499221
vt 0.425914 0.488115
vt 0.429670 0.498842
vt 0.553316 0.554921
vt 0.548949 0.559498
vt 0.549679 0.549707
vt 0.481733 0.534837
vt 0.485310 0.538069
vt 0.485186 0.545588
vt 0.481733 0.541804
vt 0.180464 0.010193
vt 0.185469 0.077279
vt 0.177540 0.076170
vt 0.576786 0.662683
vt 0.575876 0.667979
vt 0.572057 0.670779
vt 0.575203 0.651759
vt 0.572057 0.645549
vt 0.579444 0.649328
vt 0.584227 0.648405
vt 0.582523 0.655257
vt 0.577663 0.656470
vt 0.583723 0.658726
vt 0.582780 0.661488
vt 0.579848 0.660263
vt 0.577015 0.659875
vt 0.318465 0.344502
vt 0.320795 0.355548
vt 0.328701 0.359492
vt 0.332946 0.358495
vt 0.329859 0.402723
vt 0.306118 0.400821
vt 0.317118 0.403099
vt 0.265889 0.403240
vt 0.262525 0.380633
vt 0.262211 0.384577
vt 0.258160 0.389919
vt 0.126463 0.389256
vt 0.143478 0.386418
vt 0.094883 0.390391
vt 0.092060 0.402949
vt 0.000745 0.403371
vt 0.000290 0.344964
vt 0.025336 0.344121
vt 0.027108 0.334647
vt 0.034426 0.330205
vt 0.033690 0.150283
vt 0.028587 0.142147
vt 0.024592 0.133661
vt 0.016456 0.140380
vt 0.000374 0.140432
vt 0.000482 0.084706
vt 0.079106 0.083423
vt 0.083521 0.090861
vt 0.085347 0.105574
vt 0.078653 0.104040
vt 0.143993 0.108455
vt 0.126403 0.111430
vt 0.202734 0.107191
vt 0.202959 0.014529
vt 0.216748 0.017431
vt 0.264876 0.013073
vt 0.275154 0.003354
vt 0.276699 0.000383
vt 0.279734 0.006168
vt 0.292212 0.000684
vt 0.293323 0.082234
vt 0.337760 0.084176
vt 0.336989 0.128435
vt 0.324031 0.132105
vt 0.327613 0.138103
vt 0.334352 0.279596
vt 0.311421 0.285748
vt 0.336143 0.332893
vt 0.323856 0.337751
vt 0.768151 0.341752
vt 0.764500 0.361501
vt 0.767380 0.359581
vt 0.766399 0.362605
vt 0.759984 0.363210
vt 0.762778 0.345481
vt 0.759902 0.341844
vt 0.759902 0.336499
vt 0.767768 0.338231
vt 0.422516 0.115098
vt 0.418222 0.119009
vt 0.421562 0.109809
vt 0.418222 0.107292
vt 0.424024 0.104818
vt 0.426579 0.104622
vt 0.421174 0.532052
vt 0.419196 0.526816
vt 0.423845 0.526984
vt 0.417656 0.524525
vt 0.427465 0.521584
vt 0.430997 0.523772
vt 0.435852 0.532374
vt 0.431368 0.528760
vt 0.433854 0.533405
vt 0.428972 0.530755
vt 0.431765 0.534202
vt 0.429536 0.535530
vt 0.427841 0.540951
vt 0.425862 0.538660
vt 0.420369 0.539452
vt 0.422652 0.537417
vt 0.417656 0.539913
vt 0.420581 0.536129
vt 0.773715 0.309947
vt 0.798086 0.305761
vt 0.791273 0.309509
vt 0.806790 0.308445
vt 0.805341 0.309863
vt 0.804093 0.336867
vt 0.773573 0.338259
vt 0.784522 0.333990
vt 0.690821 0.334137
vt 0.676435 0.332402
vt 0.674308 0.333929
vt 0.674889 0.327302
vt 0.676644 0.327842
vt 0.676093 0.312528
vt 0.678931 0.310407
vt 0.727697 0.311642
vt 0.711619 0.313982
vt 0.796879 0.315521
vt 0.351244 0.460983
vt 0.352391 0.465922
vt 0.352391 0.472946
vt 0.350652 0.471515
vt 0.811092 0.843884
vt 0.807776 0.822654
vt 0.811427 0.806628
vt 0.629415 0.653324
vt 0.626314 0.641407
vt 0.628235 0.634040
vt 0.419079 0.486856
vt 0.419079 0.479159
vt 0.421942 0.483124
vt 0.322161 0.082036
vt 0.321775 0.064696
vt 0.426579 0.064696
vt 0.426268 0.083461
vt 0.408277 0.556407
vt 0.408277 0.546455
vt 0.412668 0.549882
vt 0.958998 0.183923
vt 0.953504 0.018295
vt 0.953770 0.022077
vt 0.941429 0.015134
vt 0.924297 0.015189
vt 0.905437 0.013752
vt 0.871164 0.015950
vt 0.888005 0.011660
vt 0.862059 0.013882
vt 0.872442 0.009432
vt 0.840906 0.014096
vt 0.836986 0.010995
vt 0.839515 0.003008
vt 0.844960 0.004335
vt 0.861664 0.006733
vt 0.294994 0.567350
vt 0.295205 0.630594
vt 0.289025 0.628331
vt 0.521015 0.564174
vt 0.593943 0.565453
vt 0.595341 0.568859
vt 0.602774 0.568528
vt 0.594936 0.584227
vt 0.513567 0.580812
vt 0.527394 0.575251
vt 0.494567 0.579381
vt 0.330753 0.063369
vt 0.327852 0.061352
vt 0.330753 0.055352
vt 0.593175 0.588663
vt 0.601228 0.595525
vt 0.598545 0.613931
vt 0.594813 0.617184
vt 0.596823 0.603452
vt 0.593175 0.618230
vt 0.452853 0.061329
vt 0.451897 0.068005
vt 0.449374 0.062993
vt 0.449374 0.055684
vt 0.335839 0.337959
vt 0.338615 0.333506
vt 0.338856 0.387890
vt 0.335627 0.389485
vt 0.778595 0.860118
vt 0.462127 0.534769
vt 0.459490 0.529231
vt 0.462127 0.527898
vt 0.570726 0.155547
vt 0.569441 0.160909
vt 0.566211 0.161456
vt 0.568506 0.159071
vt 0.334634 0.527870
vt 0.323174 0.550708
vt 0.328572 0.527652
vt 0.331761 0.530813
vt 0.331080 0.526866
vt 0.004063 0.992259
vt 0.001253 0.944971
vt 0.005695 0.959020
vt 0.046006 0.947813
vt 0.045642 0.971052
vt 0.041670 0.964980
vt 0.043083 0.983297
vt 0.012902 0.992259
vt 0.020382 0.986673
vt 0.013076 0.988774
vt 0.083532 0.407808
vt 0.088098 0.415995
vt 0.083532 0.429670
vt 0.578045 0.728772
vt 0.573721 0.828297
vt 0.576883 0.814171
vt 0.576201 0.859339
vt 0.574187 0.855200
vt 0.573155 0.859120
vt 0.546249 0.857895
vt 0.545740 0.854147
vt 0.549641 0.854299
vt 0.549242 0.849717
vt 0.545856 0.851438
vt 0.548225 0.824888
vt 0.545054 0.837071
vt 0.544671 0.727164
vt 0.431215 0.359442
vt 0.426842 0.367847
vt 0.431004 0.340050
vt 0.522836 0.139102
vt 0.522836 0.128200
vt 0.527041 0.130531
vt 0.375575 0.046773
vt 0.375575 0.051004
vt 0.373938 0.050502
vt 0.373459 0.046509
vt 0.197834 0.085643
vt 0.191736 0.094280
vt 0.193160 0.060577
vt 0.194839 0.010204
vt 0.579208 0.661834
vt 0.576782 0.667408
vt 0.278203 0.800428
vt 0.273764 0.802153
vt 0.273317 0.784534
vt 0.278203 0.779637
vt 0.159239 0.640561
vt 0.166922 0.666147
vt 0.158442 0.669234
vt 0.530132 0.773755
vt 0.120555 0.106042
vt 0.114596 0.108190
vt 0.114596 0.101961
vt 0.352391 0.520859
vt 0.349594 0.515977
vt 0.352391 0.509699
vt 0.424773 0.550225
vt 0.424773 0.539975
vt 0.428124 0.543608
vt 0.981440 0.062749
vt 0.967343 0.064440
vt 0.972436 0.028997
vt 0.979360 0.024838
vt 0.978909 0.031594
vt 0.981440 0.039663
vt 0.919549 0.957934
vt 0.900727 0.954801
vt 0.907401 0.953384
vt 0.894701 0.950627
vt 0.904347 0.920045
vt 0.892141 0.913067
vt 0.898164 0.910831
vt 0.899936 0.907082
vt 0.922708 0.917047
vt 0.522546 0.142338
vt 0.523950 0.143591
vt 0.522546 0.149921
vt 0.337886 0.539406
vt 0.337886 0.532760
vt 0.340026 0.533144
vt 0.300248 0.079288
vt 0.302933 0.071115
vt 0.302933 0.080370
vt 0.562589 0.210198
vt 0.558113 0.203406
vt 0.562589 0.200468
vt 0.290568 0.440323
vt 0.290568 0.452853
vt 0.287514 0.445372
vt 0.551991 0.233023
vt 0.553316 0.239564
vt 0.548154 0.239564
vt 0.426579 0.110856
vt 0.426579 0.119009
vt 0.422873 0.116634
vt 0.547133 0.276359
vt 0.547133 0.282840
vt 0.543226 0.280818
vt 0.455409 0.380787
vt 0.457490 0.392576
vt 0.453441 0.388130
vt 0.353937 0.352216
vt 0.353937 0.367847
vt 0.350472 0.356199
vt 0.671441 0.305790
vt 0.674599 0.349234
vt 0.675822 0.335397
vt 0.679524 0.431432
vt 0.456789 0.432648
vt 0.334768 0.403395
vt 0.334768 0.391053
vt 0.340026 0.399539
vt 0.009227 0.299742
vt 0.012936 0.340316
vt 0.000213 0.342173
vt 0.004884 0.335209
vt 0.000213 0.300169
vt 0.003401 0.296693
vt 0.007196 0.293959
vt 0.528587 0.503433
vt 0.516463 0.503857
vt 0.516463 0.484607
vt 0.589236 0.678507
vt 0.586292 0.678060
vt 0.587023 0.651726
vt 0.589326 0.650436
vt 0.001557 0.143266
vt 0.006182 0.163317
vt 0.001557 0.165376
vt 0.231836 0.667688
vt 0.230875 0.656689
vt 0.231836 0.648201
vt 0.532573 0.950416
vt 0.532511 0.943068
vt 0.528524 0.943302
vt 0.533241 0.937040
vt 0.531644 0.931121
vt 0.528519 0.925951
vt 0.533086 0.921193
vt 0.528206 0.924756
vt 0.530366 0.916138
vt 0.541126 0.915827
vt 0.537443 0.941078
vt 0.572468 0.944669
vt 0.572440 0.962587
vt 0.544576 0.963567
vt 0.552836 0.958558
vt 0.527925 0.964439
vt 0.528068 0.947190
vt 0.235233 0.395050
vt 0.237594 0.400618
vt 0.234644 0.401849
vt 0.233076 0.399219
vt 0.230341 0.399098
vt 0.230206 0.391658
vt 0.233089 0.392060
vt 0.237297 0.391658
vt 0.239564 0.393917
vt 0.239467 0.396915
vt 0.024729 0.061006
vt 0.017990 0.061006
vt 0.429022 0.103178
vt 0.434306 0.115654
vt 0.429022 0.117464
vt 0.013910 0.537860
vt 0.010742 0.521623
vt 0.013910 0.518737
vt 0.544449 0.192502
vt 0.548679 0.190325
vt 0.548679 0.195067
vt 0.547648 0.200925
vt 0.277452 0.428124
vt 0.277452 0.406362
vt 0.281295 0.407905
vt 0.319504 0.861180
vt 0.315300 0.857518
vt 0.328196 0.856900
vt 0.322228 0.942750
vt 0.314777 0.948453
vt 0.311257 0.944869
vt 0.228213 0.951996
vt 0.244173 0.955054
vt 0.206056 0.954021
vt 0.206588 0.945021
vt 0.204589 0.943709
vt 0.204059 0.922881
vt 0.200828 0.927102
vt 0.201968 0.921499
vt 0.201506 0.912758
vt 0.200403 0.861163
vt 0.197797 0.865491
vt 0.196141 0.855983
vt 0.211645 0.904033
vt 0.221630 0.916424
vt 0.232270 0.902058
vt 0.232323 0.861601
vt 0.247652 0.857639
vt 0.238813 0.861464
vt 0.921982 0.689959
vt 0.934111 0.685117
vt 0.934049 0.662831
vt 0.948849 0.663535
vt 0.944758 0.692326
vt 0.948983 0.681495
vt 0.948918 0.728377
vt 0.945213 0.716350
vt 0.948983 0.740330
vt 0.940935 0.735201
vt 0.916349 0.739422
vt 0.918499 0.715340
vt 0.912534 0.707959
vt 0.904803 0.702976
vt 0.904311 0.695357
vt 0.909439 0.693106
vt 0.911432 0.686976
vt 0.913047 0.676231
vt 0.902520 0.680540
vt 0.898258 0.672758
vt 0.895497 0.650105
vt 0.898541 0.647269
vt 0.898684 0.650392
vt 0.902399 0.661385
vt 0.922201 0.662313
vt 0.917523 0.665662
vt 0.928527 0.662789
vt 0.923999 0.667634
vt 0.922923 0.673884
vt 0.923647 0.680550
vt 0.928222 0.685847
vt 0.350664 0.500657
vt 0.353937 0.482675
vt 0.353937 0.502312
vt 0.248282 0.007730
vt 0.254148 0.007730
vt 0.255020 0.013731
vt 0.246894 0.017001
vt 0.347130 0.377687
vt 0.344356 0.381232
vt 0.341568 0.386394
vt 0.343385 0.250492
vt 0.343480 0.244305
vt 0.340854 0.251218
vt 0.340908 0.227456
vt 0.344915 0.229144
vt 0.348595 0.230909
vt 0.347988 0.243963
vt 0.350171 0.238487
vt 0.350598 0.377962
vt 0.456276 0.317404
vt 0.459036 0.329207
vt 0.454710 0.329207
vt 0.035548 0.311404
vt 0.035548 0.323025
vt 0.032892 0.314323
vt 0.450434 0.035282
vt 0.454399 0.043901
vt 0.450434 0.047913
vt 0.387913 0.638915
vt 0.406486 0.640356
vt 0.406486 0.669234
vt 0.387519 0.668506
vt 0.395667 0.480062
vt 0.390969 0.494584
vt 0.390969 0.477277
vt 0.000301 0.752695
vt 0.000398 0.738330
vt 0.322075 0.665023
vt 0.322385 0.674416
vt 0.319662 0.674860
vt 0.318388 0.664966
vt 0.324571 0.661947
vt 0.672551 0.893182
vt 0.678295 0.923309
vt 0.670301 0.920624
vt 0.674211 0.923730
vt 0.668437 0.928357
vt 0.673344 0.928981
vt 0.679974 0.972053
vt 0.669778 0.979894
vt 0.661798 0.972171
vt 0.665286 0.891986
vt 0.416135 0.110188
vt 0.408641 0.107622
vt 0.417305 0.103106
vt 0.429352 0.064839
vt 0.431215 0.078824
vt 0.428689 0.071356
vt 0.216079 0.015456
vt 0.215913 0.009897
vt 0.219472 0.009897
vt 0.018314 0.457490
vt 0.020681 0.409008
vt 0.018314 0.406362
vt 0.025641 0.409438
vt 0.023874 0.443783
vt 0.545155 0.219561
vt 0.548679 0.211100
vt 0.548679 0.221017
vt 0.545366 0.220175
vt 0.305046 0.081915
vt 0.305046 0.075136
vt 0.307187 0.065263
vt 0.309115 0.076700
vt 0.005235 0.291469
vt 0.000781 0.293939
vt 0.007897 0.285805
vt 0.008921 0.277903
vt 0.011768 0.270041
vt 0.008939 0.258510
vt 0.008319 0.227268
vt 0.011336 0.230806
vt 0.007334 0.222649
vt 0.007827 0.169226
vt 0.010374 0.152035
vt 0.013983 0.144110
vt 0.030461 0.157560
vt 0.025119 0.158963
vt 0.030371 0.155125
vt 0.032457 0.268060
vt 0.029492 0.289543
vt 0.026275 0.295556
vt 0.032457 0.300533
vt 0.027526 0.306024
vt 0.015394 0.300066
vt 0.023529 0.300366
vt 0.681186 0.976258
vt 0.579490 0.762301
vt 0.579590 0.776266
vt 0.576629 0.786697
vt 0.184632 0.104716
vt 0.181746 0.106645
vt 0.187015 0.108190
vt 0.894076 0.880076
vt 0.900630 0.880671
vt 0.900555 0.902444
vt 0.894759 0.893400
vt 0.865101 0.891832
vt 0.851779 0.879743
vt 0.852934 0.871842
vt 0.847020 0.883797
vt 0.861823 0.854541
vt 0.894470 0.875713
vt 0.866495 0.880676
vt 0.521716 0.516222
vt 0.521716 0.505463
vt 0.525495 0.508252
vt 0.486802 0.536552
vt 0.489584 0.539594
vt 0.491681 0.543065
vt 0.493038 0.547133
vt 0.486802 0.546316
vt 0.186632 0.034003
vt 0.186632 0.023516
vt 0.190106 0.026354
vt 0.319577 0.070902
vt 0.315287 0.071096
vt 0.310833 0.067913
vt 0.314055 0.055556
vt 0.319513 0.054953
vt 0.976712 0.871668
vt 0.976803 0.911889
vt 0.968985 0.905577
vt 0.069226 0.835255
vt 0.075733 0.881907
vt 0.074352 0.883412
vt 0.075201 0.886424
vt 0.073570 0.887160
vt 0.065693 0.876217
vt 0.067272 0.880433
vt 0.062902 0.878233
vt 0.060791 0.873095
vt 0.062607 0.878303
vt 0.051053 0.841843
vt 0.054537 0.843085
vt 0.058310 0.836815
vt 0.073052 0.831904
vt 0.075733 0.833858
vt 0.169174 0.695219
vt 0.177532 0.615087
vt 0.198420 0.616571
vt 0.198492 0.694547
vt 0.445655 0.019239
vt 0.446412 0.085007
vt 0.444467 0.056806
vt 0.441137 0.070546
vt 0.441137 0.043895
vt 0.653575 0.513131
vt 0.379186 0.342351
vt 0.379402 0.351233
vt 0.379896 0.355365
vt 0.379884 0.359767
vt 0.378975 0.363569
vt 0.375503 0.364756
vt 0.374283 0.346950
vt 0.373991 0.287630
vt 0.377016 0.287597
vt 0.377185 0.331135
vt 0.379091 0.337141
vt 0.383302 0.336845
vt 0.381523 0.347225
vt 0.661481 0.803444
vt 0.663051 0.807876
vt 0.658801 0.810301
vt 0.657972 0.799943
vt 0.964962 0.715007
vt 0.964997 0.707974
vt 0.964384 0.695517
vt 0.977508 0.681439
vt 0.976956 0.721682
vt 0.969469 0.721783
vt 0.961530 0.716175
vt 0.961530 0.704705
vt 0.329503 0.355482
vt 0.329503 0.351003
vt 0.333844 0.353459
vt 0.011715 0.078824
vt 0.011715 0.072630
vt 0.013910 0.074781
vt 0.383302 0.111565
vt 0.377671 0.119009
vt 0.377671 0.103455
vt 0.006182 0.238387
vt 0.005980 0.243979
vt 0.001268 0.247292
vt 0.001707 0.237992
vt 0.000562 0.207535
vt 0.000886 0.191719
vt 0.001772 0.181221
vt 0.006182 0.191442
vt 0.005986 0.208095
vt 0.334290 0.340026
vt 0.334290 0.335029
vt 0.335390 0.336094
vt 0.882229 0.139807
vt 0.884333 0.135615
vt 0.885614 0.144097
vt 0.883478 0.146830
vt 0.532185 0.132163
vt 0.534413 0.130377
vt 0.532183 0.133228
vt 0.034003 0.159056
vt 0.033178 0.165376
vt 0.033178 0.155563
vt 0.417305 0.117464
vt 0.404668 0.112314
vt 0.279121 0.447203
vt 0.278991 0.441924
vt 0.277148 0.437628
vt 0.282874 0.440634
vt 0.282089 0.447392
vt 0.277148 0.451308
vt 0.303204 0.614968
vt 0.302508 0.609910
vt 0.304067 0.605246
vt 0.298845 0.609482
vt 0.304275 0.573126
vt 0.309241 0.567153
vt 0.975257 0.266639
vt 0.966902 0.267426
vt 0.964096 0.271844
vt 0.955279 0.270586
vt 0.955437 0.254357
vt 0.958396 0.261524
vt 0.958316 0.231405
vt 0.961746 0.226616
vt 0.967487 0.226097
vt 0.972534 0.231864
vt 0.975257 0.235453
vt 0.026711 0.071571
vt 0.027518 0.068497
vt 0.026654 0.063965
vt 0.032888 0.070362
vt 0.164336 0.068044
vt 0.173167 0.074978
vt 0.176196 0.078679
vt 0.030949 0.077804
vt 0.021910 0.080898
vt 0.024904 0.075984
vt 0.016897 0.080751
vt 0.023798 0.067383
vt 0.072043 0.064479
vt 0.072642 0.064149
vt 0.072642 0.067958
vt 0.071543 0.068005
vt 0.932880 0.525484
vt 0.899943 0.525063
vt 0.901204 0.432548
vt 0.945147 0.430336
vt 0.945892 0.519334
vt 0.938534 0.522380
vt 0.200925 0.045504
vt 0.200925 0.052550
vt 0.199207 0.047488
vt 0.622262 0.532963
vt 0.624739 0.526608
vt 0.627463 0.521466
vt 0.629342 0.525520
vt 0.472063 0.529982
vt 0.476037 0.540922
vt 0.472063 0.540951
vt 0.433828 0.111845
vt 0.437398 0.109174
vt 0.437398 0.117464
vt 0.362673 0.503529
vt 0.362232 0.567783
vt 0.364558 0.553448
vt 0.365636 0.633586
vt 0.363295 0.621112
vt 0.366525 0.681235
vt 0.374309 0.689294
vt 0.366744 0.670562
vt 0.635387 0.456412
vt 0.634286 0.458128
vt 0.637760 0.460440
vt 0.637311 0.566576
vt 0.629374 0.602435
vt 0.626596 0.566159
vt 0.621862 0.561828
vt 0.617582 0.564604
vt 0.602128 0.566034
vt 0.599030 0.527868
vt 0.611827 0.528069
vt 0.606058 0.531615
vt 0.626063 0.488850
vt 0.630100 0.498202
vt 0.621575 0.477319
vt 0.613591 0.473227
vt 0.620054 0.478377
vt 0.577992 0.481526
vt 0.570122 0.480623
vt 0.568842 0.487760
vt 0.564464 0.501070
vt 0.528563 0.501286
vt 0.529795 0.490466
vt 0.524028 0.482244
vt 0.528252 0.481117
vt 0.500235 0.482181
vt 0.477107 0.482775
vt 0.488735 0.478987
vt 0.443527 0.483854
vt 0.453947 0.484106
vt 0.426204 0.486430
vt 0.424981 0.478384
vt 0.422626 0.475865
vt 0.419710 0.473920
vt 0.420647 0.478082
vt 0.382417 0.478390
vt 0.381492 0.521891
vt 0.383350 0.516201
vt 0.386674 0.522333
vt 0.394928 0.526354
vt 0.398599 0.523042
vt 0.406855 0.524284
vt 0.403119 0.553433
vt 0.402879 0.545575
vt 0.400250 0.555078
vt 0.391324 0.561721
vt 0.384700 0.569777
vt 0.387202 0.599285
vt 0.403704 0.597618
vt 0.405512 0.636216
vt 0.398978 0.636053
vt 0.392217 0.632176
vt 0.385259 0.637426
vt 0.382787 0.640759
vt 0.381889 0.648480
vt 0.379629 0.635138
vt 0.384938 0.680387
vt 0.380128 0.676685
vt 0.383343 0.681899
vt 0.425007 0.681087
vt 0.425437 0.675422
vt 0.433734 0.675790
vt 0.439052 0.671753
vt 0.436290 0.671340
vt 0.433109 0.668490
vt 0.426314 0.669903
vt 0.424215 0.646119
vt 0.431385 0.637334
vt 0.424544 0.632384
vt 0.420955 0.629812
vt 0.422472 0.625634
vt 0.425436 0.615694
vt 0.423189 0.614208
vt 0.427149 0.610897
vt 0.429191 0.612358
vt 0.431826 0.614355
vt 0.435362 0.612251
vt 0.444571 0.619833
vt 0.447739 0.622830
vt 0.450873 0.625681
vt 0.453557 0.628868
vt 0.451469 0.630341
vt 0.455195 0.636114
vt 0.451471 0.635405
vt 0.454248 0.637488
vt 0.460862 0.641626
vt 0.456902 0.640860
vt 0.460087 0.642906
vt 0.444530 0.641785
vt 0.438340 0.642208
vt 0.442092 0.644057
vt 0.441042 0.646565
vt 0.442819 0.651332
vt 0.446914 0.654614
vt 0.451462 0.680445
vt 0.455144 0.686835
vt 0.471702 0.683718
vt 0.475563 0.669701
vt 0.471207 0.676853
vt 0.471899 0.662921
vt 0.496979 0.666126
vt 0.496036 0.675230
vt 0.499585 0.681959
vt 0.509101 0.688671
vt 0.528969 0.683737
vt 0.529892 0.678134
vt 0.526582 0.670553
vt 0.564837 0.668495
vt 0.580998 0.669089
vt 0.583860 0.676870
vt 0.583639 0.680709
vt 0.625541 0.682111
vt 0.627796 0.684091
vt 0.636102 0.668545
vt 0.634064 0.678432
vt 0.632903 0.707419
vt 0.554734 0.707516
vt 0.572165 0.702971
vt 0.454475 0.708689
vt 0.468701 0.705463
vt 0.367207 0.695368
vt 0.429025 0.708293
vt 0.417407 0.711773
vt 0.495187 0.708276
vt 0.481219 0.711845
vt 0.633100 0.708517
vt 0.636187 0.701844
vt 0.638026 0.483739
vt 0.641448 0.495663
vt 0.640562 0.457993
vt 0.635508 0.454453
vt 0.356096 0.453245
vt 0.416432 0.436544
vt 0.404451 0.435572
vt 0.429507 0.431420
vt 0.442682 0.432168
vt 0.429501 0.435673
vt 0.460114 0.440533
vt 0.449630 0.436526
vt 0.660081 0.437561
vt 0.661277 0.455324
vt 0.653301 0.460069
vt 0.653156 0.689856
vt 0.657990 0.691766
vt 0.659208 0.723188
vt 0.466849 0.724805
vt 0.480782 0.720701
vt 0.350838 0.724773
vt 0.350807 0.698476
vt 0.354105 0.698376
vt 0.369605 0.401849
vt 0.369605 0.387001
vt 0.374029 0.392761
vt 0.527041 0.234927
vt 0.524672 0.227452
vt 0.527041 0.226670
vt 0.197926 0.027820
vt 0.197926 0.018123
vt 0.200925 0.026656
vt 0.941447 0.105587
vt 0.522404 0.185360
vt 0.522404 0.196288
vt 0.519914 0.189635
vt 0.931281 0.740824
vt 0.942801 0.741173
vt 0.942635 0.776703
vt 0.937978 0.766759
vt 0.942801 0.795971
vt 0.929824 0.791080
vt 0.926591 0.744552
vt 0.363717 0.102211
vt 0.367847 0.101950
vt 0.367847 0.117464
vt 0.360360 0.109415
vt 0.363012 0.105779
vt 0.413609 0.494584
vt 0.413609 0.486900
vt 0.415760 0.491642
vt 0.273319 0.000317
vt 0.441088 0.495424
vt 0.443580 0.501229
vt 0.441088 0.502312
vt 0.423487 0.499221
vt 0.419632 0.497768
vt 0.423487 0.480115
vt 0.655070 0.814695
vt 0.653482 0.810911
vt 0.648484 0.809690
vt 0.644056 0.807980
vt 0.643730 0.803934
vt 0.644131 0.799943
vt 0.647846 0.801470
vt 0.660170 0.818420
vt 0.659757 0.823372
vt 0.655349 0.823791
vt 0.651011 0.821502
vt 0.651366 0.815679
vt 0.655912 0.818484
vt 0.604756 0.295149
vt 0.567829 0.249084
vt 0.601835 0.244146
vt 0.612693 0.234844
vt 0.608849 0.252311
vt 0.616785 0.258235
vt 0.617056 0.267961
vt 0.558578 0.269915
vt 0.567512 0.261466
vt 0.555177 0.263646
vt 0.562520 0.257164
vt 0.531920 0.257851
vt 0.549975 0.253098
vt 0.533063 0.255994
vt 0.551915 0.246974
vt 0.595498 0.236709
vt 0.115072 0.388162
vt 0.117464 0.398005
vt 0.115072 0.400304
vt 0.423487 0.540291
vt 0.423487 0.550225
vt 0.420647 0.542218
vt 0.591955 0.524603
vt 0.591955 0.555690
vt 0.578201 0.556105
vt 0.581045 0.537975
vt 0.581280 0.529633
vt 0.537672 0.209532
vt 0.540940 0.204139
vt 0.540951 0.236473
vt 0.534358 0.233453
vt 0.172675 0.920990
vt 0.170010 0.915078
vt 0.198118 0.914836
vt 0.199379 0.925932
vt 0.194698 0.920409
vt 0.197752 0.945892
vt 0.168979 0.943887
vt 0.166310 0.938094
vt 0.144865 0.937022
vt 0.143670 0.942303
vt 0.025902 0.942081
vt 0.012491 0.940912
vt 0.002309 0.942336
vt 0.001275 0.905093
vt 0.014538 0.902965
vt 0.029461 0.907966
vt 0.070776 0.912094
vt 0.061333 0.915299
vt 0.075966 0.912198
vt 0.089602 0.841059
vt 0.158627 0.831269
vt 0.163549 0.839245
vt 0.162472 0.901026
vt 0.172448 0.902598
vt 0.160847 0.912619
vt 0.169671 0.914276
vt 0.374381 0.282084
vt 0.377434 0.281904
vt 0.469187 0.634260
vt 0.476549 0.634865
vt 0.489570 0.628008
vt 0.498182 0.623989
vt 0.520525 0.618211
vt 0.524154 0.614825
vt 0.525256 0.605894
vt 0.524485 0.602024
vt 0.528298 0.606763
vt 0.525222 0.602994
vt 0.527993 0.600417
vt 0.532343 0.587147
vt 0.535683 0.583396
vt 0.537289 0.584784
vt 0.538804 0.586581
vt 0.555785 0.590186
vt 0.550263 0.587886
vt 0.555070 0.587284
vt 0.561253 0.587157
vt 0.586514 0.586918
vt 0.590596 0.589132
vt 0.586876 0.592932
vt 0.593266 0.643226
vt 0.589187 0.643213
vt 0.593501 0.646050
vt 0.579451 0.645306
vt 0.576180 0.640962
vt 0.581753 0.641352
vt 0.576945 0.642248
vt 0.568107 0.642732
vt 0.554582 0.643200
vt 0.531884 0.645454
vt 0.522448 0.644062
vt 0.515331 0.642280
vt 0.510125 0.640076
vt 0.503990 0.642562
vt 0.495482 0.642100
vt 0.488551 0.644103
vt 0.479827 0.641856
vt 0.481540 0.644306
vt 0.468655 0.643921
vt 0.474294 0.644745
vt 0.469112 0.645949
vt 0.458824 0.644722
vt 0.463520 0.644138
vt 0.463300 0.638167
vt 0.463495 0.634627
vt 0.463550 0.631643
vt 0.463230 0.629924
vt 0.775438 0.889078
vt 0.779265 0.889008
vt 0.778498 0.891120
vt 0.783341 0.890048
vt 0.387790 0.509733
vt 0.391030 0.519676
vt 0.387790 0.520859
vt 0.076099 0.848970
vt 0.075289 0.837080
vt 0.080370 0.850897
vt 0.077184 0.885614
vt 0.075289 0.865029
vt 0.231753 0.642144
vt 0.001262 0.779542
vt 0.003060 0.771737
vt 0.007395 0.773665
vt 0.012365 0.775236
vt 0.012274 0.808335
vt 0.007271 0.806141
vt 0.534475 0.218965
vt 0.534188 0.225654
vt 0.524685 0.225104
vt 0.525195 0.144423
vt 0.527010 0.139660
vt 0.528100 0.135577
vt 0.532178 0.135581
vt 0.536311 0.124242
vt 0.531554 0.130479
vt 0.528123 0.129761
vt 0.528175 0.127456
vt 0.524363 0.127378
vt 0.525779 0.110775
vt 0.525810 0.101639
vt 0.525559 0.095105
vt 0.526466 0.090352
vt 0.579779 0.095788
vt 0.581479 0.131498
vt 0.584287 0.124429
vt 0.584047 0.130593
vt 0.581187 0.136194
vt 0.583364 0.135375
vt 0.587318 0.148186
vt 0.583475 0.153836
vt 0.575243 0.157616
vt 0.578371 0.153982
vt 0.575088 0.156212
vt 0.572058 0.158774
vt 0.567464 0.162454
vt 0.561921 0.157192
vt 0.555766 0.160280
vt 0.551326 0.162852
vt 0.546275 0.186528
vt 0.542044 0.195026
vt 0.542207 0.184750
vt 0.538060 0.203056
vt 0.535934 0.209349
vt 0.535335 0.215215
vt 0.533781 0.210274
vt 0.156692 0.012360
vt 0.176196 0.011209
vt 0.167680 0.015735
vt 0.105279 0.018127
vt 0.118287 0.015461
vt 0.035238 0.014132
vt 0.050005 0.017485
vt 0.035153 0.016892
vt 0.001779 0.010800
vt 0.331378 0.931894
vt 0.851466 0.908798
vt 0.846219 0.908793
vt 0.846500 0.899995
vt 0.850733 0.898114
vt 0.857614 0.897718
vt 0.877077 0.895758
vt 0.900972 0.896966
vt 0.888336 0.902189
vt 0.888905 0.908628
vt 0.968172 0.865522
vt 0.955562 0.863460
vt 0.950247 0.860132
vt 0.952400 0.838140
vt 0.955808 0.851220
vt 0.953668 0.818469
vt 0.964739 0.822696
vt 0.972280 0.852875
vt 0.966427 0.843004
vt 0.973712 0.860871
vt 0.015299 0.720258
vt 0.003319 0.723329
vt 0.001254 0.716210
vt 0.002200 0.697588
vt 0.002688 0.685125
vt 0.005671 0.668394
vt 0.003097 0.675420
vt 0.001254 0.654968
vt 0.005775 0.658064
vt 0.021638 0.660573
vt 0.016485 0.663495
vt 0.019758 0.663284
vt 0.019701 0.666978
vt 0.015211 0.669067
vt 0.013288 0.663369
vt 0.012320 0.697794
vt 0.009754 0.706922
vt 0.012715 0.718221
vt 0.952333 0.569681
vt 0.948322 0.571863
vt 0.947110 0.567618
vt 0.946503 0.570318
vt 0.942122 0.567197
vt 0.939308 0.562548
vt 0.935174 0.562326
vt 0.939602 0.525311
vt 0.942573 0.530496
vt 0.939944 0.529324
vt 0.943268 0.525613
vt 0.947748 0.523191
vt 0.952185 0.518464
vt 0.955165 0.516993
vt 0.954471 0.519744
vt 0.952518 0.524431
vt 0.954524 0.529516
vt 0.955165 0.569434
vt 0.501971 0.615139
vt 0.501555 0.611501
vt 0.507249 0.608741
vt 0.505995 0.612087
vt 0.018547 0.785152
vt 0.010641 0.743667
vt 0.004119 0.757997
vt 0.009249 0.724491
vt 0.018547 0.729831
vt 0.455854 0.588479
vt 0.459864 0.591327
vt 0.534046 0.511585
vt 0.531363 0.503149
vt 0.539406 0.503149
vt 0.264040 0.004365
vt 0.264293 0.007859
vt 0.105930 0.009273
vt 0.120443 0.006375
vt 0.039375 0.008901
vt 0.051436 0.005947
vt 0.000231 0.009250
vt 0.026501 0.003265
vt 0.092746 0.001441
vt 0.077975 0.005460
vt 0.200644 0.002269
vt 0.182523 0.004830
vt 0.952074 0.023481
vt 0.952005 0.048883
vt 0.951779 0.069551
vt 0.946387 0.061446
vt 0.947015 0.029936
vt 0.587949 0.815368
vt 0.592249 0.831135
vt 0.588464 0.839047
vt 0.593501 0.847169
vt 0.593282 0.856248
vt 0.579519 0.822612
vt 0.585634 0.831283
vt 0.580978 0.797809
vt 0.585389 0.797510
vt 0.593501 0.801122
vt 0.590698 0.804865
vt 0.592368 0.822878
vt 0.690155 0.370566
vt 0.696635 0.392576
vt 0.683140 0.385652
vt 0.682976 0.343515
vt 0.691582 0.343660
vt 0.691184 0.358709
vt 0.707873 0.363661
vt 0.693312 0.376171
vt 0.549025 0.547363
vt 0.554861 0.540272
vt 0.554861 0.550225
vt 0.014932 0.322313
vt 0.014932 0.317859
vt 0.015456 0.321787
vt 0.015120 0.326116
vt 0.580300 0.231836
vt 0.575588 0.230454
vt 0.572198 0.229382
vt 0.572769 0.176977
vt 0.576304 0.176280
vt 0.404941 0.313118
vt 0.400954 0.316843
vt 0.401088 0.312301
vt 0.400954 0.307969
vt 0.564135 0.077835
vt 0.564135 0.085007
vt 0.561891 0.082704
vt 0.559340 0.082625
vt 0.260108 0.474380
vt 0.259228 0.503159
vt 0.768617 0.946496
vt 0.326116 0.474491
vt 0.321869 0.464688
vt 0.326116 0.453303
vt 0.468309 0.616771
vt 0.468309 0.630594
vt 0.465659 0.617887
vt 0.466577 0.599458
vt 0.026223 0.020092
vt 0.023708 0.019394
vt 0.023551 0.016369
vt 0.026275 0.016369
vt 0.596799 0.175210
vt 0.602774 0.174114
vt 0.166922 0.695509
vt 0.160849 0.692463
vt 0.142438 0.654362
vt 0.143917 0.647440
vt 0.166446 0.629734
vt 0.166922 0.633204
vt 0.144022 0.654419
vt 0.925745 0.672632
vt 0.929919 0.683177
vt 0.732602 0.395214
vt 0.719831 0.397195
vt 0.719619 0.346975
vt 0.717628 0.344834
vt 0.731651 0.336123
vt 0.429476 0.543018
vt 0.432761 0.548100
vt 0.429476 0.550225
vt 0.375575 0.393518
vt 0.375575 0.401849
vt 0.373351 0.397264
vt 0.085086 0.986139
vt 0.052907 0.984701
vt 0.053188 0.978572
vt 0.051286 0.948908
vt 0.082327 0.946574
vt 0.094280 0.948268
vt 0.093759 0.982288
vt 0.091890 0.977550
vt 0.091236 0.986271
vt 0.091604 0.990713
vt 0.086630 0.986799
vt 0.087999 0.978271
vt 0.018547 0.141114
vt 0.018547 0.146830
vt 0.016918 0.144359
vt 0.081573 0.454399
vt 0.068867 0.454399
vt 0.072365 0.405097
vt 0.079192 0.410843
vt 0.457556 0.528645
vt 0.460581 0.537527
vt 0.459570 0.547133
vt 0.455949 0.546156
vt 0.594132 0.236473
vt 0.588666 0.231222
vt 0.583772 0.231298
vt 0.585017 0.154532
vt 0.594878 0.158053
vt 0.592195 0.178308
vt 0.596592 0.179940
vt 0.573896 0.300938
vt 0.571753 0.294981
vt 0.573125 0.302933
vt 0.567646 0.292344
vt 0.568019 0.285433
vt 0.565520 0.291854
vt 0.566690 0.279933
vt 0.565520 0.276393
vt 0.565917 0.269652
vt 0.572478 0.274371
vt 0.584244 0.277448
vt 0.583257 0.280901
vt 0.585773 0.282598
vt 0.584567 0.288130
vt 0.583494 0.290269
vt 0.580743 0.292646
vt 0.577868 0.292937
vt 0.581502 0.294326
vt 0.575592 0.296690
vt 0.551185 0.165579
vt 0.559498 0.168686
vt 0.554445 0.236473
vt 0.904637 0.614729
vt 0.899150 0.535356
vt 0.522404 0.216380
vt 0.520511 0.213930
vt 0.522404 0.209745
vt 0.185352 0.836834
vt 0.329207 0.508494
vt 0.326877 0.503758
vt 0.329207 0.500076
vt 0.000614 0.505208
vt 0.001546 0.500002
vt 0.001546 0.505290
vt 0.001371 0.510040
vt 0.340150 0.391613
vt 0.344663 0.383629
vt 0.344663 0.393202
vt 0.343344 0.398758
vt 0.784287 0.001080
vt 0.785152 0.060277
vt 0.752217 0.058232
vt 0.185545 0.084648
vt 0.185125 0.079649
vt 0.329207 0.136011
vt 0.327092 0.133118
vt 0.329207 0.131341
vt 0.513131 0.276802
vt 0.513131 0.284386
vt 0.508148 0.282062
vt 0.265990 0.000076
vt 0.270476 0.005245
vt 0.265990 0.009273
vt 0.345908 0.501408
vt 0.344771 0.530645
vt 0.341895 0.522191
vt 0.340752 0.531678
vt 0.336852 0.530609
vt 0.338180 0.522434
vt 0.334883 0.522093
vt 0.328419 0.450744
vt 0.333191 0.449395
vt 0.338541 0.450804
vt 0.347529 0.437166
vt 0.348935 0.513100
vt 0.344163 0.062575
vt 0.339635 0.063369
vt 0.339635 0.058054
vt 0.344663 0.058985
vt 0.009273 0.004637
vt 0.005610 0.003021
vt 0.009273 0.000620
vt 0.355482 0.045047
vt 0.355482 0.049458
vt 0.352676 0.046584
vt 0.044690 0.434008
vt 0.047913 0.441388
vt 0.044690 0.446671
vt 0.386394 0.506493
vt 0.386394 0.517767
vt 0.383311 0.512126
vt 0.951568 0.812444
vt 0.037094 0.028540
vt 0.033564 0.032457
vt 0.033358 0.028540
vt 0.397700 0.102439
vt 0.400304 0.102765
vt 0.399626 0.117464
vt 0.125192 0.398753
vt 0.121415 0.400304
vt 0.121206 0.397771
vt 0.121898 0.392996
vt 0.125192 0.391436
vt 0.436540 0.525747
vt 0.446671 0.525483
vt 0.446642 0.544042
vt 0.437782 0.544042
vt 0.188560 0.077279
vt 0.185557 0.068885
vt 0.188560 0.067564
vt 0.326269 0.678858
vt 0.325807 0.673758
vt 0.326040 0.670160
vt 0.327542 0.668367
vt 0.465803 0.529517
vt 0.092316 0.432761
vt 0.352391 0.345148
vt 0.349855 0.346209
vt 0.351547 0.338025
vt 0.400519 0.397406
vt 0.400721 0.384217
vt 0.409577 0.398758
vt 0.882303 0.104608
vt 0.885016 0.103873
vt 0.884042 0.125635
vt 0.881577 0.125452
vt 0.406486 0.557952
vt 0.403849 0.554317
vt 0.406486 0.550447
vt 0.372359 0.273531
vt 0.372483 0.371050
vt 0.367590 0.392576
vt 0.362669 0.291946
vt 0.367541 0.303325
vt 0.362916 0.270715
vt 0.009524 0.538040
vt 0.012365 0.538501
vt 0.012356 0.543261
vt 0.012365 0.548679
vt 0.009661 0.543689
vt 0.343118 0.168543
vt 0.343118 0.173104
vt 0.340900 0.170450
vt 0.415760 0.521034
vt 0.414792 0.551770
vt 0.408326 0.520563
vt 0.806360 0.021406
vt 0.809881 0.001125
vt 0.808484 0.012077
vt 0.794505 0.726688
vt 0.793485 0.713472
vt 0.805244 0.721977
vt 0.802671 0.724786
vt 0.801389 0.721987
vt 0.793485 0.734148
vt 0.500220 0.607602
vt 0.009273 0.273567
vt 0.005630 0.273567
vt 0.006712 0.268050
vt 0.188560 0.054642
vt 0.184878 0.057186
vt 0.184878 0.047132
vt 0.186419 0.035151
vt 0.188496 0.043885
vt 0.168468 0.063369
vt 0.165854 0.059478
vt 0.168468 0.056417
vt 0.469855 0.529574
vt 0.469855 0.536314
vt 0.467197 0.532105
vt 0.417840 0.626553
vt 0.191651 0.109736
vt 0.189042 0.106569
vt 0.191651 0.102659
vt 0.000489 0.486968
vt 0.003091 0.492697
vt 0.000489 0.494584
vt 0.471400 0.483237
vt 0.471400 0.491493
vt 0.469217 0.486037
vt 0.131374 0.106645
vt 0.129002 0.104261
vt 0.131374 0.100404
vt 0.000239 0.330390
vt 0.003091 0.335509
vt 0.000239 0.338481
vt 0.403395 0.478231
vt 0.403395 0.486856
vt 0.401148 0.481342
vt 0.000045 0.320754
vt 0.001546 0.324627
vt 0.000045 0.326116
vt 0.005534 0.030912
vt 0.005534 0.027182
vt 0.007728 0.030422
vt 0.342537 0.146830
vt 0.341103 0.141810
vt 0.343118 0.141810
vt 0.812038 0.785152
vt 0.811926 0.778321
vt 0.809016 0.778441
vt 0.808647 0.773362
vt 0.033872 0.323165
vt 0.034003 0.327678
vt 0.027054 0.330753
vt 0.004228 0.282969
vt 0.006182 0.285476
vt 0.004228 0.287477
vt 0.024729 0.306153
vt 0.024729 0.310660
vt 0.021889 0.307675
vt 0.982985 0.071674
vt 0.980502 0.100075
vt 0.977443 0.091954
vt 0.977556 0.110275
vt 0.960857 0.112827
vt 0.960530 0.102422
vt 0.965009 0.091989
vt 0.960530 0.068748
vt 0.870545 0.219494
vt 0.952020 0.220182
vt 0.952074 0.336480
vt 0.933833 0.336760
vt 0.866225 0.336800
vt 0.862155 0.328915
vt 0.859610 0.336265
vt 0.672159 0.433899
vt 0.674769 0.439494
vt 0.672159 0.459036
vt 0.700361 0.717692
vt 0.323368 0.685540
vt 0.512780 0.597874
vt 0.503080 0.602740
vt 0.494042 0.601255
vt 0.491516 0.592655
vt 0.498262 0.597480
vt 0.494363 0.591748
vt 0.492180 0.582184
vt 0.497826 0.582420
vt 0.497846 0.589559
vt 0.506855 0.591739
vt 0.509242 0.592162
vt 0.517388 0.594646
vt 0.515260 0.593579
vt 0.516039 0.598018
vt 0.027054 0.321802
vt 0.030347 0.322609
vt 0.347754 0.224315
vt 0.344523 0.225654
vt 0.344523 0.220685
vt 0.676239 0.761636
vt 0.679930 0.761563
vt 0.680053 0.769027
vt 0.674712 0.775878
vt 0.672178 0.775172
vt 0.668957 0.769668
vt 0.669113 0.761892
vt 0.668957 0.755521
vt 0.671699 0.755392
vt 0.669556 0.750267
vt 0.672538 0.749495
vt 0.221379 0.621184
vt 0.223326 0.616280
vt 0.229645 0.619619
vt 0.222414 0.673871
vt 0.419405 0.637689
vt 0.619775 0.059260
vt 0.576570 0.057423
vt 0.569430 0.043809
vt 0.569542 0.055324
vt 0.562789 0.045609
vt 0.577123 0.066589
vt 0.607299 0.068175
vt 0.592458 0.059473
vt 0.618041 0.060827
vt 0.617443 0.069137
vt 0.616873 0.253628
vt 0.605854 0.090572
vt 0.588536 0.070840
vt 0.518888 0.103385
vt 0.521667 0.120431
vt 0.525710 0.237622
vt 0.574309 0.238706
vt 0.515367 0.251059
vt 0.497557 0.175874
vt 0.501905 0.170732
vt 0.505239 0.133878
vt 0.500335 0.131464
vt 0.506170 0.082916
vt 0.502671 0.081009
vt 0.523694 0.074266
vt 0.511408 0.071249
vt 0.501403 0.081382
vt 0.496083 0.096591
vt 0.495380 0.125814
vt 0.498888 0.134739
vt 0.504961 0.136565
vt 0.493523 0.176599
vt 0.546223 0.259567
vt 0.563967 0.274869
vt 0.455156 0.274272
vt 0.455519 0.041933
vt 0.522473 0.041982
vt 0.458307 0.037230
vt 0.455912 0.019233
vt 0.568339 0.021275
vt 0.578435 0.006894
vt 0.606051 0.001067
vt 0.595383 0.007618
vt 0.619152 0.002119
vt 0.359546 0.051004
vt 0.357185 0.045715
vt 0.361664 0.045715
vt 0.121315 0.106645
vt 0.046226 0.065699
vt 0.046409 0.061791
vt 0.283247 0.451118
vt 0.285931 0.445059
vt 0.964481 0.935368
vt 0.967307 0.931417
vt 0.978349 0.931185
vt 0.978349 0.976803
vt 0.957651 0.975294
vt 0.947734 0.973312
vt 0.957893 0.935521
vt 0.006182 0.017001
vt 0.005070 0.015561
vt 0.006182 0.013548
vt 0.403642 0.107466
vt 0.406486 0.108572
vt 0.403409 0.111281
vt 0.528938 0.232659
vt 0.529434 0.226615
vt 0.531678 0.231645
vt 0.351346 0.372483
vt 0.530428 0.236473
vt 0.623184 0.632809
vt 0.619290 0.629884
vt 0.622940 0.636665
vt 0.601399 0.631269
vt 0.602555 0.596404
vt 0.608281 0.598582
vt 0.026425 0.452853
vt 0.026551 0.431510
vt 0.043238 0.434381
vt 0.043276 0.452853
vt 0.012653 0.307569
vt 0.012653 0.298199
vt 0.015456 0.305476
vt 0.933527 0.548857
vt 0.436405 0.967793
vt 0.431191 0.041731
vt 0.431191 0.033989
vt 0.435852 0.034100
vt 0.385528 0.319934
vt 0.385528 0.310854
vt 0.389485 0.318064
vt 0.128583 0.395667
vt 0.128003 0.390613
vt 0.132919 0.390613
vt 0.149376 0.945513
vt 0.153854 0.943277
vt 0.188527 0.956335
vt 0.185996 0.984909
vt 0.155896 0.984735
vt 0.163361 0.980251
vt 0.147400 0.986077
vt 0.148339 0.979810
vt 0.144899 0.985635
vt 0.145203 0.941296
vt 0.559881 0.215048
vt 0.562589 0.216594
vt 0.562589 0.222563
vt 0.558734 0.219639
vt 0.171372 0.886420
vt 0.020854 0.140776
vt 0.353937 0.248837
vt 0.351500 0.246241
vt 0.353937 0.239738
vt 0.017654 0.755880
vt 0.017654 0.744971
vt 0.021638 0.754920
vt 0.018629 0.768151
vt 0.807565 0.055256
vt 0.805125 0.049974
vt 0.801198 0.049249
vt 0.794616 0.063369
vt 0.794371 0.049977
vt 0.793835 0.056366
vt 0.791893 0.050272
vt 0.789860 0.000054
vt 0.806484 0.001997
vt 0.681755 0.891270
vt 0.687890 0.924210
vt 0.683185 0.950594
vt 0.686955 0.949766
vt 0.686759 0.962601
vt 0.682373 0.958458
vt 0.684605 0.969784
vt 0.523950 0.119009
vt 0.521706 0.113612
vt 0.523950 0.112226
vt 0.467340 0.634953
vt 0.460486 0.632027
vt 0.000968 0.013884
vt 0.006182 0.018482
vt 0.000968 0.021638
vt 0.220537 0.009893
vt 0.222563 0.015456
vt 0.219391 0.015456
vt 0.339952 0.253152
vt 0.341572 0.254574
vt 0.339952 0.258111
vt 0.293792 0.030912
vt 0.293792 0.025456
vt 0.295205 0.027378
vt 0.378305 0.390306
vt 0.382694 0.388738
vt 0.381326 0.385509
vt 0.386673 0.386961
vt 0.390660 0.388716
vt 0.056221 0.068005
vt 0.056221 0.062144
vt 0.058732 0.065961
vt 0.001073 0.517835
vt 0.001546 0.513935
vt 0.001546 0.522404
vt 0.315297 0.075097
vt 0.311815 0.081915
vt 0.311815 0.070364
vt 0.361348 0.329197
vt 0.360652 0.371170
vt 0.356449 0.374029
vt 0.352724 0.335405
vt 0.353060 0.330023
vt 0.352248 0.251070
vt 0.357009 0.249290
vt 0.357118 0.263529
vt 0.361664 0.261369
vt 0.011526 0.000084
vt 0.013910 0.001018
vt 0.011526 0.003091
vt 0.052550 0.029451
vt 0.050399 0.032457
vt 0.050399 0.028925
vt 0.394852 0.317699
vt 0.321490 0.347754
vt 0.321490 0.343010
vt 0.323025 0.345088
vt 0.177741 0.106645
vt 0.175450 0.104351
vt 0.177741 0.101004
vt 0.505403 0.548679
vt 0.498327 0.548679
vt 0.505246 0.541067
vt 0.009273 0.018547
vt 0.008088 0.016842
vt 0.009273 0.014432
vt 0.323906 0.344663
vt 0.323906 0.340506
vt 0.326116 0.341568
vt 0.697484 0.915702
vt 0.700428 0.915459
vt 0.702993 0.914236
vt 0.699857 0.918988
vt 0.702531 0.917659
vt 0.699462 0.922560
vt 0.694171 0.914552
vt 0.929520 0.584653
vt 0.935797 0.584484
vt 0.964438 0.586191
vt 0.960192 0.591071
vt 0.964438 0.642959
vt 0.929148 0.639822
vt 0.938961 0.635249
vt 0.933871 0.635079
vt 0.943975 0.631829
vt 0.930285 0.623421
vt 0.020092 0.705543
vt 0.016939 0.714055
vt 0.332841 0.710217
vt 0.329448 0.711147
vt 0.326071 0.714055
vt 0.326967 0.684481
vt 0.565680 0.091189
vt 0.563373 0.088592
vt 0.565680 0.084523
vt 0.066958 0.068005
vt 0.066958 0.062083
vt 0.069551 0.064779
vt 0.398758 0.385297
vt 0.398758 0.400304
vt 0.392570 0.393321
vt 0.004006 0.070112
vt 0.000814 0.058472
vt 0.008290 0.061988
vt 0.010819 0.077983
vt 0.005162 0.077203
vt 0.009354 0.078601
vt 0.005883 0.080370
vt 0.002404 0.079735
vt 0.000814 0.077573
vt 0.004295 0.073417
vt 0.851128 0.893685
vt 0.629407 0.754780
vt 0.450834 0.486955
vt 0.454399 0.485340
vt 0.454399 0.499194
vt 0.452368 0.505403
vt 0.021638 0.020092
vt 0.020192 0.018350
vt 0.021638 0.016161
vt 0.434306 0.489518
vt 0.105099 0.068005
vt 0.101625 0.064733
vt 0.105099 0.061869
vt 0.333844 0.137556
vt 0.331070 0.137556
vt 0.332250 0.132152
vt 0.003091 0.032685
vt 0.003091 0.038639
vt 0.000588 0.035975
vt 0.003005 0.027529
vt 0.003091 0.027183
vt 0.003091 0.029366
vt 0.539802 0.782475
vt 0.403409 0.103031
vt 0.001546 0.258187
vt 0.000397 0.262748
vt 0.000397 0.257223
vt 0.404941 0.559651
vt 0.402235 0.561044
vt 0.402235 0.554381
vt 0.378666 0.388557
vt 0.373888 0.389485
vt 0.373888 0.361581
s 1
usemtl Material_0.001
f 454/1/1 455/2/2 456/3/3
f 1/4/4 457/5/5 458/6/6
f 3/7/7 461/8/8 463/9/9
f 623/10/10 99/11/11 101/12/12 1585/13/13 102/14/14 1369/15/15 625/16/16 626/17/17 624/18/18
f 1740/19/19 1790/20/20 1022/21/21 355/22/22
f 6/23/23 468/24/24 8/25/25
f 8/25/25 470/26/26 7/27/27 6/28/23
f 6/29/23 7/30/27 469/31/28
f 9/32/29 471/33/30 472/34/31
f 9/35/29 24/36/32 473/37/33
f 11/38/34 477/39/35 17/40/36
f 15/41/37 16/42/38 489/43/39
f 16/44/38 490/45/40 489/46/39
f 18/47/41 492/48/42 22/49/43
f 18/50/41 493/51/44 492/52/42
f 674/53/45 136/54/46 162/55/47 717/56/48 169/57/49 767/58/50 1201/59/51 198/60/52 766/61/53 765/62/54 158/63/55 140/64/56 152/65/57 155/66/58 151/67/59 704/68/60
f 19/69/61 484/70/62 496/71/63
f 23/72/64 495/73/65 507/74/66
f 497/75/67 496/76/63 473/77/33
f 24/78/32 508/79/68 26/80/69
f 25/81/70 29/82/71 26/83/69
f 25/81/70 26/83/69 508/84/68
f 27/85/72 509/86/73 510/87/74
f 1217/88/75 1216/89/76 416/90/77 1093/91/78 410/92/79 372/93/80 1802/94/81 1054/95/82 339/96/83
f 1615/97/84 519/98/85 518/99/86 41/100/87 10/101/88 458/6/6 1616/102/89 457/5/5 1/4/4 20/103/90 1612/104/91 498/105/92 1613/106/93 1614/107/94
f 1708/108/95 1629/109/96 1628/110/97 1631/111/98 1718/112/99
f 526/113/100 523/114/101 524/115/102
f 526/116/100 524/117/102 525/118/103
f 1561/119/104 49/120/105 547/121/106 50/122/107 1686/123/108 1687/124/109 57/125/110 560/126/111 561/127/112 46/128/113 44/129/114 1563/130/115 1564/131/116 527/132/117 526/133/100 525/134/103 1556/135/118 1555/136/119 1553/137/120 1554/138/121
f 33/139/122 529/140/123 530/141/124
f 529/142/123 35/143/125 530/144/124
f 969/145/126 1741/146/127 1789/147/128 1739/148/129 1785/149/130 1744/150/131 1784/151/132 1745/152/133 1742/153/134 1743/154/135 333/155/136
f 671/156/137 691/157/138 692/158/139 144/159/140 143/160/141 121/161/142 1536/162/143
f 859/163/144 858/164/145 293/165/146 907/166/147 1252/167/148 1255/168/149 1254/169/150 1256/170/151 1792/171/152 1793/172/153 1257/173/154 861/174/155 272/175/156
f 35/176/125 532/177/157 38/178/158
f 36/179/159 533/180/160 535/181/161
f 1374/182/162 1350/183/163 206/184/164 754/185/165 1352/186/166
f 37/187/167 534/188/168 536/189/169
f 652/190/170 651/191/171 1321/192/172 1322/193/173 105/194/174 607/195/175 83/196/176 606/197/177 1345/198/178 1344/199/179 1326/200/180 1327/201/181 96/202/182 628/203/183 1325/204/184 1323/205/185
f 1578/206/186 500/207/187 21/208/188 1580/209/189 1579/210/190
f 41/211/87 518/212/86 519/213/85
f 47/214/191 543/215/192 544/216/193
f 47/217/191 45/218/194 546/219/195
f 47/220/191 546/221/195 543/222/192
f 1227/223/196 960/224/197 332/225/198 966/226/199
f 49/227/105 548/228/200 547/229/106
f 1039/230/201 1245/231/202 1246/232/203 1247/233/204 1040/234/205 1041/235/206 366/236/207
f 51/237/208 553/238/209 554/239/210
f 51/240/208 552/241/211 553/242/209
f 1336/243/212 947/244/213 945/245/214
f 52/246/215 556/247/216 557/248/217
f 556/249/216 558/250/218 557/251/217
f 58/252/219 60/253/220 565/254/221
f 1698/255/222 13/256/223 472/257/31 517/258/224
f 62/259/225 63/260/226 571/261/227
f 774/262/228 790/263/229 1771/264/230 809/265/231
f 62/266/225 573/267/232 574/268/233
f 517/269/224 472/270/31 1704/271/234 471/272/30 9/273/29 2/274/235 460/275/236 3/276/7 462/277/237 1703/278/238 1702/279/239 486/280/240 487/281/241 1700/282/242 1699/283/243
f 787/284/244 225/285/245 788/286/246 216/287/247
f 65/288/248 577/289/249 578/290/250
f 65/291/248 578/292/250 71/293/251
f 65/294/248 579/295/252 577/296/249
f 67/297/253 582/298/254 583/299/255
f 300/300/256 980/301/257 1799/302/258 1797/303/259 1800/304/260 922/305/261 306/306/262 301/307/263
f 69/308/264 586/309/265 587/310/266
f 1388/311/267 1377/312/268 1376/313/269 1389/314/270
f 592/315/271 593/316/272 594/317/273
f 592/318/271 594/319/273 595/320/274
f 1043/321/275 1212/322/276 1213/323/277 1210/324/278
f 633/325/279 99/326/11 623/327/10
f 1495/328/280 813/329/281 1490/330/282 812/331/283 227/332/284 274/333/285 1489/334/286 869/335/287 937/336/288
f 84/337/289 90/338/290 610/339/291
f 1258/340/292 249/341/293 806/342/294
f 1236/343/295 1224/344/296 1000/345/297 1732/346/298
f 131/347/299 680/348/300 130/349/301 681/350/302 144/351/140 693/352/303 692/353/139 691/354/138 682/355/304 683/356/305
f 399/357/306 1074/358/307 407/359/308 384/360/309 400/361/310 1509/362/311 1511/363/312 1126/364/313 1125/365/314 1508/366/315 1136/367/316
f 95/368/317 624/369/18 626/370/17
f 1067/371/318 1046/372/319 370/373/320 380/374/321
f 98/375/322 631/376/323 632/377/324
f 428/378/325 1122/379/326 1123/380/327 1124/381/328
f 104/382/329 638/383/330 639/384/331
f 105/385/174 640/386/332 641/387/333
f 379/388/334 1526/389/335 1527/390/336 1487/391/337 936/392/338 935/393/339 1486/394/340 1524/395/341 1100/396/342
f 1179/397/343 1178/398/344 1809/399/345 1810/400/346 1811/401/347
f 918/402/348 916/403/349 917/404/350 1787/405/351 285/406/352 896/407/353 292/408/354 905/409/355 1262/410/356 923/411/357 909/412/358 301/413/263 910/414/359 306/415/262 1800/416/260 1796/417/360 1253/418/361 908/419/362 907/420/147 293/421/146 1791/422/363 906/423/364
f 114/424/365 117/425/366 659/426/367
f 115/427/368 119/428/369 662/429/370
f 115/430/368 646/431/371 663/432/372
f 115/430/368 663/432/372 119/433/369
f 1450/434/373 646/435/371 1454/436/374 1455/437/375 154/438/376 147/439/377 1451/440/378 1453/441/379
f 118/442/380 667/443/381 668/444/382
f 118/445/380 668/446/382 669/447/383
f 1417/448/384 620/449/385 621/450/386 619/451/387 93/452/388
f 1639/453/389 479/454/390 478/455/391 1640/456/392
f 119/457/369 663/458/372 662/459/370
f 663/460/372 128/461/393 662/462/370
f 1585/463/13 101/464/12 102/465/14
f 1129/466/394 384/467/309 407/468/308 426/469/395 432/470/396 1506/471/397
f 123/472/398 672/473/399 673/474/400
f 676/475/401 128/476/393 663/477/372 646/478/371 1450/479/373 1452/480/402 672/481/399 123/482/398 673/483/400 674/484/45 675/485/403
f 228/486/404 240/487/405 1777/488/406 1776/489/407 1775/490/408 1774/491/409 1768/492/410 1767/493/411 826/494/412 1766/495/413 243/496/414 825/497/415 231/498/416 242/499/417 1765/500/418 1764/501/419 1763/502/420 1778/503/421
f 125/504/422 127/505/423 110/506/424
f 252/507/425 930/508/426 1206/509/427 853/510/428 1208/511/429 1018/512/430 352/513/431 1017/514/432 1209/515/433 1211/516/434 1096/517/435 414/518/436 1097/519/437 1001/520/438 1225/521/439 332/522/198 328/523/440 948/524/441 318/525/442 941/526/443 324/527/444 956/528/445 871/529/446 275/530/447 872/531/448 278/532/449 299/533/450 999/534/451 1728/535/452 1730/536/453 1000/537/297 1224/538/296 1236/539/295 958/540/454 927/541/455 834/542/456 835/543/457 249/544/293 218/545/458 794/546/459 223/547/460 220/548/461 795/549/462 219/550/463 259/551/464 1495/552/280 937/553/288 298/554/465 346/555/466 379/556/334 1100/557/342 400/558/310 384/559/309 1129/560/394 1506/561/397 432/562/396 1130/563/467 1111/564/468 425/565/469 1529/566/470 1533/567/471 1530/568/472 1532/569/473 1215/570/474 1534/571/475 1214/572/476 410/573/79 1093/574/78 416/575/77 403/576/477 1081/577/478 393/578/479 1221/579/480 1083/580/481 1801/581/482 1024/582/483 357/583/484 1025/584/485 364/585/486 1516/586/487 1515/587/488 348/588/489 1518/589/490 1517/590/491 304/591/492 322/592/493 267/593/494 255/594/495 261/595/496 847/596/497 939/597/498 311/598/499 1002/599/500 950/600/501 984/601/502 345/602/503 1222/603/504 1223/604/505 1231/605/506 1006/606/507 347/607/508 845/608/509 846/609/510 852/610/511 803/611/512 224/612/513 239/613/514 802/614/515 824/615/516 238/616/517 253/617/518
f 420/618/519 1108/619/520 1105/620/521 419/621/522 1107/622/523 424/623/524
f 1596/624/525 569/625/526 62/626/225 571/627/227
f 130/628/301 680/629/300 679/630/527
f 1170/631/528 1834/632/529 444/633/530 1168/634/531 1169/635/532
f 133/636/533 134/637/534 664/638/535
f 1433/639/536 731/640/537 176/641/538 730/642/539 181/643/540 1432/644/541 139/645/542 732/646/543
f 1845/647/544 344/648/545 1003/649/546 1841/650/547 1062/651/548 1063/652/549 1806/653/550 1807/654/551 1061/655/552 1843/656/553
f 1640/456/392 499/657/554 1638/658/555 1639/453/389
f 570/659/556 56/660/557 48/661/558 564/662/559 1398/663/560 1397/664/561 1607/665/562 572/666/563 1597/667/564 62/668/225
f 136/669/46 674/670/45 688/671/565
f 235/672/566 231/673/416 825/674/415 243/675/414
f 144/351/140 692/353/139 693/352/303
f 1279/676/567 1280/677/568 990/678/569 992/679/570 1341/680/571 1339/681/572 1338/682/573
f 149/683/574 697/684/575 698/685/576
f 149/686/574 701/687/577 700/688/578
f 72/689/579 584/690/580 67/691/253 583/692/255 1697/693/581 561/694/112 560/695/111
f 903/696/582 246/697/583 830/698/584 914/699/585 296/700/586 291/701/587
f 156/702/588 707/703/589 163/704/590
f 984/705/502 950/706/501 318/707/442 949/708/591 982/709/592
f 1067/710/318 1271/711/593 1270/712/594 1520/713/595 1519/714/596 1521/715/597 348/716/489 1515/717/488 1516/718/487 364/719/486 1047/720/598 1514/721/599 1046/722/319
f 168/723/600 162/724/47 711/725/601 712/726/602 180/727/603 715/728/604
f 711/729/601 169/730/49 712/731/602
f 1845/732/544 998/733/605 963/734/606 331/735/607 344/736/545
f 602/737/608 89/738/609 84/739/289 610/740/291 1619/741/610 1618/742/611
f 574/743/233 573/744/232 580/745/612 66/746/613 59/747/614 563/748/615 575/749/616 1596/750/525 571/751/227 63/752/226 62/753/225
f 169/754/49 711/755/601 716/756/617
f 133/757/533 172/758/618 159/759/619 134/760/534
f 1113/761/620 1807/762/551 1806/763/550 452/764/621
f 171/765/622 183/766/623 721/767/624
f 173/768/625 723/769/626 724/770/627
f 175/771/628 728/772/629 727/773/630
f 176/774/538 729/775/631 182/776/632
f 176/777/538 181/778/540 730/779/539
f 676/780/401 151/781/59 155/782/58 152/783/57 140/784/56 662/785/370 128/786/393
f 176/787/538 731/788/537 732/789/543
f 176/790/538 182/791/632 734/792/633
f 176/793/538 734/794/633 733/795/634
f 1177/796/635 1812/797/636 1809/399/345 1178/398/344
f 162/798/47 136/799/46 688/800/565 674/801/45 673/802/400 1452/803/402 1450/804/373 1453/805/379 1451/806/378 147/807/377 695/808/637 696/809/638 710/810/639 167/811/640
f 1382/812/641 678/813/642 124/814/643 118/815/380 669/816/383 668/817/382 1370/818/644 1371/819/645 722/820/646 1386/821/647 173/768/625 724/770/627 699/822/648 701/823/577 149/683/574 698/685/576 210/824/649 757/825/650 1606/826/651 1605/827/652 1400/828/653 1401/829/654 1395/830/655 1399/831/656 1860/832/657 94/833/658 317/834/659 1390/835/660 1389/836/270 1376/837/269 1378/838/661 1379/839/662 1381/840/663 1372/841/664
f 189/842/665 744/843/666 745/844/667
f 1742/845/134 968/846/668 970/847/669 333/848/136 1743/849/135
f 194/850/670 204/851/671 197/852/672
f 749/853/673 751/854/674 752/855/675
f 194/856/670 752/857/675 753/858/676
f 195/859/677 756/860/678 210/861/649
f 756/862/678 757/863/650 210/864/649
f 811/865/679 818/866/680 827/867/681 244/868/682 810/869/683
f 120/870/684 1434/871/685 632/872/324 631/873/323 98/874/322 1440/875/686 1439/876/687 685/877/688
f 753/878/676 816/879/689 804/880/690 230/881/691 805/882/692 798/883/693 211/884/694 764/885/695 197/886/672 204/887/671 194/888/670
f 197/886/672 764/885/695 211/884/694
f 642/889/696 1480/890/697 634/891/698
f 198/892/52 765/893/54 766/894/53
f 501/895/699 502/896/700 503/897/701 499/898/554 1640/899/392 478/900/391 479/901/390 1645/902/702 1644/903/703 1647/904/704 1646/905/705 1643/906/706 1668/907/707 1648/908/708 1649/909/709 1650/910/710 455/911/2 1651/912/711 454/913/1 1/914/4 458/915/6 10/916/88 467/917/712 1608/918/713 1610/919/714 1609/920/715 21/921/188 500/922/187 1574/923/716
f 615/924/717 616/925/718 88/926/719
f 671/156/137 142/927/720 691/157/138
f 477/928/35 491/929/721 1665/930/722 476/931/723 17/932/36
f 1087/933/724 1066/934/725 401/935/726
f 196/936/727 208/937/728 258/938/729 1496/939/730 1497/940/731 839/941/732 254/942/733 838/943/734 259/944/464 219/945/463 209/946/735 1498/947/736
f 531/948/737 31/949/738 28/950/739
f 1153/951/740 439/952/741 1138/953/742 1135/954/743 1124/955/328
f 617/956/744 82/957/745 603/958/746 604/959/747 1619/960/610 610/961/291 90/962/290 86/963/748 85/964/749 84/965/289 1620/966/750 1720/967/751 68/968/752 587/969/266 586/970/265 1625/971/753 1624/972/754 1623/973/755 1622/974/756 1621/975/757 76/976/758 599/977/759 78/978/760 1713/979/761 1712/980/762 1716/981/763 1714/982/764 1715/983/765 1717/984/766 1437/985/767 1438/986/768 1436/987/769 75/988/770 103/989/771 611/990/772 1435/991/773 618/992/774 91/993/775
f 315/994/776 266/995/777 267/996/494 322/997/493
f 229/998/778 798/999/693 805/1000/692 230/1001/691 815/1002/779
f 180/1003/603 737/1004/780 718/1005/781 1203/1006/782 1205/1007/783 1204/1008/784 740/1009/785 183/1010/623 187/1011/786
f 789/1012/787 773/1013/788 783/1014/789 1759/1015/790 820/1016/791 1758/1017/792 263/1018/793 797/1019/794 1760/1020/795 1761/1021/796 791/1022/797 217/1023/798 790/1024/229
f 206/1025/164 793/1026/799 784/1027/800
f 218/1028/458 223/1029/460 794/1030/459
f 516/1031/801 28/1032/739 515/1033/802 1568/1034/803 1569/1035/804
f 221/1036/805 786/1037/806 796/1038/807
f 275/1039/447 285/1040/352 278/1041/449 872/1042/448
f 224/1043/513 803/1044/512 239/1045/514
f 821/1046/808 1758/1047/792 820/1048/791 1759/1049/790 783/1050/789 781/1051/809 782/1052/810 216/1053/247 788/1054/246 225/1055/245 806/1056/294 807/1057/811 1757/1058/812 1755/1059/813 1754/1060/814
f 1159/1061/815 1158/1062/816 1157/1063/817 1821/1064/818 1143/1065/819 1146/1066/820 441/1067/821 442/1068/822
f 227/1069/284 812/1070/283 813/1071/281
f 228/1072/404 241/1073/823 240/1074/405
f 231/1075/416 235/1076/566 242/1077/417
f 232/1078/824 818/1079/680 811/1080/679
f 1815/1081/825 1172/1082/826 445/1083/827 1171/1084/828 1173/1085/829
f 237/1086/830 822/1087/831 823/1088/832
f 237/1089/830 823/1090/832 247/1091/833
f 1751/1092/834 216/1093/247 782/1094/810
f 238/616/517 824/615/516 802/614/515
f 239/1095/514 252/1096/425 253/1097/518
f 240/1098/405 241/1099/823 214/1100/835
f 125/1101/422 110/1102/424 653/1103/836 1324/1104/837 628/1105/183 96/1106/182 627/1107/838
f 932/1108/839 933/1109/840 1729/1110/841 1727/1111/842 920/1112/843 305/1113/844 931/1114/845
f 1029/1115/846 350/1116/847 358/1117/848 1028/1118/849
f 653/1119/836 110/1120/424 651/191/171 652/190/170 1323/205/185 1324/1121/837
f 485/1122/850 12/1123/851 472/1124/31 13/1125/223 484/70/62 19/69/61
f 193/1126/852 179/1127/853 736/1128/854 167/1129/640 710/1130/639 695/1131/637 147/1132/377 154/1133/376 750/1134/855
f 1655/1135/856 1657/1136/857 1659/1137/858 1656/1138/859
f 130/1139/301 679/1140/527 129/1141/860 143/1142/141 144/1143/140 681/1144/302
f 398/1145/861 277/1146/862 406/1147/863
f 260/1148/864 847/596/497 261/595/496
f 1607/1149/562 1599/1150/865 1598/1151/866 1597/1152/564
f 264/1153/867 837/1154/868 269/1155/869
f 4/1156/870 3/7/7 463/9/9
f 272/1157/156 863/1158/871 862/1159/872 874/1160/873 1754/1161/814 1755/1162/813 1756/1163/874 860/1164/875
f 1590/1165/876 1591/1166/877 581/1167/878 66/1168/613 580/1169/612 573/1170/232 62/1171/225 1597/1172/564 1598/1173/866 1589/1174/879 612/1175/880 1594/1176/881 1595/1177/882 1592/1178/883
f 274/1179/285 866/1180/884 867/1181/885
f 274/1182/285 867/1183/885 868/1184/886
f 873/1185/887 895/1186/888 285/1187/352 275/1188/447 870/1189/889
f 277/1190/862 851/1191/890 875/1192/891
f 1559/1193/892 1558/1194/893 42/1195/894 520/1196/895 512/1197/896 511/1198/897 526/1199/100 527/1200/117
f 929/1201/898 930/1202/426 252/1096/425 239/1095/514 803/1203/512 852/1204/511 1803/1205/899 845/1206/509 347/1207/508 1005/1208/900 1007/1209/901 1505/1210/902 1065/1211/903 1064/1212/904 1504/1213/905 1503/1214/906 1501/1215/907 1502/1216/908 1500/1217/909
f 1178/398/344 1179/397/343 1176/1218/910 1174/1219/911 446/1220/912 1167/1221/913 1144/1222/914 1143/1223/819 1823/1224/915 1822/1225/916 1824/1226/917 1177/796/635
f 279/1227/918 879/1228/919 880/1229/920
f 279/1230/918 880/1231/920 881/1232/921
f 21/1233/188 504/1234/922 1611/1235/923 1581/1236/924 1580/1237/189
f 1087/933/724 370/1238/320 1047/1239/598 364/1240/486 1025/1241/485 1801/1242/482 1052/1243/925 1051/1244/926 389/1245/927 1068/1246/928 1076/1247/929 404/1248/930 1102/1249/931 417/1250/932 1103/1251/933 1118/1252/934 1116/1253/935 422/1254/936 1115/1255/937 1114/1256/938 401/935/726 1066/934/725
f 283/1257/939 887/1258/940 888/1259/941
f 397/1260/942 1078/1261/943 390/1262/944 1033/1263/945 409/1264/946 418/1265/947 393/1266/479 1082/1267/948 403/1268/477 388/1269/949
f 285/1270/352 895/1271/888 896/1272/353
f 286/1273/950 880/1229/920 879/1228/919
f 286/1274/950 898/1275/951 287/1276/952
f 289/1277/953 902/1278/954 294/1279/955
f 290/1280/956 903/1281/582 291/1282/587
f 291/1283/587 296/1284/586 295/1285/957
f 965/1286/958 964/1287/959 960/1288/197 1227/1289/196 966/1290/199 332/522/198 1225/521/439 414/518/436 1096/517/435 1211/516/434 1210/1291/278 1213/1292/277 1212/1293/276 1232/1294/960 1234/1295/961 1233/1296/962 1226/1297/963 1235/1298/964
f 1800/1299/260 306/1300/262 922/1301/261
f 294/1302/955 902/1303/954 911/1304/965
f 295/1305/957 296/1306/586 914/1307/585
f 311/598/499 941/526/443 318/525/442 950/600/501 1002/599/500
f 301/1308/263 306/1309/262 910/1310/359
f 301/1311/263 909/1312/358 923/1313/357
f 330/1314/966 1849/1315/967 1851/1316/968 961/1317/969
f 1323/1318/185 1325/1319/184 1324/1320/837
f 708/1321/970 1200/1322/971 687/1323/972 686/1324/973 158/1325/55 765/1326/54 198/1327/52 199/1328/974 768/1329/975 769/1330/976 770/1331/977
f 308/1332/978 326/1333/979 325/1334/980
f 326/1335/981 327/1336/982 325/1337/983
f 308/1338/978 325/1339/980 934/1340/984
f 27/1341/72 1574/1342/716 1575/1343/985
f 930/1344/426 1502/1345/908 1501/1346/907 1503/1347/906 1207/1348/986 1045/1349/987 1019/1350/988 1018/1351/430 1208/1352/429 853/1353/428 1206/1354/427
f 310/1355/989 328/1356/440 941/1357/443
f 310/1355/989 941/1357/443 311/1358/499
f 313/1359/990 942/1360/991 912/1361/992
f 313/1359/990 913/1362/993 327/1363/994
f 313/1359/995 327/1363/996 944/1364/997
f 327/1363/982 326/1365/981 944/1364/998
f 313/1366/990 327/1367/994 943/1368/999
f 926/1369/1000 1499/1370/1001 303/1371/1002 1016/1372/1003 1035/1373/1004 1535/1374/1005 1021/1375/1006 353/1376/1007 1020/1377/1008 363/1378/1009 346/1379/466 298/1380/465
f 904/1381/1010 919/1382/1011 299/1383/450 894/1384/1012
f 1615/1385/84 1614/1386/94 1613/1387/93 1612/1388/91 20/1389/90 1368/1390/1013 1584/1391/1014 558/1392/218 556/1393/216 1367/1394/1015 1366/1395/1016 550/1396/1017 1583/1397/1018 1582/1398/1019 539/1399/1020 538/1400/1021 41/1401/87
f 1280/1402/568 1279/1403/567 431/1404/1022 406/1405/863 277/1406/862 875/1407/891 851/1408/890 320/1409/1023 952/1410/1024 953/1411/1025 990/1412/569
f 858/164/145 859/163/144 272/175/156 840/1413/1026
f 943/1414/999 327/1415/994 913/1416/993
f 953/1417/1025 952/1418/1024 320/1419/1023
f 1010/1420/1027 1011/1421/1028 350/1422/847 1029/1423/846 1026/1424/1029 349/1425/1030 980/301/257 300/300/256 921/1426/1031 978/1427/1032 335/1428/1033 979/1429/1034 928/1430/1035 321/1431/1036 330/1432/966 336/1433/1037 1057/1434/1038 1058/1435/1039 1846/1436/1040
f 1542/1437/1041 1540/1438/1042 1539/1439/1043 1538/1440/1044 1191/1441/1045
f 1786/1442/1046 879/1443/919 279/1444/918
f 1029/1445/846 1028/1446/849 368/1447/1047 1026/1448/1029
f 308/1449/978 934/1450/984 312/1451/1048 307/1452/1049
f 1166/1453/1050 1145/1454/1051 444/1455/530 1834/1456/529
f 141/1457/1052 120/1458/684 685/1459/688 148/1460/1053 689/1461/1054 138/1462/1055 156/1463/588 690/1464/1056
f 330/1465/966 321/1466/1036 955/1467/1057
f 96/1468/182 1327/1469/181 1328/1470/1058 1344/1471/179 608/1472/1059 83/1473/176 189/1474/665 745/1475/667 777/1476/1060 202/1477/1061
f 331/735/607 962/1478/1062 344/736/545
f 329/1479/1063 960/1480/197 964/1481/959
f 1244/1482/1064 1084/1483/1065 1245/231/202 1039/230/201 1027/1484/1066 366/236/207 358/1485/848 349/1486/1030 1009/1487/1067 365/1488/1068 1038/1489/1069 1241/1490/1070 1243/1491/1071
f 333/848/136 970/847/669 338/1492/1072
f 333/1493/136 338/1494/1072 971/1495/1073
f 334/1496/1074 975/1497/1075 342/1498/1076
f 315/1499/776 314/1500/1077 270/1501/1078 266/1502/777
f 334/1503/1074 342/1504/1076 977/1505/1079
f 1502/1506/908 930/1507/426 929/1508/898 1500/1509/909
f 1058/1510/1039 1059/1511/1080 1010/1512/1027 1846/1513/1040
f 335/1514/1033 978/1515/1032 979/1516/1034
f 1707/1517/1081 1706/1518/1082 549/1519/1083 1561/1520/104
f 337/1521/1084 982/1522/592 356/1523/1085
f 337/1521/1086 356/1523/1087 381/1524/1088
f 337/1525/1086 381/1526/1088 983/1527/1089
f 337/1528/1086 983/1529/1089 356/1530/1087
f 337/1531/1084 345/1532/503 984/1533/502
f 890/1534/1090 1465/1535/1091 1464/1536/1092
f 990/1412/569 991/1537/1093 992/1538/570
f 1317/1539/1094 973/1540/1095 341/1541/1096 1071/1542/1097 1073/1543/1098 342/1544/1076 997/1545/1099 975/1546/1075 1318/1547/1100 1471/1548/1101 889/1549/1102 891/1550/1103 283/1551/939 1473/1552/1104
f 342/1553/1076 975/1554/1075 997/1555/1099
f 342/1556/1076 373/1557/1105 977/1558/1079
f 343/1559/1106 365/1560/1068 349/1561/1030
f 307/1562/1049 312/1563/1048 924/1564/1107 1855/1565/1108 294/1566/955 282/1567/1109 1856/1568/1110
f 177/1569/1111 185/1570/1112 166/1571/1113 714/1572/1114
f 347/1573/508 1006/1574/507 1007/1575/901
f 349/1486/1030 365/1488/1068 1009/1487/1067
f 351/1576/1115 1015/1577/1116 1014/1578/1117
f 352/1579/431 369/1580/1118 1017/1581/432
f 353/1582/1007 363/1583/1009 1020/1584/1008
f 353/1585/1007 1021/1586/1006 363/1587/1009
f 1051/1588/926 1052/1589/925 1050/1590/1119 371/1591/1120 382/1592/1121
f 93/1593/388 619/1594/387 637/1595/1122 104/1596/329 639/1597/331 643/1598/1123
f 639/1599/331 638/1600/330 104/1601/329 1483/1602/1124 1482/1603/1125 1095/1604/1126 413/1605/1127 1094/1606/1128 1525/1607/1129 1485/1608/1130 1484/1609/1131 644/1610/1132 106/1611/1133 643/1612/1123
f 356/1613/1087 983/1614/1089 371/1615/1134
f 356/1616/1087 371/1617/1134 381/1618/1088
f 357/1619/484 1024/1620/483 1025/1621/485
f 349/1622/1030 1026/1623/1029 368/1624/1047
f 800/1625/1135 251/1626/1136 864/1627/1137 865/1628/1138 1180/1629/1139 1312/1630/1140 1313/1631/1141 448/1632/1142 1181/1633/1143 1070/1634/1144 660/1635/1145 661/1636/1146 645/1637/1147 107/1638/1148 100/1639/1149 779/1640/1150 801/1641/1151 799/1642/1152
f 126/1643/1153 161/1644/1154 754/1645/165 206/1646/164 784/1647/800 207/1648/1155 145/1649/1156
f 1209/1650/433 1017/1651/432 1210/1652/278 1211/1653/434
f 262/1654/1157 849/1655/1158 244/1656/682 827/1657/681 818/1658/680 232/1659/824 265/1660/1159 817/1661/1160 850/1662/1161 1773/1663/1162 1783/1664/1163 1785/1665/130 1739/1666/129 1740/19/19 355/22/22 1737/1667/1164 1736/1668/1165 1735/1669/1166 932/1108/839 931/1114/845 877/1670/1167 1788/1671/1168 876/1672/1169 897/1673/1170 285/1674/352 1787/1675/351 917/1676/350 916/1677/349 879/1443/919 1786/1442/1046 279/1444/918
f 361/1678/1171 1033/1679/945 1034/1680/1172
f 361/1681/1171 1034/1682/1172 989/1683/1173
f 366/1684/207 1027/1685/1066 1039/1686/201
f 317/834/659 94/833/658 622/1687/1174 1396/1688/1175 1394/1689/1176 1393/1690/1177 1395/830/655 1401/829/654 1400/828/653 1391/1691/1178 1601/1692/1179 1602/1693/1180 1589/1694/879 1598/1151/866 1600/1695/1181 1599/1150/865 1607/1149/562 562/1696/1182 87/1697/1183 1405/1698/1184
f 370/1699/320 1046/1700/319 1047/1701/598
f 371/1702/1134 983/1703/1089 381/1704/1088
f 371/1702/1120 381/1704/1185 382/1705/1121
f 371/1706/1120 1053/1707/1186 381/1708/1185
f 1808/1709/1187 1063/1710/549 377/1711/1188
f 229/1712/778 940/1713/1189 310/1714/989 311/1715/499 939/1716/498 847/1717/497 260/1718/864 1429/1719/1190 848/1720/1191 763/1721/1192 1428/1722/1193 762/1723/1194 197/1724/672 211/1725/694 798/1726/693
f 374/1727/1195 375/1728/1196 1058/1729/1039
f 374/1730/1195 1058/1731/1039 1057/1732/1038
f 375/1733/1196 374/1734/1195 981/1735/1197 343/1736/1106 349/1737/1030 368/1738/1047 1028/1739/849 358/1740/848 366/1741/207 1041/1742/206
f 378/1743/1198 1044/1744/1199 1064/1212/904
f 378/1743/1198 1064/1212/904 1065/1211/903
f 821/1745/808 1754/1746/814 874/1747/873 1753/1748/1200 281/1749/1201 1752/1750/1202 263/1751/793 1758/1752/792
f 1447/1753/1203 79/1754/1204 1355/1755/1205 591/1756/1206 73/1757/1207 1448/1758/1208 590/1759/1209 88/1760/719
f 1072/1761/1210 1073/1762/1098 1071/1763/1097
f 354/1764/1211 1351/1765/1212 1350/1766/163 1374/1767/162 1352/1768/166 200/1769/1213 146/1770/1214 1380/1771/1215 1373/1772/1216 1376/1773/269 1377/1774/268 1388/1775/267 1389/1776/270 323/1777/1217
f 385/1778/1218 1048/1779/1219 392/1780/1220
f 385/1781/1218 392/1782/1220 402/1783/1221
f 394/1784/1222 415/1785/1223 395/1786/1224
f 885/1787/1225 884/1788/1226 289/1789/953 282/1790/1109 294/1791/955 911/1792/965 912/1793/992 942/1794/991 313/1366/990 943/1368/999 319/1795/1227 951/1796/1228 1251/1797/1229 1250/1798/1230 1012/1799/1231 1011/1800/1028 1010/1801/1027 1059/1802/1080 1249/1803/1232 1248/1804/1233 1030/1805/1234 967/1806/1235 968/1807/668 1742/153/134 1745/152/133 1746/1808/1236 1784/151/132 1785/149/130 1783/1809/1163
f 385/1810/1218 402/1811/1221 1077/1812/1237
f 385/1813/1218 1077/1814/1237 396/1815/1238
f 393/578/479 1081/577/478 1082/1816/948
f 382/1592/1121 381/1817/1185 1053/1818/1186 371/1591/1120 1050/1590/1119 1052/1589/925 1801/1819/482 1083/1820/481 1221/1821/480 393/1822/479 418/1823/947 1104/1824/1239 1220/1825/1240 1218/1826/1241 1219/1827/1242 1069/1828/1243 1068/1829/928 389/1830/927 1051/1588/926
f 394/1831/1222 1085/1832/1244 415/1833/1223
f 1694/1834/1245 1693/1835/1246 597/1836/1247 77/1837/1248 57/1838/110 1687/1839/109 1686/1840/108 50/1841/107 547/1842/106 548/1843/200 49/1844/105 1561/1845/104 549/1846/1083 1706/1847/1082 565/1848/221 60/1849/220 1632/1850/1249 1633/1851/1250 1634/1852/1251 1562/1853/1252 1635/1854/1253 1688/1855/1254 567/1856/1255 61/1857/1256 568/1858/1257 585/1859/1258 1690/1860/1259 587/1861/266 68/1862/752 74/1863/1260 1695/1864/1261 600/1865/1262 80/1866/1263 601/1867/1264
f 1593/1868/1265 59/1869/614 566/1870/1266
f 402/1871/1221 1088/1872/1267 1077/1873/1237
f 1711/1874/1268 1712/1875/762 78/1876/760 599/1877/759 1627/1878/1269 598/1879/1270 578/1880/250 577/1881/249 1630/1882/1271 1628/1883/97 1629/1884/96 1710/1885/1272
f 403/1268/477 1082/1267/948 1081/1886/478
f 404/1887/930 1076/1888/929 1089/1889/1273
f 407/1890/308 1074/1891/307 1086/1892/1274
f 1645/1893/702 479/454/390 1639/453/389 474/1894/1275
f 329/1895/1063 310/1714/989 940/1713/1189 938/1896/1276
f 1703/1897/238 462/1898/237 3/1899/7 4/1900/870 464/1901/1277 1681/1902/1278 1680/1903/1279 1684/1904/1280 1685/1905/1281 1700/1906/242 1701/1907/1282 1702/1908/239
f 180/1909/603 736/1910/854 179/1911/853 715/1912/604
f 1098/1913/1283 452/1914/1284 414/1915/1285
f 1263/1916/1286 1262/410/356 905/409/355 904/1917/1010 894/1918/1012
f 1793/1919/153 861/1920/155 1257/1921/154
f 417/1922/932 423/1923/1287 1103/1924/933
f 857/1925/1288 271/1926/1289 314/1927/1077 315/1928/776 322/1929/493 304/1930/492 1268/1931/1290 831/1932/1291 1267/1933/1292
f 1243/1934/1071 1241/1935/1070 1038/1936/1069 365/1937/1068 1036/1938/1293 1037/1939/1294 1242/1940/1295 1239/1941/1296 1240/1942/1297 1238/1943/1298 1237/1944/1299 1236/343/295 1732/346/298 1731/1945/1300 1733/1946/1301 1734/1947/1302 1737/1948/1164 1023/1949/1303 1084/1950/1065 1244/1951/1064
f 452/1952/1304 1109/1953/1305 1098/1954/1306
f 1646/1955/705 1647/1956/704 1644/1957/703 1643/1958/706
f 1507/1959/1307 1060/1960/1308 376/1961/1309 425/1962/469 1111/1963/468 1130/1964/467 432/1965/396 426/1966/395 421/1967/1310
f 969/145/126 367/1968/1311 1031/1969/1312 1032/1970/1313 360/1971/1314 1030/1805/1234 1248/1804/1233 1249/1803/1232 1059/1802/1080 1058/1972/1039 375/1973/1196 1041/1974/206 1040/1975/205 1247/1976/204 1246/1977/203 1075/1978/1315 387/1979/1316 395/1980/1224 415/1981/1223 1085/1982/1244 394/1983/1222 1022/1984/21 1790/1985/20 1740/1986/19 1739/148/129 1789/147/128 1741/146/127
f 424/1987/524 1107/1988/523 1106/1989/1317
f 427/1990/1318 1120/1991/1319 429/1992/1320
f 428/1993/325 1124/1994/328 435/1995/1321
f 429/1996/1320 1120/1997/1319 433/1998/1322
f 433/1999/1322 1121/2000/1323 1133/2001/1324
f 1674/2002/1325 470/2003/26 8/25/25 468/24/24 1679/2004/1326
f 436/2005/1327 440/2006/1328 1141/2007/1329
f 437/2008/1330 1143/2009/819 1144/2010/914
f 903/1281/582 290/1280/956 256/2011/1331 246/2012/583
f 438/2013/1332 1148/2014/1333 1149/2015/1334
f 438/2016/1332 1149/2017/1334 1151/2018/1335
f 439/2019/741 1153/2020/740 1154/2021/1336
f 439/2022/741 1154/2023/1336 1155/2024/1337
f 806/342/294 249/341/293 1757/2025/812 807/2026/811
f 441/2027/821 1147/2028/1338 442/2029/822
f 436/2030/1327 1141/2031/1329 1139/2032/1339 1140/2033/1340 1137/2034/1341
f 443/2035/1342 1165/2036/1343 1162/2037/1344
f 1766/2038/413 826/2039/412 243/2040/414
f 444/2041/530 1167/2042/913 1168/2043/531
f 445/2044/827 1172/2045/826 1134/2046/1345
f 700/2047/578 1587/2048/1346 1588/2049/1347 755/2050/1348
f 1823/2051/915 1143/2052/819 1820/2053/1349 1822/2054/916
f 1420/2055/1350 170/2056/1351 728/2057/629 720/2058/1352
f 449/2059/1353 1184/2060/1354 450/2061/1355
f 255/2062/495 267/2063/494 266/2064/777 270/2065/1078 234/2066/1356 203/2067/1357
f 1194/2068/1358 1198/2069/1359 1195/2070/1360
f 461/8/8 3/7/7 460/2071/236 2/2072/235 459/2073/1361
f 88/2074/719 616/2075/718 613/2076/1362
f 1701/2077/1282 1700/282/242 486/280/240 1702/279/239
f 242/2078/417 235/2079/566 243/2080/414
f 85/2081/749 86/2082/748 90/2083/290 84/2084/289
f 1736/1668/1165 1737/1667/1164 1734/2085/1302 1735/1669/1166
f 355/2086/22 1022/2087/21 1023/1949/1303 1737/1948/1164
f 1851/2088/968 1853/2089/1363 854/2090/1364 1852/2091/1365 1847/2092/1366 1003/2093/546 1004/2094/1367 344/2095/545 343/2096/1106 336/2097/1037 330/2098/966 961/2099/969
f 1414/2100/1368 1413/2101/1369 1411/2102/1370 1412/2103/1371
f 1042/2104/1372 1837/2105/1373 1836/2106/1374 367/2107/1311 969/2108/126
f 1625/2109/753 586/2110/265 69/2111/264 587/2112/266 1690/2113/1259 585/2114/1258 568/2115/1257 576/2116/1375 1691/2117/1376 70/2118/1377 588/2119/1378 1719/2120/1379 76/2121/758 1621/2122/757 1626/2123/1380 1623/2124/755 1624/2125/754
f 1841/2126/547 1842/2127/1381 1840/2128/1382 377/2129/1188 1062/2130/548
f 1187/2131/1383 1188/2132/1384 453/2133/1385 1186/2134/1386
f 1230/2135/1387 1231/2136/506 1222/2137/504
f 1231/2138/506 1223/2139/505 1222/2140/504
f 422/2141/936 1116/2142/935 1115/2143/937
f 986/2144/1388 1798/2145/1389 1796/2146/360 1800/2147/260 1797/2148/259 1799/2149/258 1008/2150/1390 980/2151/257 349/1486/1030 358/1485/848 350/2152/847 1011/2153/1028 1012/2154/1231 1013/2155/1391 1250/2156/1230 1251/2157/1229 987/2158/1392
f 1829/2159/1393 439/2160/741 1831/2161/1394 1830/2162/1395
f 277/2163/862 273/2164/1396 201/2165/1397 236/2166/1398 851/2167/890
f 1250/2168/1230 1013/2169/1391 1012/2170/1231
f 235/2171/1399 819/2172/1400 804/880/690 231/2173/1401
f 360/2174/1314 1032/2175/1313 1031/2176/1312 359/2177/1402
f 207/2178/1155 784/1027/800 1347/2179/1403 1349/2180/1404 829/2181/1405 830/698/584 246/697/583 184/2182/1406 256/2183/1331 290/2184/956 291/701/587 295/2185/957 915/2186/1407 792/2187/1408 206/1025/164 1350/2188/163 1351/2189/1212 354/2190/1211 1278/2191/1409 1333/2192/1410 431/2193/1022 1279/2194/567 1338/2195/573 1340/2196/1411 1339/2197/572 165/2198/1412 1343/2199/1413 1342/2200/1414 135/2201/1415 1346/2202/1416 145/2203/1156
f 317/2204/659 323/2205/1217 1389/2206/270 1390/2207/660
f 1268/2208/1290 832/2209/1417 831/2210/1291
f 1494/2211/1418 254/2212/733 839/2213/732
f 1269/2214/1419 1270/2215/594 1271/2216/593
f 1856/2217/1110 282/2218/1109 289/2219/953 886/2220/1420
f 1419/2221/1421 255/2222/495 203/2223/1357 719/2224/1422 170/2225/1351 1420/2226/1350 720/2227/1352 213/2228/1423 1430/2229/1424
f 957/2230/1425 325/1334/980 326/1333/979 971/1495/1073 338/1494/1072
f 687/2231/972 1200/2232/971 708/2233/970 770/2234/977 769/2235/976 768/2236/975 186/2237/1426 677/2238/1427 116/2239/1428 132/2240/1429
f 418/2241/947 409/2242/946 1092/2243/1430
f 526/2244/100 1857/2245/1431 542/2246/1432 523/2247/101
f 579/295/252 1631/2248/98 1628/2249/97 1630/2250/1271 577/296/249
f 122/2251/1433 703/2252/1434 1586/2253/1435 150/2254/1436 1384/2255/1437 1383/2256/1438 722/2257/646 1371/2258/645 1370/2259/644 668/2260/382 667/2261/381
f 337/2262/1084 984/2263/502 982/2264/592
f 506/2265/1439 18/47/41 22/49/43 505/2266/1440
f 1298/2267/1441 1291/2268/1442 1290/2269/1443
f 1352/2270/166 754/2271/165 161/2272/1154 1722/2273/1444 775/2274/1445 200/2275/1213
f 1294/2276/1446 1295/2277/1447 661/2278/1146
f 1294/2279/1446 661/2280/1146 660/2281/1145
f 559/2282/1448 1544/2283/1449 1543/2284/1450 1717/2285/766 1715/2286/765 1714/2287/764 1716/2288/763 1712/2289/762 1711/2290/1268 1710/2291/1272 1709/2292/1451 1708/2293/95 1718/2294/99 1631/2295/98 51/237/208 554/239/210 1546/2296/1452 1545/2297/1453 553/238/209
f 697/2298/575 149/2299/574 700/2300/578 755/2301/1348 756/2302/678 195/2303/677 210/2304/649 698/2305/576
f 1478/2306/1454 735/2307/1455 178/2308/1456
f 1272/2309/1457 1273/2310/1458 1274/2311/1459 1335/2312/1460 1337/2313/1461 1336/2314/212 945/2315/214
f 239/2316/514 253/2317/518 238/2318/517 802/2319/515
f 800/2320/1135 799/2321/1152 801/2322/1151 779/2323/1150 1470/2324/1462 1469/2325/1463
f 1411/2326/1370 1413/2327/1369 1414/2328/1368 630/2329/1464 92/2330/1465 629/2331/1466 1415/2332/1467 1416/2333/1468 1418/2334/1469 1409/2335/1470 1406/2336/1471 1410/2337/1472
f 658/2338/1473 1385/2339/1474 702/2340/1475 1384/2341/1437 150/2342/1436 117/2343/366 114/2344/365 113/2345/1476 701/2346/577 699/2347/648 724/2348/627 723/2349/626 173/2350/625 1386/2351/647 1387/2352/1477
f 192/2353/1478 191/2354/1479 747/2355/1480 748/2356/1481
f 1808/2357/1187 1109/1953/1482 452/1952/621 1806/2358/550 1063/2359/549
f 1446/2360/1483 614/2361/1484 88/2362/719 613/2363/1362
f 884/2364/1226 1748/2365/1485 1753/2366/1200 874/1160/873 862/1159/872 863/1158/871 272/1157/156 861/2367/155 883/2368/1486
f 982/2369/592 949/2370/591 329/2371/1063 964/1287/959 965/1286/958 1235/1298/964 1232/1294/960 1212/1293/276 1043/2372/275 1210/1291/278 1017/514/432 369/2373/1118 1045/2374/987 1207/2375/986 1503/2376/906 1504/2377/905 1044/2378/1199 378/2379/1198 1228/2380/1487 1229/2381/1488 356/2382/1085
f 1839/2383/1489 1837/2384/1373 1042/2385/1372 969/2386/126 900/2387/1490 901/2388/1491
f 232/2389/824 811/2390/679 226/2391/1492 808/2392/1493
f 42/2393/894 1558/2394/893 1559/2395/892 527/2396/117 1564/2397/116 1565/2398/1494 1557/2399/1495 1560/2400/1496
f 1310/2401/1497 1055/2402/1498 1056/2403/1499
f 1311/2404/1500 1312/2405/1140 1180/2406/1139
f 1311/2407/1500 1313/1631/1141 1312/1630/1140
f 271/2408/1289 234/2409/1356 270/2410/1078 314/2411/1077
f 1202/2412/1501 771/2413/1502 199/2414/974
f 969/2415/126 333/2416/136 971/2417/1073 326/2418/979 308/2419/978 307/2420/1049 1856/2421/1110 886/2422/1420 1854/2423/1503 302/2424/1504 900/2425/1490
f 1633/1851/1250 1689/2426/1505 1688/1855/1254 1635/1854/1253 1634/1852/1251
f 744/2427/666 1286/2428/1506 1287/2429/1507 1463/2430/1508 1464/1536/1092 778/2431/1509 777/2432/1060 745/2433/667
f 1692/2434/1510 601/2435/1264 80/2436/1263 600/2437/1262 1696/2438/1511 596/2439/1512 89/2440/609 602/2441/608
f 901/2442/1491 288/2443/1513 302/2444/1504 1854/2445/1503 924/2446/1107 312/2447/1048 934/2448/984 325/2449/980 957/2450/1425 338/2451/1072 970/2452/669 968/2453/668 988/2454/1514 1030/2455/1234 360/2456/1314 359/2457/1402 1838/2458/1515 1839/2459/1489
f 336/2460/1037 343/2461/1106 981/2462/1197 374/2463/1195 1057/2464/1038
f 1770/2465/1516 1767/2466/411 1768/2467/410
f 1298/2468/1441 1297/2469/1517 1292/2470/1518 1291/2471/1442
f 38/2472/158 532/2473/157 37/2474/167 537/2475/1519
f 233/2476/1520 1305/2477/1521 1300/2478/1522 1301/2479/1523 1295/2480/1447 1294/2279/1446 660/2281/1145 1070/2481/1144 447/2482/1524
f 1327/201/181 1326/200/180 1328/2483/1058
f 1357/2484/1525 47/214/191 544/216/193 545/2485/1526 555/2486/1527 64/2487/1528 1356/2488/1529 1353/2489/1530 594/2490/273 593/2491/272 592/2492/271 53/2493/1531 559/2494/1448
f 1636/2495/1532 1569/1035/804 1568/1034/803
f 1133/2496/1324 1121/2497/1323 1119/2498/1533 1136/2499/316
f 280/2500/1534 856/2501/1535 269/2502/869 836/2503/1536
f 1338/2504/573 1339/2505/572 1340/2506/1411
f 1795/2507/1537 1256/2508/151 1254/2509/150 1255/2510/149 1252/2511/148 907/420/147 908/419/362 1253/418/361 1796/417/360 985/2512/1538 986/2513/1388 987/2514/1392 1251/2515/1229 951/2516/1228 319/2517/1227 943/2518/999 913/1362/993 313/1359/990 912/1361/992 911/2519/965
f 1778/2520/421 797/1019/794 214/1100/835 241/1073/823 228/2521/404
f 1071/2522/1097 341/2523/1096 972/2524/1539 1725/2525/1540 1724/2526/1541 1723/2527/1542 233/2528/1520 447/2529/1524 451/2530/1543 1183/2531/1544 1304/2532/1545 1182/2533/1546 449/2534/1353 450/2535/1355 412/2536/1547 383/2537/1548 1055/2402/1498 1310/2401/1497 1073/2538/1098 1072/2539/1210
f 718/1005/781 737/1004/780 180/1003/603 712/2540/602 169/2541/49
f 1135/954/743 1117/2542/1549 435/2543/1321 1124/955/328
f 1128/2544/1550 1126/2545/313 1511/2546/312 1510/2547/1551 1509/2548/311 400/2549/310 1100/2550/342 1524/2551/341 1127/2552/1552
f 1344/2553/179 609/2554/1553 608/2555/1059
f 1344/1471/179 1328/1470/1058 1326/2556/180
f 1128/2557/1550 1127/2558/1552 430/2559/1554 1126/2560/313
f 720/2561/1352 728/772/629 175/771/628
f 1777/2562/406 1780/2563/1555 1779/2564/1556 1781/2565/1557 1782/2566/1558 1747/2567/1559 1749/2568/1560 885/2569/1225 1783/2570/1163 1773/2571/1162 1774/2572/409 1775/2573/408 1776/2574/407
f 45/2575/194 47/2576/191 1357/2577/1525 559/2578/1448 553/2579/209
f 1358/2580/1561 1359/2581/1562 1360/2582/1563
f 550/2583/1017 1366/2584/1016 1367/2585/1015 1365/2586/1564 544/2587/193 543/2588/192 1363/2589/1565 1364/2590/1566 551/2591/1567
f 1365/2592/1564 555/2593/1527 545/2594/1526
f 1365/2595/1564 545/2596/1526 544/2597/193
f 1695/2598/1261 74/2599/1260 596/2600/1512
f 1804/2601/1568 209/2602/735 219/2603/463 795/2604/462 220/2605/461 223/2606/460 218/2607/458
f 40/2608/1569 67/2609/253 584/2610/580 72/2611/579 77/2612/1248 597/2613/1247 1618/2614/611 1619/960/610 604/959/747 603/958/746 1617/2615/1570 82/957/745 605/2616/1571 87/2617/1183 562/2618/1182 564/2619/559 48/2620/558
f 331/2621/607 927/2622/455 958/2623/454
f 435/2624/1321 1117/2625/1549 1118/2626/934 1103/2627/933 423/2628/1287 1110/2629/1572 428/2630/325
f 1858/2631/1573 528/2632/1574 529/2633/123 33/2634/122
f 397/2635/942 1079/2636/1575 390/2637/944 1078/2638/943
f 1384/2639/1437 702/2640/1475 1385/2641/1474
f 29/2642/71 25/2643/70 36/2644/159
f 1386/2645/647 722/2646/646 1383/2647/1438
f 391/2648/1576 1015/2649/1116 362/2650/1577 372/2651/80 410/2652/79 1214/2653/476 1534/2654/475 1215/2655/474 1532/2656/473 1531/2657/1578 1530/2658/472
f 1642/2659/1579 488/2660/1580 489/2661/39 475/2662/1581
f 855/2663/1582 1853/2664/1363 1851/2665/968 1849/2666/967
f 1393/2667/1177 1394/2668/1176 1395/2669/655
f 1726/2670/1583 1307/2671/1584 1306/2672/1585
f 283/2673/939 1462/2674/1586 1472/2675/1587 887/2676/940
f 1457/2677/1588 1456/2678/1589 174/2679/1590 725/2680/1591 726/2681/1592 750/2682/855 154/2683/376 1455/2684/375 647/2685/1593
f 1399/831/656 1395/830/655 1394/1689/1176
f 1399/2686/656 1394/2687/1176 1396/2688/1175
f 32/2689/1594 514/2690/1595 28/2691/739 31/2692/738 513/2693/1596 521/2694/1597
f 180/2695/603 187/2696/786 183/2697/623 186/2698/1426 768/2699/975 199/2414/974 772/2700/1598 771/2413/1502 1202/2412/1501 736/2701/854
f 1723/2702/1542 1724/2703/1541 1725/2704/1540 972/2705/1539 341/2706/1096 974/2707/1599 973/2708/1095 1317/2709/1094 1473/2710/1104 283/2711/939 888/2712/941 654/2713/1600 110/2714/424 127/2715/423 1302/2716/1601 1303/2717/1602 107/2718/1148 645/2719/1147 1295/2720/1447 1301/2721/1523 1300/2722/1522 1305/2723/1521 233/2724/1520
f 1572/2725/1603 510/2726/74 509/2727/73 522/2728/1604 1573/2729/1605
f 419/621/522 1105/620/521 1108/619/520 1101/2730/1606 1099/2731/1607 411/2732/1608 1220/2733/1240 1104/2734/1239 418/2735/947 1092/2736/1430
f 100/2737/1149 107/2738/1148 1303/2739/1602 1302/2740/1601 127/2741/423 125/2742/422
f 175/2743/628 205/2744/1609 215/2745/1610 221/2746/805 213/2747/1423 720/2748/1352
f 1653/2749/1611 465/2750/1612 1652/2751/1613
f 1405/2752/1184 87/2753/1183 92/2330/1465 630/2329/1464
f 1263/2754/1286 894/2755/1012 299/533/450 278/532/449 878/2756/1614 892/2757/1615 893/2758/1616 284/2759/1617 870/2760/889 275/530/447 871/529/446 956/528/445 959/2761/1618 329/2371/1063 938/2762/1276 940/2763/1189 229/2764/778 815/2765/779 230/881/691 804/880/690 819/2172/1400 1189/2766/1619 453/2767/1385 1188/2768/1384 1190/2769/1620 749/2770/673 752/2771/675 194/888/670 197/886/672 762/2772/1194 1428/2773/1193 763/2774/1192 848/2775/1191 1429/2776/1190 260/1148/864 261/595/496 255/594/495 1419/2777/1421 1430/2778/1424 213/2779/1423 221/1036/805 796/1038/807 786/1037/806 1426/2780/1621 1427/2781/1622 706/2782/1623 705/2783/1624 1431/2784/1625 191/2785/1479 192/2786/1478 748/2787/1481 761/2788/1626 760/2789/1627 1805/2790/1628 739/2791/1629 738/2792/1630 160/2793/1631 709/2794/1632 1196/2795/1633 1194/2796/1358 1195/2797/1360 1198/2798/1359 1199/2799/1634 153/2800/1635 159/2801/619 171/2802/622 721/2803/624 183/2804/623 740/2805/785 1204/2806/784 1205/2807/783 1203/2808/782 718/2809/781 169/2810/49 717/2811/48 162/2812/47 168/2813/600 715/2814/604 190/2815/1636 196/2816/727 1498/2817/736 209/2818/735 1804/2819/1568 218/545/458 249/544/293 1258/2820/292 806/2821/294 225/2822/245 787/2823/244 216/2824/247 1751/2825/834 1750/2826/1637 781/2827/809 783/2828/789 773/2829/788 774/2830/228 809/2831/231 1771/2832/230 226/2833/1492 810/2834/683 244/2835/682 849/2836/1158 1264/2837/1638 1265/2838/1639 1259/2839/1640 835/543/457 834/542/456 927/541/455 331/2840/607 928/2841/1035 979/2842/1034 921/2843/1031 300/2844/256 301/2845/263 923/2846/357 1262/2847/356
f 1431/2848/1625 705/2849/1624 1432/2850/541
f 181/2851/540 176/790/538 733/2852/634 191/2853/1479 1431/2848/1625 1432/2850/541
f 1283/2854/1641 1284/2855/1642 843/2856/1643 1282/2857/1644 257/2858/1645 844/2859/1646 994/2860/1647 1281/2861/1648
f 1433/2862/536 732/2863/543 731/2864/537
f 1693/2865/1246 1694/2866/1245 1692/2434/1510 602/2441/608 81/2867/1649
f 741/2868/1650 742/2869/1651 189/2870/665
f 1491/2871/1652 814/2872/1653 227/2873/284 813/2874/281 1495/2875/280 259/2876/464 838/2877/734 254/2878/733 1494/2879/1418 839/2880/732 1496/2881/730 258/2882/729
f 176/2883/538 732/2884/543 729/2885/631
f 1055/2886/1498 383/2887/1548 1466/2888/1654 1467/2889/1655 237/2890/830 247/2891/833 251/2892/1136 800/2893/1135 1469/2894/1463 976/2895/1656 334/1503/1074 977/1505/1079 373/2896/1105 342/1504/1076 1073/2897/1098 1310/2898/1497 1056/2899/1499
f 1439/2900/687 1440/2901/686 636/2902/1657
f 1440/2903/686 635/2904/1658 636/2905/1657
f 994/2906/1647 993/2907/1659 1458/2908/1660 1281/2909/1648
f 1289/2910/1661 1288/2911/1662 1293/2912/1663 1292/2913/1518 1297/2914/1517 1299/2915/1664 1296/2916/1665 1185/2917/1666 451/2918/1543 447/2919/1524 1070/2920/1144 1181/2921/1143
f 441/1067/821 1146/1066/820 1147/2922/1338
f 1386/2923/647 1383/2924/1438 1384/2925/1437 1385/2926/1474 658/2927/1473 1387/2928/1477
f 920/1112/843 1727/1111/842 1728/2929/452 999/2930/451 299/1383/450 919/1382/1011
f 138/2931/1055 139/2932/542 1432/2933/541 705/2934/1624 156/2935/588
f 325/2936/983 327/2937/982 944/2938/998 326/2939/981
f 1452/480/402 673/483/400 672/481/399
f 520/2940/895 42/2941/894 1560/2942/1496 1557/2943/1495 1565/2944/1494 541/2945/1667 43/2946/1668 54/2947/1669 30/2948/1670 23/2949/64 507/2950/66 495/2951/65 1705/2952/1671 496/2953/63 484/2954/62 13/2955/223 1698/2956/222 1685/2957/1281 1683/2958/1672 1682/2959/1673 1684/2960/1280 1680/2961/1279 1681/2962/1278 464/2963/1277 466/2964/1674 4/2965/870 5/2966/1675 465/2967/1612 1653/2968/1611 1670/2969/1676 1671/2970/1677 1654/2971/1678 14/2972/1679 1656/2973/859 483/2974/1680 482/2975/1681 480/2976/1682 481/2977/1683 509/2978/73 1567/2979/1684 27/2980/72 1566/2981/1685
f 1161/2982/1686 1165/2036/1343 443/2035/1342
f 1459/2983/1687 1460/2984/1688 1461/2985/1689
f 1266/2986/1690 1265/2838/1639 1264/2837/1638
f 1664/2987/1691 1667/2988/1692 1666/2989/1693 1665/2990/722
f 169/57/49 716/2991/617 711/2992/601 162/55/47 167/2993/640 736/2994/854 1202/2995/1501 199/2996/974 198/60/52 767/58/50
f 494/2997/1694 1641/2998/1695 1637/2999/1696
f 1468/3000/1697 865/3001/1138 864/3002/1137
f 1469/3003/1463 1470/3004/1462 1316/3005/1698
f 1542/3006/1041 1191/3007/1045 1538/3008/1044 1192/3009/1699 1193/3010/1700 1194/3011/1358 164/3012/1701 182/3013/632 729/3014/631
f 1286/2428/1506 744/2427/666 189/3015/665 1285/3016/1702 743/3017/1703 1459/3018/1687 1461/3019/1689 1460/3020/1688 1462/3021/1586 283/3022/939 1465/1535/1091 890/1534/1090 1464/1536/1092 1463/2430/1508 1287/2429/1507
f 131/3023/299 655/3024/1704 680/629/300
f 1474/3025/1705 1475/3026/1706 1319/3027/1707
f 1475/3028/1706 1320/3029/1708 1319/3030/1707
f 377/3031/1188 1063/3032/549 1062/3033/548
f 1186/3034/1386 231/3035/1401 804/3036/690 816/3037/689
f 184/3038/1406 246/3039/583 256/3040/1331
f 1079/3041/1575 397/3042/942 388/3043/949 1049/3044/1709 370/3045/320 1087/3046/724 401/3047/726 408/3048/1710 1091/3049/1711 405/3050/1712 396/3051/1238 1077/3052/1237 1088/3053/1267
f 118/3054/380 124/3055/643 694/3056/1713 146/3057/1214 200/3058/1213 1721/3059/1714 1722/3060/1444 161/3061/1154 126/3062/1153 145/3063/1156 135/3064/1415 1342/3065/1414 1343/3066/1413 165/3067/1412 188/3068/1715 297/3069/1716 236/3070/1398 201/3071/1397 776/3072/1717 1330/3073/1718 589/3074/1719 73/3075/1207 1354/3076/1720 1355/3077/1205 79/3078/1204 64/3079/1528 555/3080/1527 1365/3081/1564 1367/3082/1015 556/249/216 52/3083/215 557/251/217 558/250/218 1584/3084/1014 1368/3085/1013 20/3086/90 1/3087/4 2/3088/235 9/3089/29 473/3090/33 495/3091/65 23/3092/64 30/3093/1670 40/3094/1569 48/3095/558 56/3096/557 55/3097/1721 563/3098/615 59/1869/614 1593/1868/1265 633/3099/279 623/10/10 624/18/18 95/3100/317 626/17/17 625/16/16 1369/15/15 102/14/14 122/3101/1433 667/3102/381
f 578/3103/250 598/3104/1270 1627/3105/1269 599/3106/759 76/3107/758 1719/3108/1379 588/3109/1378 70/3110/1377 71/3111/251
f 329/3112/1063 949/3113/591 318/3114/442 948/3115/441 328/3116/440 310/3117/989
f 1168/3118/531 1167/3119/913 446/3120/912 1174/3121/911 1176/3122/910 1179/3123/343 1811/3124/347 1175/3125/1722 1826/3126/1723 1156/3127/1724 1141/3128/1329 440/3129/1328 436/3130/1327 1142/3131/1725 1829/3132/1393 1828/3133/1726 1830/3134/1395 1169/3135/532
f 1293/3136/1663 1288/3137/1662 1289/3138/1661 1181/3139/1143 448/3140/1142 1313/3141/1141 1309/3142/1727 1308/3143/1728 1726/3144/1583 1184/3145/1354 449/3146/1353 1182/3147/1546 1183/3148/1544 451/3149/1543 1185/3150/1666 1296/3151/1665 1299/3152/1664 1297/2469/1517 1298/2468/1441 1290/3153/1443 1291/2471/1442 1292/2470/1518
f 1855/3154/1108 886/3155/1420 289/3156/953 294/3157/955
f 735/3158/1455 1478/3159/1454 1481/3160/1729
f 1486/3161/340 935/3162/339 309/3163/1730
f 1487/3164/337 1488/3165/1731 936/3166/338
f 43/3167/1668 46/3168/113 561/3169/112 54/3170/1669
f 1490/3171/282 813/3172/281 812/3173/283
f 779/2323/1150 100/3174/1149 125/1101/422 627/1107/838 96/1106/182 202/3175/1061 777/3176/1060 778/3177/1509 1464/3178/1092 1465/3179/1091 283/3180/939 891/3181/1103 889/3182/1102 1471/3183/1101 1318/3184/1100 975/3185/1075 334/3186/1074 976/3187/1656 1469/2325/1463 1316/3188/1698 1470/2324/1462
f 1346/3189/1416 135/3190/1415 145/3191/1156
f 559/2282/1448 53/3192/1531 592/3193/271 595/3194/274 594/3195/273 75/3196/770 1436/3197/769 1438/3198/768 1437/3199/767 1717/2285/766 1543/2284/1450 1544/2283/1449
f 1496/3200/730 839/3201/732 1497/3202/731
f 1345/3203/178 606/3204/177 83/3205/176 608/3206/1059 609/3207/1553 1344/3208/179
f 1751/3209/834 782/3210/810 781/3211/809 1750/3212/1637
f 526/3213/100 1576/3214/1732 1362/3215/1733 1857/3216/1431
f 1504/2377/905 1064/3217/904 1044/2378/1199
f 1505/3218/902 1007/3219/901 1006/3220/507
f 1663/3221/1734 491/3222/721 489/3223/39 490/3224/40
f 958/3225/454 1236/343/295 1237/1944/1299 1239/1941/1296 1242/1940/1295 1037/1939/1294 1036/1938/1293 365/1937/1068 343/3226/1106 344/3227/545 962/3228/1062 331/3229/607
f 1270/3230/594 248/3231/1735 833/3232/1736 832/2209/1417 1268/2208/1290 304/3233/492 1517/3234/491 1518/3235/490 348/3236/489 1521/3237/597 1519/3238/596 1520/3239/595
f 1509/2548/311 1510/2547/1551 1511/2546/312
f 772/3240/1598 199/3241/974 771/3242/1502
f 1325/204/184 628/203/183 1324/1121/837
f 412/3243/1547 1315/3244/1737 1314/3245/1738 865/3246/1138 1468/3247/1697 864/3248/1137 251/3249/1136 247/3250/833 823/3251/832 822/3252/831 237/3253/830 1467/3254/1655 1466/3255/1654 383/3256/1548
f 1710/3257/1272 1629/3258/96 1708/3259/95
f 1514/3260/599 1047/3261/598 1046/3262/319
f 877/3263/1167 878/3264/1614 278/3265/449 876/3266/1169
f 1097/3267/437 414/3268/436 1225/3269/439 1001/3270/438
f 1079/3041/1575 1088/3053/1267 402/3271/1221 390/3272/944
f 1399/3273/656 1396/3274/1175 622/3275/1174 1860/3276/657
f 1566/3277/1685 27/3278/72 520/3279/895
f 1507/1959/1307 1090/3280/1739 1060/1960/1308
f 1530/3281/472 1531/3282/1578 1532/3283/473
f 1530/3284/472 1533/3285/471 1529/3286/470
f 1530/3287/472 1529/3288/470 1528/3289/1740
f 55/3290/1721 56/3291/557 570/3292/556 62/3293/225 569/3294/526 1596/3295/525
f 726/3296/1592 785/3297/1741 1493/3298/1742 208/3299/728 196/3300/727 190/3301/1636 746/3302/1743 193/3303/852 750/3304/855
f 92/3305/1465 97/3306/1744 629/3307/1466
f 1455/3308/375 1454/3309/374 647/3310/1593
f 1454/3311/374 648/3312/1745 647/3313/1593
f 1537/3314/1746 1197/3315/1747 1193/3316/1700
f 1537/3317/1746 1193/3318/1700 1192/3319/1699
f 1537/3320/1746 1192/3321/1699 1538/3322/1044
f 1537/3323/1746 1538/3324/1044 1539/3325/1043
f 1539/3326/1043 1540/3327/1042 1541/3328/1748
f 1760/3329/795 797/3330/794 1778/3331/421
f 1547/3332/1749 1548/3333/1750 1549/3334/1751
f 1311/2404/1500 1180/2406/1139 865/3335/1138 1314/3336/1738 1315/3337/1737 412/3338/1547 450/3339/1355 1306/2672/1585 1307/2671/1584
f 1553/3340/120 1555/3341/119 1556/3342/118
f 677/3343/1427 186/3344/1426 183/3345/623 172/3346/618 133/3347/533 664/3348/535 116/3349/1428
f 1564/3350/116 1563/3351/115 1565/3352/1494
f 1850/3353/1752 1852/3354/1365 854/3355/1364 268/3356/1753
f 1567/3357/1684 509/3358/73 27/3359/72
f 1648/3360/708 1668/3361/707 1649/3362/709
f 989/3363/1173 1034/3364/1172 1033/3365/945 390/3366/944 402/3367/1221 392/3368/1220 1048/3369/1219 385/3370/1218 380/3371/321 370/3372/320 388/3373/949 403/3374/477 416/3375/77 1216/3376/76 1217/3377/75 339/3378/83 361/3379/1171
f 1161/3380/1686 443/3381/1342 1163/3382/1754 1164/3383/1755 1149/3384/1334 1818/3385/1756 1159/3386/815 442/3387/822 1160/3388/1757 1165/3389/1343
f 324/3390/444 941/1357/443 328/1356/440 956/3391/445
f 1587/3392/1346 700/3393/578 657/3394/1758
f 1588/3395/1347 759/3396/1759 755/3397/1348
f 250/3398/1760 245/3399/1761 828/3400/1762 882/3401/1763
f 1590/3402/876 1592/3403/883 1591/3404/877
f 1592/1178/883 581/1167/878 1591/1166/877
f 1608/3405/713 467/3406/712 10/3407/88 41/3408/87 538/3409/1021 539/3410/1020 1582/3411/1019 1583/3412/1018 550/3413/1017 551/3414/1567 1364/3415/1566 1363/3416/1565 543/3417/192 546/3418/195 1362/3419/1733 1576/3420/1732 526/3421/100 511/3422/897 27/1341/72 1575/1343/985 1577/3423/1764 1578/206/186 1579/210/190 1580/209/189 1581/3424/924 1611/3425/923 504/3426/922 21/208/188 1609/3427/715 1610/3428/714
f 1536/3429/143 121/3430/142 112/3431/1765 108/3432/1766 1443/3433/1767 1442/3434/1768 666/3435/1769 1444/3436/1770 116/3437/1428 665/3438/1771 153/3439/1635 1199/3440/1634 1198/3441/1359 1194/3442/1358 1193/3443/1700 1197/3444/1747 1537/3445/1746 1539/1439/1043 1541/3446/1748 1540/1438/1042 1542/1437/1041 729/3447/631 732/3448/543 139/3449/542 138/3450/1055 689/3451/1054 148/3452/1053 1441/3453/1772 684/3454/1773 655/3455/1704 131/3456/299 683/3457/305 142/3458/720 671/3459/137
f 1598/3460/866 1599/3461/865 1600/3462/1181
f 45/3463/194 542/3464/1432 1362/3465/1733 546/3466/195
f 1065/3467/903 1505/3468/902 1006/3469/507 1231/3470/506 1230/3471/1387 1222/3472/504 345/3473/503 337/3474/1084 356/3475/1085 1229/3476/1488 1228/3477/1487 378/3478/1198
f 1603/3479/1774 755/3480/1348 759/3481/1759
f 1603/3482/1774 759/3483/1759 758/3484/1775
f 1604/3485/1776 757/3486/650 756/3487/678
f 1565/3488/1494 1563/3489/115 44/3490/114 541/3491/1667
f 1607/3492/562 1597/3493/564 572/3494/563
f 1375/3495/1777 915/3496/1407 295/1305/957 914/1307/585
f 367/3497/1311 1836/3498/1374 1838/3499/1515 359/3500/1402 1031/3501/1312
f 1615/97/84 41/100/87 519/98/85
f 281/3502/1201 837/3503/868 264/3504/867 269/3505/869 245/3506/1761 250/3507/1760 1780/3508/1555 240/3509/405 214/3510/835 1752/3511/1202
f 417/3512/932 411/3513/1608 1099/3514/1607
f 1571/3515/1778 502/3516/700 501/3517/699
f 1091/3518/1711 408/3519/1710 405/3520/1712
f 1577/3521/1764 1575/3522/985 1574/3523/716 500/3524/187 1578/3525/186
f 1656/3526/859 14/3527/1679 1654/3528/1678 1655/3529/856
f 433/3530/1322 1120/3531/1319 427/3532/1318 1121/3533/1323
f 568/3534/1257 61/3535/1256 567/3536/1255 1688/3537/1254 1689/3538/1505 1632/3539/1249 60/3540/220 58/3541/219 565/3542/221 1547/3543/1749 1358/3544/1561 45/3545/194 553/3546/209 552/3547/211 51/3548/208 1631/3549/98 579/3550/252 65/3551/248 71/3552/251 70/3553/1377 1691/3554/1376 576/3555/1375
f 240/3509/405 1780/3508/1555 1777/3556/406
f 1201/3557/51 767/3558/50 198/3559/52
f 1019/3560/988 1045/3561/987 369/1580/1118 352/1579/431 1018/3562/430
f 1553/3563/120 1556/3564/118 525/3565/103 540/3566/1779 1551/3567/1780 1549/3568/1751 1548/3569/1750 1547/3570/1749 565/1848/221 1706/1847/1082 1707/3571/1081 1561/1845/104 1554/3572/121 1550/3573/1781
f 1622/3574/756 1623/3575/755 1621/3576/757
f 882/3577/1763 836/3578/1536 269/3579/869 837/3580/868 250/3581/1760
f 1626/3582/1380 1621/3583/757 1623/3584/755
f 193/3585/852 746/3586/1743 190/3587/1636 715/3588/604 179/3589/853
f 1562/3590/1252 1634/3591/1251 1635/3592/1253
f 12/3593/851 33/3594/122 530/3595/124 35/3596/125 38/3597/158 537/3598/1519 37/3599/167 536/3600/169 1859/3601/1782 534/3602/168 533/180/160 36/179/159 25/3603/70 508/3604/68 24/3605/32 9/3606/29 472/3607/31
f 72/3608/579 560/3609/111 57/3610/110 77/3611/1248
f 1226/3612/963 1233/3613/962 1234/3614/961 1232/3615/960 1235/3616/964
f 1638/658/555 499/657/554 503/3617/701
f 954/3618/1783 963/3619/606 998/3620/605 1844/3621/1784 1842/3622/1381 1841/3623/547 1003/3624/546 1847/3625/1366 1848/3626/1785 955/3627/1057 321/3628/1036 928/3629/1035 331/3630/607
f 1132/3631/1786 434/3632/1787 1131/3633/1788 1134/2046/1345 1816/3634/1789
f 351/3635/1115 1014/3636/1117 391/3637/1576 1530/3638/472 340/3639/1790 995/3640/1791 362/3641/1577 1015/3642/1116
f 1641/3643/1695 494/3644/1694 488/3645/1580
f 1641/3646/1695 488/3647/1580 1642/3648/1579
f 347/3649/508 1007/3650/901 1005/3651/900
f 178/3652/1456 714/3653/1114 166/3654/1113 713/3655/1792 1477/3656/1793 1479/3657/1794 634/3658/698 1480/3659/697 1478/3660/1454
f 1651/3661/711 455/3662/2 454/3663/1
f 1061/3664/552 377/3665/1188 1840/3666/1382 1843/3667/553
f 1659/3668/858 1658/3669/1795 1661/3670/1796
f 1658/3671/1795 1660/3672/1797 1661/3673/1796
f 1102/3674/931 404/3675/930 411/3513/1608 417/3512/932
f 919/3676/1011 904/3677/1010 905/3678/355 292/3679/354 305/3680/844 920/3681/843
f 1023/1949/1303 1022/2087/21 394/3682/1222 395/3683/1224 387/3684/1316 1075/3685/1315 1246/3686/203 1245/3687/202 1084/1950/1065
f 137/3688/1798 1422/3689/1799 1423/3690/1800 650/3691/1801 1425/3692/1802 1424/3693/1803 141/3694/1052 690/3695/1056 156/3696/588 163/3697/590 157/3698/1804
f 1321/3699/172 651/3700/171 110/3701/424 654/3702/1600 888/3703/941 887/2676/940 1472/2675/1587 1462/2674/1586 1460/3704/1688 1459/3705/1687 1474/3025/1705 1319/3027/1707 1320/3706/1708 1475/3026/1706 641/3707/333 640/3708/332 105/3709/174 1322/3710/173
f 1657/3711/857 1655/3712/856 1673/3713/1805 1672/3714/1806
f 1332/3715/1807 297/3716/1716 188/3717/1715 1341/3718/571 992/3719/570 991/3720/1093
f 1675/3721/1808 1676/3722/1809 1677/3723/1810
f 1492/3724/1811 726/3725/1592 725/3726/1591 174/3727/1590
f 1682/3728/1673 1683/3729/1672 1684/3730/1280
f 1684/3731/1280 1683/3732/1672 1685/3733/1281
f 498/105/92 1612/104/91 1613/106/93
f 1405/2752/1184 630/2329/1464 1414/2328/1368 1412/3734/1371 1411/2326/1370 1410/2337/1472 1406/2336/1471 1407/3735/1812 1408/3736/1813 1403/3737/1814 1404/3738/1815 946/3739/1816 316/3740/1817 1402/3741/1818 1409/2335/1470 1418/2334/1469 1417/448/384 93/452/388 643/3742/1123 106/3743/1133 644/3744/1132 1484/3745/1131 866/3746/884 274/1182/285 227/3747/284 814/3748/1653 1491/3749/1652 258/3750/729 208/3751/728 1493/3752/1742 785/3753/1741 726/3725/1592 1492/3724/1811 174/3727/1590 1456/3754/1589 1457/3755/1588 647/3756/1593 648/3757/1745 1454/3758/374 646/3759/371 115/3760/368 662/3761/370 140/3762/56 158/3763/55 686/3764/973 687/3765/972 132/3766/1429 116/3767/1428 1444/3768/1770 666/3769/1769 1442/3770/1768 1443/3771/1767 108/3772/1766 1439/3773/687 636/3774/1657 635/3775/1658 1440/3776/686 98/3777/322 109/3778/1819 649/3779/1820 650/3780/1801 1423/3781/1800 1422/3782/1799 137/3783/1798 727/3784/630 1421/3785/1821 728/3786/629 170/3787/1351 719/3788/1422 203/3789/1357 234/3790/1356 271/3791/1289 857/3792/1288 1267/3793/1292 831/3794/1291 832/3795/1417 833/3796/1736 248/3797/1735 1270/3798/594 1269/3799/1419 1271/3800/593 1067/3801/318 380/3802/321 385/3803/1218 396/3804/1238 405/3805/1712 408/3806/1710 401/3807/726 1114/3808/938 1115/3809/937 1116/3810/935 1132/3811/1786 1816/3812/1789 1172/1082/826 1815/1081/825 1173/1085/829 1813/3813/1822 1171/1084/828 1810/3814/346 1809/3815/345 1812/3816/636 1814/3817/1823 1824/3818/917 1822/3819/916 1820/3820/1349 1821/3821/818 1157/3822/817 1158/3823/816 1159/3824/815 1817/3825/1824 1818/3826/1756 1149/3827/1334 1148/3828/1333 438/3829/1332 424/3830/524 1106/3831/1317 1107/3832/523 419/3833/522 1092/3834/1430 409/3835/946 1033/3836/945 361/3837/1171 339/3838/83 1054/3839/82 1802/3840/81 372/3841/80 362/3842/1577 995/3843/1791 340/3844/1790 996/3845/1825 376/3846/1309 1060/3847/1308 1090/3848/1739 429/3849/1320 433/1999/1322 1133/2001/1324 1136/3850/316 1508/3851/315 1125/3852/314 1126/2560/313 430/2559/1554 1127/2558/1552 1524/3853/341 1080/3854/1826 1485/3855/1130 1525/3856/1129 1094/3857/1128 1513/3858/1827 1512/3859/1828 1276/3860/1829 1522/3861/1830 1274/2311/1459 1273/2310/1458 1272/2309/1457 945/2315/214 947/3862/213 1336/2314/212 1337/2313/1461 1335/2312/1460 1275/3863/1831 1334/3864/1832 1523/3865/1833 1277/3866/1834 413/3867/1127 1095/3868/1126 1482/3869/1125 1483/3870/1124 104/3871/329 637/3872/1122 619/451/387 621/450/386 620/449/385 1415/2332/1467 629/2331/1466 97/3873/1744 92/2330/1465 87/2753/1183 605/3874/1571 82/3875/745 617/3876/744 91/3877/775 618/3878/774 1435/3879/773 611/3880/772 103/3881/771 670/3882/1835 111/3883/1836 398/3884/861 406/3885/863 431/3886/1022 1333/3887/1410 1278/3888/1409 354/3889/1211 323/3890/1217 317/3891/659
f 1689/3892/1505 1633/3893/1250 1632/3894/1249
f 1692/3895/1510 1694/3896/1245 601/3897/1264
f 1695/3898/1261 596/3899/1512 1696/3900/1511
f 1695/3901/1261 1696/2438/1511 600/2437/1262
f 1700/3902/242 487/3903/241 486/3904/240
f 74/3905/1260 68/3906/752 1720/3907/751 1620/3908/750 84/3909/289 89/3910/609 596/3911/1512
f 1132/3912/1786 1116/3913/935 1118/3914/934 1131/3915/1788 434/3916/1787
f 1704/3917/234 472/3918/31 471/3919/30
f 1705/3920/1671 495/3091/65 473/3090/33
f 1705/3921/1671 473/3922/33 496/3923/63
f 1708/3924/95 1709/3925/1451 1710/3926/1272
f 1140/3927/1340 1827/3928/1837 1825/3929/1838 1826/3930/1723 1811/3931/347 1810/3932/346 1171/3933/828 445/2044/827 1134/2046/1345 1131/3633/1788 1118/3934/934 1117/3935/1549 1135/3936/743 1138/3937/742 436/3938/1327 1137/3939/1341
f 78/1876/760 1712/1875/762 1713/3940/761
f 742/3941/1651 741/3942/1650 1329/3943/1839 1331/3944/1840 776/3945/1717 201/3946/1397 273/3947/1396 841/3948/1841 842/3949/1842 257/3950/1645 1282/3951/1644 843/3952/1643 1284/3953/1642 1285/3954/1702 189/3955/665
f 1616/3956/89 458/3957/6 457/3958/5
f 1570/3959/1843 503/3960/701 502/3961/700
f 1685/3962/1281 1698/3963/222 517/3964/224 1699/3965/243 1700/3966/242
f 1596/3967/525 575/3968/616 563/3969/615 55/3970/1721
f 659/3971/367 117/3972/366 150/3973/1436 1586/3974/1435 703/3975/1434 122/3976/1433 102/3977/14 101/3978/12 99/3979/11 633/3980/279 1593/3981/1265 566/3982/1266 59/3983/614 66/3984/613 581/3985/878 1592/3986/883 1595/3987/882 1594/3988/881 612/3989/880 656/3990/1844 758/3991/1775 759/3992/1759 1588/2049/1347 1587/2048/1346 657/3993/1758 700/2047/578 701/3994/577 113/3995/1476 114/3996/365
f 1848/3626/1785 1847/3625/1366 1852/3997/1365 1850/3998/1752
f 28/3999/739 516/4000/801 1569/4001/804 1637/4002/1696 1641/4003/1695 1642/4004/1579 475/4005/1581 477/4006/35 11/4007/34 17/4008/36 476/4009/723 505/4010/1440 22/4011/43 492/4012/42 493/4013/44 1678/4014/1845 1677/4015/1810 1676/4016/1809 1679/4017/1326 468/4018/24 6/4019/23 469/4020/28 461/4021/8 459/4022/1361 2/4023/235 1/4024/4 454/4025/1 456/4026/3 455/4027/2 1650/4028/710 1668/4029/707 1643/4030/706 1644/4031/703 1645/4032/702 474/4033/1275 1639/4034/389 1638/4035/555 503/4036/701 1570/4037/1843 502/4038/700 1571/4039/1778 501/4040/699 1574/4041/716 27/4042/72 510/4043/74 1572/4044/1603 1573/4045/1605 521/4046/1597 531/4047/737
f 1770/4048/1516 1768/4049/410 1772/4050/1846 1774/4051/409 1773/1663/1162 850/1662/1161
f 1421/4052/1821 727/4053/630 728/4054/629
f 1415/4055/1467 620/4056/385 1417/4057/384 1418/4058/1469 1416/4059/1468
f 1650/4060/710 1649/3362/709 1668/3361/707
f 665/4061/1771 116/4062/1428 664/4063/535 134/4064/534 159/4065/619 153/4066/1635
f 32/4067/1594 522/4068/1604 509/4069/73 481/4070/1683 480/4071/1682 483/4072/1680 1662/4073/1847 1661/3670/1796 1660/4074/1797 1658/3669/1795 1659/3668/858 1657/4075/857 1672/4076/1806 1669/4077/1848 1670/4078/1676 1652/4079/1613 465/4080/1612 5/4081/1675 4/4082/870 7/4083/27 470/26/26 1674/4084/1325 1679/4085/1326 1676/4086/1809 1675/4087/1808 1677/4088/1810 18/4089/41 506/4090/1439 1666/4091/1693 1667/4092/1692 1664/4093/1691 1665/4094/722 491/3222/721 1663/3221/1734 490/3224/40 16/4095/38 15/4096/37 489/3223/39 488/4097/1580 494/4098/1694 1637/4099/1696 1569/4100/804 1636/4101/1532 1568/4102/803 515/4103/802 28/4104/739 514/4105/1595
f 1402/4106/1818 316/4107/1817 946/4108/1816 1404/4109/1815 1403/4110/1814 1408/4111/1813 1407/4112/1812 1406/4113/1471 1409/4114/1470
f 200/2275/1213 775/2274/1445 1722/2273/1444 1721/4115/1714
f 542/4116/1432 45/4117/194 1358/4118/1561 1360/4119/1563 1361/4120/1849 1552/4121/1850 39/4122/1851 525/3565/103 524/4123/102 523/4124/101
f 868/4125/886 925/4126/1852 303/4127/1002 1499/4128/1001 926/4129/1000 298/4130/465 937/4131/288 869/4132/287 1489/4133/286 274/4134/285
f 272/4135/156 249/4136/293 835/4137/457 1259/4138/1640 1265/4139/1639 1266/4140/1690 1264/4141/1638 849/4142/1158 262/4143/1157 279/4144/918 881/4145/921 880/4146/920 286/4147/950 287/4148/952 899/4149/1853 1261/4150/1854 1260/4151/1855 840/4152/1026
f 19/4153/61 496/4154/63 497/4155/67 473/4156/33 24/4157/32 26/4158/69 29/4159/71 36/4160/159 535/4161/161 533/4162/160 534/4163/168 37/4164/167 532/4165/157 35/4166/125 529/4167/123 528/4168/1574 1858/4169/1573 485/4170/850
f 1165/4171/1343 1160/4172/1757 1819/4173/1856 1152/4174/1857
f 1607/4175/562 1397/4176/561 1398/4177/560 564/4178/559 562/4179/1182
f 1765/500/418 1762/4180/1858 1761/4181/796 1764/501/419
f 1331/4182/1840 1330/4183/1718 776/4184/1717
f 1094/4185/1128 413/4186/1127 1277/4187/1834 1523/4188/1833 1334/4189/1832 1275/4190/1831 1335/4191/1460 1274/4192/1459 1522/4193/1830 1276/4194/1829 1512/4195/1828 1513/4196/1827
f 39/4197/1851 1552/4198/1850 1361/4199/1849 1551/4200/1780 540/4201/1779
f 1304/2532/1545 1183/2531/1544 1182/2533/1546
f 1372/4202/664 1381/4203/663 1379/4204/662 1378/4205/661 1376/4206/269 1373/4207/1216 1380/4208/1215 146/4209/1214 694/4210/1713 124/4211/643 678/4212/642 1382/4213/641
f 1441/4214/1772 148/4215/1053 685/4216/688 1439/4217/687 108/4218/1766 112/4219/1765 129/4220/860 679/630/527 680/629/300 655/3024/1704 684/4221/1773
f 205/4222/1609 780/4223/1859 215/4224/1610
f 1654/4225/1678 1671/4226/1677 1673/4227/1805 1655/4228/856
f 4/4229/870 463/4230/9 461/4231/8 469/4232/28 7/4233/27
f 285/4234/352 897/4235/1170 876/4236/1169 278/4237/449
f 1730/4238/453 1731/4239/1300 1732/4240/298
f 1730/4238/453 1732/4240/298 1000/4241/297
f 829/2181/1405 1349/2180/1404 1348/4242/1860 793/1026/799 206/1025/164 792/2187/1408 915/2186/1407 1375/4243/1777 914/699/585 830/698/584
f 1735/1669/1166 1738/4244/1861 932/1108/839
f 1617/4245/1570 603/4246/746 82/4247/745
f 554/4248/210 553/4249/209 1545/4250/1453 1546/4251/1452
f 1150/4252/1862 1163/4253/1754 443/4254/1342 1162/4255/1344
f 12/4256/851 485/4257/850 1858/2631/1573 33/2634/122
f 330/4258/966 955/4259/1057 1848/4260/1785 1850/4261/1752 268/4262/1753 855/4263/1582 1849/4264/967
f 682/4265/304 691/4266/138 142/3458/720 683/3457/305
f 597/4267/1247 1693/4268/1246 81/4269/1649 602/4270/608 1618/4271/611
f 1761/4272/796 1760/4273/795 1763/4274/420
f 1761/4275/796 1763/4276/420 1764/4277/419
f 205/4278/1609 175/4279/628 727/4280/630 137/4281/1798 157/4282/1804 163/704/590 707/703/589 706/4283/1623 1427/4284/1622 1426/4285/1621 786/4286/806 221/4287/805 215/4288/1610 780/4289/1859
f 1767/4290/411 1769/4291/1863 826/4292/412
f 188/4293/1715 165/4294/1412 1339/4295/572 1341/4296/571
f 1194/4297/1358 1196/4298/1633 709/4299/1632 164/4300/1701
f 1391/4301/1178 1392/4302/1864 656/4303/1844 612/4304/880 1589/4305/879 1602/4306/1180 1601/4307/1179
f 850/4308/1161 817/4309/1160 265/4310/1159 232/4311/824 808/4312/1493 226/4313/1492 1771/4314/230 790/4315/229 217/4316/798 791/4317/797 1761/4318/796 1762/4319/1858 1765/4320/418 242/4321/417 243/4322/414 826/4323/412 1769/4324/1863 1767/4325/411 1770/4326/1516
f 111/4327/1836 670/4328/1835 1449/4329/1865
f 1752/4330/1202 214/4331/835 797/1019/794 263/1018/793
f 1772/4332/1846 1768/4333/410 1774/4334/409
f 1447/1753/1203 88/1760/719 614/4335/1484
f 1778/4336/421 1763/4337/420 1760/4338/795
f 1854/4339/1503 886/4340/1420 1855/4341/1108 924/4342/1107
f 512/4343/896 520/4344/895 27/4345/72 511/4346/897
f 320/1409/1023 851/1408/890 236/4347/1398 297/4348/1716 1332/4349/1807 991/1537/1093 990/1412/569 953/1411/1025
f 269/2502/869 856/2501/1535 828/4350/1762 245/4351/1761
f 1788/4352/1168 877/4353/1167 876/4354/1169
f 1785/4355/130 1784/4356/132 1744/4357/131
f 1784/4358/132 1746/4359/1236 1745/4360/133
f 1606/4361/651 757/4362/650 1604/4363/1776 756/4364/678 755/4365/1348 1603/4366/1774 758/4367/1775 656/4368/1844 1392/4369/1864 1391/4370/1178 1400/4371/653 1605/4372/652
f 706/4373/1623 707/4374/589 156/4375/588 705/4376/1624
f 1793/4377/153 883/4378/1486 861/4379/155
f 1794/4380/1866 1256/4381/151 1795/4382/1537
f 1796/4383/360 1798/4384/1389 986/4385/1388
f 1796/4386/360 986/4387/1388 985/4388/1538
f 1799/302/258 980/301/257 1008/4389/1390
f 1801/4390/482 1025/4391/485 1024/4392/483
f 506/4393/1439 505/4394/1440 476/4395/723 1665/2990/722 1666/2989/1693
f 332/4396/198 960/4397/197 959/4398/1618 956/4399/445 328/4400/440
f 43/4401/1668 541/4402/1667 44/4403/114 46/4404/113
f 1535/1374/1005 1035/1373/1004 363/1378/1009 1021/1375/1006
f 1803/4405/899 852/4406/511 845/4407/509
f 734/792/633 182/791/632 739/4408/1629 1805/4409/1628 760/4410/1627 747/4411/1480 191/2853/1479 733/2852/634
f 331/735/607 963/734/606 954/4412/1783
f 1670/4413/1676 1653/2749/1611 1652/2751/1613
f 893/4414/1616 870/4415/889 284/4416/1617
f 614/4417/1484 1445/4418/1867 1447/4419/1203
f 1113/4420/620 1109/4421/1482 1808/4422/1187 377/3665/1188 1061/3664/552 1807/4423/551
f 1813/4424/1822 1173/4425/829 1171/4426/828
f 1311/4427/1500 1307/4428/1584 1726/4429/1583 1308/4430/1728 1309/4431/1727 1313/4432/1141
f 1844/4433/1784 1845/4434/544 1843/4435/553 1840/4436/1382 1842/4437/1381
f 1817/4438/1824 1159/4439/815 1818/4440/1756
f 1553/4441/120 1550/4442/1781 1554/4443/121
f 1261/4444/1854 840/4445/1026 1260/4446/1855
f 1220/4447/1240 411/4448/1608 404/1887/930 1089/1889/1273 1076/1888/929 1068/4449/928 1069/4450/1243 1219/4451/1242 1218/4452/1241
f 1819/4173/1856 1160/4172/1757 442/4453/822
f 1821/4454/818 1820/4455/1349 1143/4456/819
f 1348/4457/1860 1349/4458/1404 1347/4459/1403 784/4460/800 793/4461/799
f 1824/4462/917 1814/4463/1823 1812/4464/636
f 1824/4465/917 1812/4466/636 1177/4467/635
f 1816/3812/1789 1134/4468/1345 1172/1082/826
f 1811/4469/347 1826/4470/1723 1175/4471/1722
f 1826/4472/1723 1825/4473/1838 1139/4474/1339
f 1826/4475/1723 1139/4476/1339 1141/4477/1329
f 1826/4478/1723 1141/4479/1329 1156/4480/1724
f 1825/4481/1838 1827/4482/1837 1140/4483/1340
f 1825/4484/1838 1140/4485/1340 1139/4486/1339
f 1828/4487/1726 1829/4488/1393 1830/4489/1395
f 1830/4490/1395 1831/4491/1394 1832/4492/1868
f 1170/4493/528 1833/4494/1869 1834/4495/529
f 1757/2025/812 249/341/293 272/4496/156 860/4497/875 1756/4498/874 1755/4499/813
f 1835/4500/1870 1123/4501/327 1122/4502/326
f 1164/4503/1755 1163/4504/1754 1150/4505/1862
f 1164/4506/1755 1150/4507/1862 1149/4508/1334
f 1487/4509/337 1527/4510/336 1526/4511/335 379/4512/334 346/4513/466 363/4514/1009 1035/4515/1004 1016/4516/1003
f 40/4517/1569 30/4518/1670 54/4519/1669 561/4520/112 1697/4521/581 582/4522/254 67/4523/253
f 370/4524/320 1049/4525/1709 388/4526/949
f 183/2804/623 171/2802/622 159/2801/619 172/4527/618
f 1838/3499/1515 386/4528/1871 1839/2459/1489
f 1837/2384/1373 1839/2459/1489 386/4528/1871
f 386/4528/1871 1838/3499/1515 1836/2106/1374 1837/2384/1373
f 420/4529/519 1819/4173/1856 442/4453/822 1147/4530/1338 1146/4531/820 1143/4532/819 437/4533/1330 1144/4534/914 1167/4535/913 444/4536/530 1145/4537/1051 1122/4538/326 1110/4539/1572 423/1923/1287 417/1922/932 1099/4540/1607 1101/4541/1606 1108/4542/520
f 1122/4502/326 1145/4543/1051 1166/4544/1050 1835/4500/1870
f 1845/4545/544 1844/4546/1784 998/4547/605
f 1738/4548/1861 1735/4549/1166 1734/4550/1302 1733/4551/1301 1731/4552/1300 1730/4553/453 1728/4554/452 1727/4555/842 1729/4556/841 933/4557/840 932/4558/839
f 1112/4559/1872 421/4560/1310 426/4561/395 407/1890/308 1086/1892/1274 1074/1891/307 399/4562/306
f 1030/2455/1234 988/2454/1514 967/4563/1235
f 79/4564/1204 1447/4565/1203 1445/4566/1867 614/4567/1484 1446/4568/1483 613/2076/1362 616/2075/718 615/4569/717 88/2074/719 590/4570/1209 1448/4571/1208 73/4572/1207 589/4573/1719 1330/4574/1718 1331/3944/1840 1329/3943/1839 741/3942/1650 189/3955/665 83/4575/176 607/4576/175 105/385/174 641/387/333 1475/4577/1706 1474/4578/1705 1459/4579/1687 743/4580/1703 1285/3954/1702 1284/3953/1642 1283/4581/1641 222/4582/1873 212/4583/1874 177/4584/1111 714/4585/1114 178/2308/1456 735/2307/1455 1481/4586/1729 1478/2306/1454 1480/4587/697 642/4588/696 634/4589/698 1479/4590/1794 1477/4591/1793 713/4592/1792 166/4593/1113 185/4594/1112 1476/4595/1875 993/2907/1659 994/2906/1647 844/4596/1646 257/3950/1645 842/3949/1842 841/3948/1841 273/3947/1396 277/4597/862 398/4598/861 111/4599/1836 1449/4600/1865 670/4601/1835 103/4602/771 75/4603/770 594/4604/273 1353/4605/1530 1356/4606/1529 64/4607/1528
f 988/4608/1514 968/4609/668 967/4610/1235
f 979/1429/1034 978/1427/1032 921/1426/1031
f 854/2090/1364 1853/4611/1363 855/4612/1582 268/4613/1753
f 931/4614/845 305/3680/844 877/4615/1167
f 1528/4616/1740 1529/4617/470 425/4618/469 376/4619/1309 996/4620/1825 340/4621/1790 1530/4622/472
f 893/4623/1616 873/4624/887 870/4625/889
f 882/4626/1763 280/4627/1534 836/4628/1536
f 882/4629/1763 828/4630/1762 856/4631/1535
f 856/2501/1535 280/4632/1534 276/4633/1876 882/4629/1763
f 1485/3855/1130 1080/3854/1826 1524/3853/341 1486/3161/340 309/3163/1730 935/3162/339 936/4634/338 1488/4635/1731 1487/4636/337 1016/4637/1003 303/4638/1002 925/4639/1852 868/1184/886 867/1183/885 866/3746/884 1484/3745/1131
f 112/4640/1765 121/4641/142 143/4642/141 129/4643/860
f 852/4644/511 846/4645/510 845/4646/509
f 773/1013/788 789/1012/787 790/1024/229 774/4647/228
f 710/1130/639 696/4648/638 695/1131/637
f 704/4649/60 151/4650/59 676/4651/401
f 704/4652/60 676/4653/401 675/4654/403
f 704/4655/60 675/4656/403 674/4657/45
f 632/4658/324 1434/4659/685 120/4660/684 141/4661/1052 1424/4662/1803 1425/4663/1802 650/4664/1801 649/4665/1820 109/4666/1819 98/4667/322
f 1186/4668/1386 1189/4669/1619 819/4670/1400 235/4671/1399
f 591/1756/1206 1355/1755/1205 1354/4672/1720
f 1354/3076/1720 73/3075/1207 591/4673/1206
f 1857/4674/1431 1362/4675/1733 542/4676/1432
f 1238/4677/1298 1240/4678/1297 1239/4679/1296 1237/4680/1299
f 1261/4444/1854 899/4681/1853 287/4682/952 898/4683/951 286/1273/950 879/1228/919 916/4684/349 918/4685/348 906/4686/364 1791/4687/363 293/4688/146 858/4689/145 840/4445/1026
f 281/3502/1201 1753/4690/1200 1748/4691/1485 884/1788/1226 885/1787/1225 1749/4692/1560 1747/4693/1559 1782/4694/1558 1781/4695/1557 1779/4696/1556 1780/3508/1555 250/3507/1760 837/3503/868
f 1859/4697/1782 536/4698/169 534/4699/168
f 513/4700/1596 31/4701/738 521/4046/1597
f 522/4702/1604 32/4703/1594 1573/4704/1605
f 32/4705/1594 521/4706/1597 1573/4707/1605
f 491/4708/721 477/4709/35 475/4710/1581
f 491/4711/721 475/4712/1581 489/4713/39
f 1124/955/328 1123/4714/327 1835/4715/1870 1166/4716/1050 1834/4717/529 1154/4718/1336 1153/951/740
f 4/4719/870 466/4720/1674 464/4721/1277
f 480/4722/1682 482/4723/1681 483/4724/1680
f 39/4725/1851 540/4726/1779 525/4727/103
f 1476/4728/1875 185/4729/1112 177/4730/1111 212/4731/1874 222/4732/1873 1283/4733/1641 1281/4734/1648 1458/4735/1660 993/4736/1659
f 747/4737/1480 760/4738/1627 761/4739/1626
f 747/4740/1480 761/4741/1626 748/4742/1481
f 226/2391/1492 811/2390/679 810/4743/683
f 329/4744/1063 959/4745/1618 960/4746/197
f 341/4747/1096 973/4748/1095 974/4749/1599
f 344/4750/545 1004/4751/1367 1003/4752/546
f 391/3637/1576 1014/3636/1117 1015/3642/1116
f 452/4753/621 1109/4754/1482 1113/4755/620
f 428/4756/325 1110/4757/1572 1122/4758/326
f 1793/4759/153 1792/4760/152 1256/4761/151 1794/4762/1866 1795/4763/1537 911/1792/965 902/4764/954 289/1789/953 884/1788/1226 883/4765/1486
f 1090/4766/1739 1507/4767/1307 421/4768/1310 1112/4769/1872 399/4770/306 1136/4771/316 1119/4772/1533 1121/4773/1323 427/4774/1318 429/4775/1320
f 450/2061/1355 1184/2060/1354 1726/4776/1583 1306/4777/1585
f 182/791/632 164/4778/1701 709/4779/1632 160/4780/1631 738/4781/1630 739/4408/1629
f 751/4782/674 749/4783/673 1190/4784/1620
f 877/4615/1167 305/3680/844 292/3679/354
f 877/4785/1167 292/4786/354 896/4787/353
f 583/4788/255 582/4789/254 1697/4790/581
f 1819/4791/1856 420/4792/519 424/4793/524 438/4794/1332 1151/4795/1335 1149/4796/1334 1150/4797/1862 1162/4798/1344 1165/4799/1343 1152/4800/1857
f 1549/3568/1751 1551/3567/1780 1361/4120/1849 1360/4119/1563 1359/4801/1562 1358/4118/1561 1547/3570/1749
f 1186/4802/1386 816/879/689 753/878/676
f 493/4803/44 18/4804/41 1677/4805/1810 1678/4806/1845
f 1186/4802/1386 235/2171/1399 231/2173/1401
f 1186/4807/1386 453/4808/1385 1189/4809/1619
f 1831/2161/1394 439/2160/741 1155/4810/1337
f 1829/4811/1393 1142/4812/1725 439/4813/741
f 1142/4814/1725 436/4815/1327 1138/4816/742
f 1142/4817/1725 1138/4818/742 439/4819/741
f 31/4701/738 531/4047/737 521/4046/1597
f 531/4820/1877 34/4821/1878 521/4822/1879
f 645/2719/1147 661/4823/1146 1295/2720/1447
f 276/4824/1876 280/4627/1534 882/4626/1763
f 288/4825/1513 901/4826/1491 302/4827/1504
f 901/4828/1491 900/4829/1490 302/4830/1504
f 1860/4831/657 622/4832/1174 94/4833/658
