# Blender 4.3.2
# www.blender.org
mtllib SpacePort.mtl
o Mesh_0
v 0.481566 1.270655 0.135993
v 0.383420 1.284762 0.206249
v 0.346180 1.286948 0.095275
v 0.353572 1.329516 0.177004
v 0.364862 1.301496 0.023804
v 0.331215 1.333462 0.113373
v 0.246523 1.272471 0.195597
v 0.293495 1.379238 0.239740
v 0.479360 1.281285 -0.161752
v 0.297205 1.284485 0.018959
v 0.437576 1.339927 0.113473
v 0.405521 1.338727 0.184610
v 0.335474 1.292119 -0.010557
v 0.382717 1.335176 0.055559
v 0.597217 0.978826 0.162400
v 0.284102 1.333332 0.009353
v 0.331203 1.362944 0.014871
v 0.245723 1.321360 0.079304
v 0.279502 1.338804 0.112541
v 0.243288 1.343783 0.045658
v 0.242789 1.333966 0.053609
v 0.460358 1.373465 -0.001816
v 0.240697 1.361999 0.099862
v 0.247112 1.349929 0.062151
v 0.209472 1.362641 0.011642
v 0.286050 1.405346 -0.011864
v 0.172093 1.311766 0.051505
v 0.451398 1.391608 -0.007935
v 0.296194 1.427266 0.138197
v 0.208353 1.401291 0.029065
v 0.239967 1.373789 0.001845
v 0.205355 1.393429 0.011385
v 0.338162 1.419592 0.098638
v 0.273992 1.441670 0.142759
v 0.371918 1.367075 0.108470
v 0.275070 1.447684 0.128257
v 0.172710 1.323484 -0.002097
v 0.074671 1.288161 0.133492
v 0.353528 1.426001 0.076905
v 0.164389 1.442930 0.150856
v 0.245269 1.297704 -0.206966
v 0.118398 1.284504 0.056159
v 0.358153 1.422403 0.000126
v 0.076018 1.288084 0.121582
v 0.505666 0.882002 0.152927
v 0.136277 1.290194 -0.097563
v 0.066477 1.278529 0.121897
v 0.330558 1.506447 0.126568
v 0.115301 1.445320 0.140150
v 0.198747 1.310592 -0.209775
v 0.347333 1.517997 0.105458
v 0.340773 1.514027 0.107263
v 0.332989 1.534225 0.082605
v 0.132839 1.518782 0.124869
v 0.084398 1.300225 -0.117248
v 0.142321 1.500017 0.158724
v 0.115410 1.528587 0.130564
v 0.320328 1.457723 -0.049187
v 0.281523 1.535658 0.004045
v 0.526360 0.868368 -0.021987
v 0.273690 1.544657 -0.009647
v 0.267934 1.543083 0.001692
v 0.525370 0.891253 -0.074479
v 0.578617 0.866705 -0.112426
v 0.064796 1.515587 0.125172
v 0.540278 0.873885 -0.148307
v -0.090947 1.191581 -0.037040
v -0.083114 1.155682 -0.109989
v -0.098721 1.145761 -0.030401
v 0.185249 0.892815 0.219033
v -0.113584 1.190542 -0.076946
v 0.336616 0.726762 0.206147
v -0.077371 1.117712 -0.068222
v 0.088460 0.906129 0.189999
v 0.335018 0.674194 0.271739
v 0.103118 0.880763 0.164238
v 0.313511 0.635223 0.262829
v 0.304204 0.555661 0.256910
v 0.484837 0.357749 0.210103
v 0.089077 0.728619 0.227413
v 0.337405 0.739729 -0.251647
v 0.467286 0.355249 0.289140
v 0.495103 0.336605 0.286252
v 0.348355 0.360342 0.211923
v 0.351400 0.359681 0.251940
v -0.043655 0.751190 0.210390
v 0.010789 0.641975 0.282831
v 0.007465 0.652341 0.221490
v 0.089031 0.515910 0.248983
v 0.597140 0.309146 -0.121040
v 0.026436 0.551521 0.258040
v 0.495877 0.361490 -0.246235
v 0.043083 0.726979 -0.238367
v 0.480384 0.243909 0.412411
v 0.013747 0.487048 0.225836
v 0.028805 0.431972 0.252453
v 0.338788 0.361654 -0.270710
v 0.000665 0.445911 0.271456
v 0.498333 0.158627 0.412496
v 0.741699 0.247730 -0.128151
v 0.468500 0.116368 0.424938
v 0.609117 0.239861 0.418674
v 0.035564 0.345275 0.268854
v 0.335240 0.352425 -0.355399
v -0.000798 0.358597 0.241760
v 0.579741 0.140499 0.440865
v 0.477365 0.106254 0.373256
v -0.077672 0.589599 -0.080131
v 0.676057 0.254818 0.318043
v 0.334044 0.322790 -0.367296
v -0.125746 0.593641 -0.083735
v 0.230038 0.261301 0.352564
v 0.256508 0.294768 0.371352
v -0.049077 0.371554 0.210798
v -0.062589 0.747678 -0.365710
v -0.063339 0.580903 -0.130374
v 0.685715 0.205762 0.385911
v 0.733989 0.286431 -0.283955
v 0.749252 0.031113 -0.004737
v 0.327234 0.105650 0.418438
v 0.246552 0.299921 0.274829
v 0.609505 0.025701 0.460682
v 0.624096 0.029054 0.420452
v 0.805156 -0.002632 0.002071
v 0.270837 0.274726 -0.405951
v 0.280674 0.148690 0.365260
v 0.733621 0.276875 -0.344230
v 0.128426 0.202873 0.328642
v -0.129709 0.290585 0.302754
v 0.725910 0.038494 0.432255
v 0.323448 0.100359 0.353272
v 0.288560 0.134153 0.381260
v 0.268794 0.109311 0.364529
v -0.073736 0.582816 -0.332386
v -0.154456 0.565361 -0.133205
v 0.245835 0.141041 0.383296
v 0.744680 0.185175 -0.339210
v 0.871349 0.026121 -0.042166
v 0.255966 0.273025 -0.357833
v -0.231233 0.605978 -0.143551
v 0.115807 0.191061 0.301663
v -0.236612 0.595469 -0.152158
v 0.226882 0.114639 0.296467
v 0.047390 0.201018 0.324971
v 0.715567 0.241270 0.189816
v 0.721826 0.219735 0.308751
v 0.328499 0.048992 0.345803
v 0.298379 0.038529 0.474293
v 0.468007 0.028120 -0.360231
v -0.141606 0.248890 0.200808
v -0.304861 0.606038 -0.040087
v 0.312943 0.104044 0.286324
v 0.865212 0.170214 -0.332949
v -0.299642 0.561217 -0.048261
v -0.134596 0.214658 0.270206
v 0.554282 0.287339 0.075005
v 0.622348 0.034181 0.246263
v 0.661621 0.032451 0.388394
v 0.282368 0.142153 0.282227
v 0.538163 -0.001745 -0.395305
v 0.528568 0.066533 0.209323
v 0.329969 0.051608 0.287439
v -0.333351 0.685470 -0.208145
v 0.160570 0.048077 0.345971
v -0.306107 0.566121 -0.144958
v 0.818652 0.026270 0.524789
v 0.725643 0.042557 0.337082
v 0.725893 0.207975 0.170698
v 0.141794 0.065238 0.328382
v -0.046440 0.440840 -0.367598
v -0.304525 0.650658 -0.186955
v -0.261647 0.559793 -0.168534
v 0.824126 -0.001465 0.520312
v 0.544170 0.212968 -0.009225
v 0.710177 0.128862 0.236942
v 0.994650 0.022435 -0.074128
v 0.110674 0.321366 -0.371385
v -0.217946 0.203200 0.262030
v -0.075810 0.442196 -0.333140
v -0.218860 0.203807 0.180195
v -0.137999 0.332949 -0.130777
v 0.053043 0.065179 0.329398
v 0.256510 0.031608 -0.404266
v 0.053671 0.266184 -0.423109
v -0.358824 0.609291 -0.190917
v -0.275946 0.767399 -0.009535
v 0.179977 0.025902 0.461110
v -0.335359 0.763291 -0.207238
v -0.441235 0.562079 -0.054115
v 0.867801 0.028441 -0.337009
v -0.434698 0.680871 -0.212166
v 0.060669 0.274574 -0.360599
v -0.139214 0.087184 0.170271
v 0.176808 -0.002848 0.462218
v -0.095459 0.437931 -0.404898
v -0.028886 0.325180 -0.403345
v -0.265936 0.711887 0.065928
v 0.180997 0.022564 0.505366
v -0.140572 0.084776 0.274665
v -0.447820 0.681172 -0.279047
v -0.445593 0.560377 -0.137129
v 0.185305 -0.000528 0.501158
v -0.225965 0.087719 0.258634
v 0.187032 0.027706 -0.482413
v -0.126508 0.023252 0.317885
v -0.438724 0.758798 -0.212928
v -0.122705 0.342155 -0.338141
v -0.298699 0.784199 -0.247390
v -0.218271 0.088533 0.169672
v -0.101807 0.330181 -0.406438
v -0.446542 0.778594 -0.265626
v -0.298802 0.812613 -0.251225
v -0.316999 0.823350 -0.237872
v 0.793801 0.027833 -0.498346
v -0.395350 0.574146 -0.363690
v -0.141414 0.328469 -0.388028
v 0.194960 -0.002754 -0.490541
v -0.280513 0.717396 0.153616
v -0.416192 0.592225 -0.377799
v -0.495019 0.676966 -0.284581
v -0.306176 0.280328 -0.064298
v -0.319768 0.082755 0.215276
v -0.451480 0.602503 -0.354214
v -0.323693 0.855924 -0.244004
v -0.306291 0.102100 0.182776
v -0.346062 0.301403 -0.035452
v -0.303488 0.717493 0.181880
v -0.296026 0.252963 -0.130398
v -0.493366 0.648780 -0.332103
v -0.397768 0.489919 -0.376398
v 0.051156 0.030642 -0.427067
v 0.058872 0.035108 -0.362385
v -0.321604 0.213404 -0.072705
v -0.274267 0.878088 0.110987
v 0.997953 -0.002238 -0.398109
v -0.501980 0.814557 -0.279652
v -0.363371 0.911104 -0.248228
v -0.410513 0.303620 -0.043125
v -0.334888 0.231519 -0.032871
v -0.286070 0.776156 0.214775
v -0.491907 0.512115 -0.381998
v -0.383580 0.444015 -0.361603
v -0.150973 0.215864 -0.350390
v -0.498528 0.879666 -0.051312
v -0.280445 0.894292 0.125401
v -0.489472 0.540180 -0.398807
v -0.375148 0.366413 -0.013844
v -0.470610 0.579069 0.207101
v -0.495120 0.540950 -0.383936
v -0.493885 0.708487 -0.418898
v -0.459766 0.490323 -0.428514
v -0.036088 0.020898 -0.415873
v -0.422067 0.419346 -0.347742
v -0.514344 0.887405 -0.244462
v -0.155458 0.206338 -0.372848
v -0.500565 0.759116 -0.399436
v -0.498521 0.804987 -0.359508
v -0.007891 -0.001620 -0.422684
v -0.528784 0.817324 -0.273259
v -0.151095 0.103460 -0.392624
v -0.478972 0.325817 -0.026269
v -0.351310 0.179781 0.007562
v -0.486392 0.292052 -0.015995
v -0.316240 0.129337 -0.122617
v -0.460144 0.713058 -0.414110
v -0.427842 0.442547 -0.492286
v -0.415890 0.477986 -0.502621
v -0.506012 0.794824 -0.414689
v -0.471870 0.782517 -0.378728
v -0.444498 0.258210 -0.054782
v -0.340625 0.098538 -0.117749
v -0.343233 0.126374 -0.063033
v -0.323579 0.115524 -0.047157
v -0.513496 0.450510 0.229877
v -0.275625 1.000718 0.121830
v -0.500464 0.495879 -0.453653
v -0.517316 0.758081 -0.436146
v -0.577139 0.816792 -0.339698
v -0.525342 0.945546 -0.246106
v -0.430985 0.410184 0.006002
v -0.344973 0.107098 -0.036525
v -0.432640 0.426250 -0.448973
v -0.534194 0.955682 -0.229336
v -0.372871 0.325927 0.121654
v -0.624858 0.851018 -0.302890
v -0.635942 0.826833 -0.328440
v -0.404545 0.129208 -0.017823
v -0.506370 0.264848 0.034411
v -0.482901 0.355227 0.024566
v -0.357854 0.152118 0.061970
v -0.473191 0.827952 0.187649
v -0.574372 0.877738 -0.081930
v -0.511064 0.700359 -0.492487
v -0.390130 0.332270 0.149767
v -0.486301 0.398156 0.038826
v -0.543443 0.900454 0.007237
v -0.538736 0.918612 -0.018371
v -0.416146 0.306722 -0.339882
v -0.436157 0.314145 0.123654
v -0.606625 0.092937 0.254916
v -0.590981 0.078066 0.265270
v -0.353917 0.144480 0.115667
v -0.541555 1.019356 -0.228466
v -0.222391 0.029776 -0.413493
v -0.432097 0.100954 -0.123360
v -0.622230 0.109787 0.224051
v -0.390704 0.217546 -0.345362
v -0.652162 0.908356 -0.251434
v -0.446311 0.322511 0.147790
v -0.441744 0.507245 0.015340
v -0.704079 0.569908 0.211341
v -0.636987 0.951388 -0.234642
v -0.538953 1.015928 -0.140402
v -0.705601 0.580717 0.247266
v -0.612614 0.884755 0.060981
v -0.395680 0.210271 -0.367711
v -0.658817 0.792488 -0.430180
v -0.574792 0.920008 -0.441298
v -0.560034 0.267753 0.038782
v -0.577289 0.397201 0.036182
v -0.435571 0.408009 0.144544
v -0.748379 0.851426 -0.297227
v -0.595217 0.353443 0.030836
v -0.691133 0.490706 0.209547
v -0.583432 0.807710 0.200839
v -0.584509 0.959992 -0.345892
v -0.625135 1.018361 -0.229524
v -0.625314 0.953778 -0.134775
v -0.428734 0.139854 0.118453
v -0.356528 0.619621 0.015512
v -0.666169 0.459061 0.241582
v -0.653091 0.941767 -0.122521
v -0.658264 0.903320 -0.118095
v -0.598871 0.221220 0.039440
v -0.452897 0.139082 0.147841
v -0.633286 0.389243 0.214586
v -0.651161 0.412019 0.215901
v -0.632099 0.031593 0.474358
v -0.359796 0.033345 -0.422004
v -0.564386 0.245257 0.067624
v -0.716355 0.509056 0.236042
v -0.752166 0.885266 -0.043588
v -0.627408 1.025247 -0.144199
v -0.763053 0.579603 -0.416900
v -0.603912 0.385785 -0.040380
v -0.394100 0.677380 0.026722
v -0.452528 0.555072 0.088906
v -0.714756 0.706599 -0.477622
v -0.730516 0.749431 -0.470500
v -0.388677 0.550160 0.142067
v -0.757373 0.519068 0.260977
v -0.503474 0.980793 0.100672
v -0.721722 0.715424 -0.509504
v -0.740391 0.789078 -0.444202
v -0.685978 0.874991 -0.446380
v -0.569708 0.969850 -0.444226
v -0.742413 0.956646 -0.346462
v -0.525033 0.557217 0.019887
v -0.743748 0.481083 -0.498331
v -0.601671 0.139024 0.069437
v -0.923394 -0.003596 0.522735
v -0.770026 0.769724 -0.434091
v -0.747642 0.454926 -0.496221
v -0.782185 0.831873 -0.211359
v -0.582307 0.138945 0.148234
v -0.755590 0.534585 0.322212
v -0.710022 0.424803 -0.463164
v -0.742340 0.932231 -0.413569
v -0.667661 1.073315 -0.114215
v -0.826044 0.526161 -0.424423
v -0.747935 0.889493 -0.527262
v -0.666722 0.935572 -0.489197
v -0.623383 0.144628 0.103376
v -0.680728 0.359660 0.051085
v -0.720435 1.077811 -0.023550
v -0.767074 0.978442 -0.429707
v -0.823969 0.869267 -0.152012
v -0.832030 0.532598 0.335575
v -0.678447 0.294543 -0.462119
v -0.657234 0.939434 -0.471097
v -0.681440 0.951946 -0.473793
v -0.814621 0.551828 0.301791
v -0.761834 0.488872 0.166968
v -0.679208 0.155454 0.053019
v -0.776285 0.569259 0.283194
v -0.786834 0.538490 0.365634
v -0.725244 0.325701 -0.483071
v -0.937773 0.462887 0.188848
v -0.853840 0.570873 0.315045
v -0.821701 0.571572 0.384211
v -0.770478 0.451160 0.143949
v -0.492226 0.029059 -0.604492
v -0.560337 1.182090 -0.191580
v -0.542222 1.204295 -0.163614
v -0.679813 1.033887 -0.558751
v -0.760940 0.634613 -0.040804
v -0.809208 0.640849 -0.044495
v -0.735953 0.431627 0.125633
v -0.581020 1.186141 -0.129285
v -0.557360 1.139491 -0.061077
v -0.873677 0.487735 0.434952
v -0.545697 1.151916 -0.084474
v -0.614450 0.029055 -0.631032
v -0.934484 0.416999 0.212101
v -0.563780 1.160603 -0.080212
v -0.800267 0.321421 -0.362924
v -0.759515 0.028555 -0.485737
v -0.561309 1.175085 -0.021723
v -0.553323 1.175203 -0.021537
v -0.923779 0.386832 0.170450
v -0.978054 0.424256 0.183732
v -0.932230 0.388608 0.176961
v -0.773491 0.445872 -0.031512
v -0.557093 1.191078 -0.047407
v -0.566193 1.171930 0.005106
v -0.939291 0.367695 0.187437
v -0.928198 0.359085 0.167104
v -0.552065 1.232625 -0.130073
v -0.778720 0.039719 -0.361631
v -0.528937 1.239510 -0.127304
v -0.561418 1.192391 0.096210
v -0.575827 1.260533 -0.135945
v -0.551350 1.235884 0.060973
v -0.821516 0.027552 -0.472620
v -0.819413 -0.003796 -0.469457
v -0.748125 0.070902 0.100508
v -0.919929 0.073501 0.117289
v -0.866491 0.070511 0.117978
v -0.836885 0.024631 0.033184
v 0.412434 1.308645 0.109938
v 0.381030 1.244295 0.239142
v 0.305626 1.278269 0.043664
v 0.360523 1.359185 0.009510
v 0.588788 1.009387 0.252926
v 0.244676 1.310466 -0.026794
v 0.281034 1.364395 0.047850
v 0.452171 1.370194 0.052614
v 0.256093 1.245638 0.321648
v 0.535553 0.987054 0.250545
v 0.502518 0.979655 0.207671
v 0.545982 0.981006 0.161598
v 0.565193 0.880596 0.135261
v 0.206485 1.293262 0.088982
v 0.265821 1.300571 0.107722
v 0.214973 1.370833 0.026280
v 0.211536 1.471152 0.169913
v 0.204978 1.447513 0.016501
v 0.199134 1.480845 0.066346
v 0.056545 1.248122 0.187132
v 0.583543 0.862832 0.054398
v 0.141731 1.478845 0.119139
v 0.122867 1.304190 0.122810
v 0.265697 1.473682 0.004525
v 0.327817 1.509343 0.134359
v 0.333205 1.532498 0.115694
v 0.172995 1.283657 -0.212439
v 0.020572 1.267316 -0.018495
v 0.199541 1.562647 0.043151
v 0.451076 0.858431 -0.243618
v -0.051612 1.213020 -0.074575
v 0.247647 0.869552 0.203472
v 0.488285 0.817803 0.209849
v -0.054850 1.119344 -0.157046
v 0.285783 0.719361 0.220852
v 0.313321 0.578428 0.221989
v 0.281421 0.647206 0.226812
v 0.337685 0.464197 0.244126
v 0.525924 0.359761 -0.012176
v 0.127065 0.742186 0.173396
v 0.477980 0.739453 -0.235303
v 0.326836 0.742557 -0.356998
v 0.571680 0.303279 0.235709
v 0.332335 0.337083 0.271832
v 0.328588 0.616298 -0.368522
v 0.042627 0.699115 0.272954
v 0.551364 0.327082 -0.034147
v 0.691337 0.288611 -0.178847
v 0.505253 0.267404 0.382261
v 0.408045 0.335008 0.415398
v -0.024124 0.424004 0.239051
v -0.034607 0.470691 0.269444
v -0.069140 0.692906 -0.189658
v 0.453372 0.120259 0.455985
v 0.314835 0.394292 -0.365665
v 0.593257 0.237368 0.360050
v 0.263334 0.245294 0.386333
v 0.229375 0.311090 0.310757
v -0.125293 0.327861 0.266328
v 0.775265 0.256133 -0.223124
v 0.321427 0.145643 0.401372
v 0.321371 0.142218 0.390041
v 0.872749 0.236268 -0.227593
v 0.307845 0.321517 0.296185
v 0.787455 0.029539 -0.016398
v -0.131284 0.575818 -0.133598
v 0.334078 0.112985 0.455644
v 0.758455 0.027083 0.444484
v -0.062867 0.601636 -0.368140
v 0.223489 0.107892 0.354465
v 0.190263 0.097331 0.361897
v 0.863277 0.039197 -0.060364
v -0.153802 0.586760 -0.137788
v -0.111416 0.270104 0.330430
v -0.070529 0.048761 0.332664
v 0.372324 0.037095 0.474365
v -0.133123 0.324084 -0.045816
v -0.206832 0.612891 -0.162914
v 0.434659 0.050584 0.262170
v 0.530200 0.079815 0.106871
v 0.610286 0.022486 -0.404867
v 0.295066 0.054457 0.425820
v -0.302897 0.574668 -0.119274
v -0.339902 0.599280 -0.159081
v -0.027692 0.347967 -0.369417
v -0.202927 0.601402 -0.164712
v -0.288809 0.533329 -0.169800
v 0.535352 0.185617 0.001465
v -0.186017 0.242973 0.216382
v 0.264008 -0.001477 -0.410102
v -0.022251 0.296256 -0.424223
v -0.142379 0.200304 0.171371
v -0.227099 0.109484 0.228934
v -0.287780 0.077292 0.177133
v -0.359524 0.533739 -0.352697
v -0.301265 0.674665 -0.001087
v -0.296221 0.065490 0.288892
v 0.775971 -0.002891 -0.494681
v -0.426843 0.569805 -0.402885
v -0.315464 0.246727 -0.028891
v -0.464345 0.608155 -0.369240
v -0.450274 0.664759 -0.330905
v -0.352164 0.301892 0.009970
v -0.266305 0.773651 0.178488
v -0.302400 0.305736 -0.046709
v -0.290760 0.247209 -0.119212
v -0.372112 0.476726 -0.348462
v 0.252447 0.035280 -0.355172
v -0.272235 0.814709 0.006630
v -0.263800 0.883597 0.129758
v -0.345731 0.216076 -0.090211
v -0.456648 0.218363 -0.020876
v -0.336489 0.240673 -0.070045
v -0.429372 0.891588 -0.131485
v -0.302916 0.880876 0.092920
v -0.463309 0.793317 0.227831
v -0.489771 0.665970 -0.379579
v -0.518735 0.598679 0.242791
v -0.502930 0.842418 -0.261719
v -0.181287 -0.001390 -0.402329
v -0.370501 0.145256 0.014999
v -0.445913 0.782363 -0.408645
v -0.499118 0.356118 0.034739
v -0.544798 0.826179 -0.399420
v -0.320839 0.129525 -0.040445
v -0.426386 0.397080 0.207789
v -0.347308 0.126706 -0.136393
v -0.493908 0.426949 -0.468574
v -0.361138 0.093582 -0.038421
v -0.336162 0.878929 0.173512
v -0.433483 0.098705 -0.083201
v -0.551501 0.791645 -0.447442
v -0.372462 0.093409 -0.411513
v -0.685175 0.889407 -0.292603
v -0.543332 0.897414 -0.259506
v -0.392592 0.183895 0.067105
v -0.569472 0.384286 0.150679
v -0.397301 0.522283 0.003109
v -0.541256 0.989281 -0.001193
v -0.582005 1.050000 -0.187289
v -0.639163 0.879784 0.181469
v -0.490490 1.037340 -0.074554
v -0.596918 0.895227 -0.450840
v -0.581511 0.956897 -0.413607
v -0.811774 0.874639 -0.265885
v -0.724846 0.775006 0.250685
v -0.695033 0.836824 -0.445783
v -0.530308 0.949230 -0.132380
v -0.356066 0.630313 0.028048
v -0.613702 0.432841 0.208890
v -0.688296 0.882538 -0.097495
v -0.705619 0.069956 0.495444
v -0.542818 0.026541 0.412932
v -0.752578 0.494194 -0.466069
v -0.653699 0.403256 0.032551
v -0.622424 0.323031 -0.079239
v -0.413723 0.652141 0.008179
v -0.424379 0.533033 0.145486
v -0.816332 0.904194 -0.295341
v -0.397868 0.599756 0.109594
v -0.730489 0.882649 -0.453610
v -0.724014 0.959679 -0.402420
v -0.738240 0.848471 -0.334528
v -0.504210 0.520565 0.042747
v -0.501742 0.530855 0.013141
v -0.715324 0.703491 -0.503967
v -0.603523 0.149487 -0.015007
v -0.751980 0.571210 0.353785
v -0.752473 0.395435 -0.452175
v -0.669207 1.017575 -0.048487
v -0.580938 1.025382 -0.094899
v -0.625630 0.867726 -0.545785
v -0.659262 0.377311 0.063218
v -0.612221 0.976455 0.077754
v -0.907759 0.487265 0.262744
v -0.757105 0.880905 0.177777
v -0.828621 0.372599 0.114325
v -0.884048 0.446523 0.162694
v -0.621795 1.184960 -0.172124
v -0.755542 0.534838 -0.048371
v -0.591752 1.103881 -0.081203
v -0.799158 0.437106 -0.369675
v -0.779450 0.283089 -0.360030
v -0.553834 1.155626 -0.022984
v -0.603793 -0.001741 -0.631241
v -0.770525 0.486179 -0.058071
v -0.736682 0.429937 -0.017329
v -0.976891 0.440154 0.146673
v -0.533746 1.207440 0.065935
v -0.948936 0.264362 0.200928
v -0.954383 0.416665 0.135712
v -0.837220 0.027153 -0.372539
v -0.536841 1.228399 -0.004288
v -0.943098 0.057303 0.138974
v -0.963718 -0.003289 0.158389
v -0.914199 0.103611 0.153518
v -0.758825 0.046792 0.014045
v -0.794991 0.022728 -0.056811
v -0.791064 -0.002988 -0.038492
v -0.558908 -0.003047 0.430417
v -0.164522 -0.003719 0.472260
v -0.349552 0.007004 0.474402
v -0.180731 0.021134 0.468835
v -0.075354 0.031169 0.416063
v 0.036201 0.043719 0.401831
v 0.431492 0.310112 0.386088
v 0.356116 0.258528 0.423069
v 0.147308 0.279099 0.341259
v -0.112451 0.291773 0.360166
v 0.045025 0.337858 0.332363
v -0.107306 0.325629 0.350087
v -0.300471 0.084050 0.003083
v -0.288479 0.093884 -0.125028
v -0.140386 0.095515 -0.120631
v -0.088484 0.356495 0.102885
v -0.055286 0.380360 0.136756
v -0.040997 0.679181 0.287302
v -0.052375 0.336149 -0.127479
v -0.462473 0.077896 0.245644
v -0.505751 0.041042 0.316570
v -0.311164 0.022748 0.329406
v -1.000739 0.013610 0.402058
v -0.982644 0.067331 0.299721
v -0.945166 0.106849 0.190091
v -0.976115 0.125099 0.160798
v -0.950461 0.129368 0.127570
v -0.737607 0.105316 -0.015874
v -0.773796 0.042603 -0.045250
v -0.837905 -0.000021 -0.268634
v 0.002973 -0.002911 0.399791
v 0.276438 0.010343 0.528399
v 0.415701 0.025468 0.622125
v 0.497370 -0.003317 0.630145
v 0.798465 0.025582 0.445159
v 0.746299 0.039546 0.399463
v 0.731600 0.215416 0.396584
v 0.699594 0.266138 0.407358
v 0.529341 0.337981 0.405762
v 0.210286 0.274955 0.414283
v 0.032619 0.304716 0.388330
v 0.015508 0.569457 0.222146
v 0.058327 0.656936 0.270305
v 0.253143 0.681528 0.262258
v 0.186766 0.978847 0.227772
v 0.082402 0.980434 0.191788
v 0.064982 0.986574 0.288162
v 0.048713 0.979333 0.105999
v -0.046624 0.989255 0.156487
v -0.085906 1.014587 0.044560
v -0.083585 1.128960 0.049716
v -0.046167 1.126448 0.176187
v -0.070046 1.188573 0.151354
v -0.006207 1.237809 0.040561
v 0.045671 1.248600 -0.155889
v 0.095458 1.240654 -0.256986
v -0.050521 1.174334 -0.246767
v -0.011741 1.183868 -0.292697
v 0.024474 1.117618 -0.294805
v -0.040725 0.988726 -0.169569
v 0.079898 0.960492 0.135019
v 0.049989 0.730933 0.106814
v -0.057116 0.749627 0.037159
v -0.050127 0.584626 -0.042199
v -0.303348 0.287610 0.180698
v -0.475704 0.185941 0.202838
v -0.699247 0.001540 0.564959
v -0.838794 0.021945 0.559679
v -0.994049 0.364652 0.338454
v -0.733921 0.031485 -0.378295
v -0.773887 -0.002779 -0.476183
v 0.696361 -0.003262 0.602749
v 0.603242 0.024562 0.612882
v 0.202564 0.327686 0.359546
v 0.337752 0.810922 0.218650
v 0.407082 0.889793 0.224875
v 0.368624 0.979536 0.232891
v 0.063675 1.016817 0.315615
v 0.044083 1.142469 0.332128
v -0.032806 1.181701 0.243540
v 0.537262 1.279027 -0.053197
v 0.353254 1.284801 -0.220319
v 0.250783 1.316669 -0.128539
v 0.186863 1.307558 -0.075973
v 0.214843 1.263456 -0.271983
v 0.135173 1.181496 -0.394561
v 0.045408 1.146205 -0.341069
v 0.022001 0.990499 -0.284087
v 0.022455 0.975135 -0.028153
v 0.023519 0.727082 -0.032631
v -0.319401 0.678639 -0.193013
v -0.241278 0.592650 -0.076402
v -0.492762 0.344303 0.247254
v -0.619642 0.209763 0.213337
v -0.614618 0.332752 0.250962
v -0.622504 0.066469 0.403643
v -0.826763 0.043588 0.521759
v -0.930946 0.045920 0.457368
v -0.959511 0.437439 0.355643
v -0.899029 0.322801 0.493244
v -0.772650 0.321636 0.519299
v -0.612415 0.358227 0.341779
v -0.657715 0.362102 0.455067
v -0.777120 0.494506 0.457260
v -0.694346 0.507936 0.343808
v -0.755802 0.591860 0.150312
v -0.732073 0.545637 0.073252
v -0.684988 0.036476 -0.465363
v 0.796722 -0.002978 0.432564
v 0.841938 0.019794 0.243984
v 0.746768 0.238739 0.217216
v 0.491694 0.380647 -0.214422
v 0.512487 0.978854 -0.230885
v 0.529280 0.974119 -0.193212
v 0.621412 0.977229 0.020489
v 0.585434 0.977419 -0.153884
v 0.247910 0.985684 0.332970
v 0.298238 1.018273 0.391361
v 0.434571 1.019166 0.350240
v 0.072015 1.114894 0.318198
v 0.070119 1.180844 0.350625
v 0.298457 1.171655 0.421066
v 0.443811 1.236341 0.286215
v 0.589780 1.241646 0.124653
v 0.554187 1.233966 -0.158183
v 0.300786 1.235206 -0.345033
v 0.304804 1.124511 -0.402171
v 0.176172 1.115897 -0.377479
v 0.296878 0.995862 -0.399752
v 0.143517 1.015051 -0.366537
v 0.081906 0.732571 -0.225944
v 0.130070 0.780558 -0.257070
v 0.168037 0.961864 -0.255915
v 0.448000 0.966640 -0.251581
v 0.632801 1.005447 -0.159710
v 0.662447 1.002258 -0.031009
v 0.656279 1.015750 0.135435
v 0.566500 1.120795 0.265764
v 0.435772 1.126526 0.358191
v 0.315942 1.121676 0.393862
v 0.461480 1.181357 0.367270
v 0.314887 1.187996 -0.414538
v 0.475440 1.183752 -0.368133
v 0.459123 1.121796 -0.357408
v 0.464369 1.001303 -0.350067
v 0.076638 0.978378 -0.214525
v 0.285728 0.981800 -0.273657
v 0.575062 1.013590 -0.273244
v 0.657480 1.181347 0.142729
v 0.586107 1.172681 0.276697
v 0.665421 1.183540 -0.085936
v 0.545713 1.117871 -0.291835
v 0.593711 1.185381 -0.248407
v -0.119269 0.678453 -0.204992
v -0.272716 0.595454 -0.113243
v -0.277019 0.634843 -0.226180
v -0.286304 0.581978 -0.226956
v -0.332589 0.558821 -0.056451
v -0.311267 0.756410 -0.092042
v -0.412585 0.736652 0.203492
v -0.740343 0.786293 0.175866
v -0.739452 0.852529 0.020727
v -0.780585 0.749331 -0.053629
v -0.764018 0.621590 -0.111016
v -0.780561 0.575413 -0.189524
v -0.782834 0.496541 -0.311855
v -0.714986 0.274587 -0.409681
v -0.633411 0.038170 -0.479651
v 0.864450 0.239114 -0.160666
v 0.576073 0.355635 -0.323860
v 0.329440 0.313230 -0.388827
v 0.328462 0.009393 -0.383382
v 0.169348 0.299779 -0.444622
v 0.341626 0.428096 -0.227613
v 0.490264 0.848908 -0.197192
v 0.462480 0.387955 -0.240426
v -0.308438 0.176500 -0.390265
v -0.294134 0.112461 -0.378480
v -0.399332 0.111937 -0.380310
v -0.438531 0.093994 -0.451747
v -0.477136 0.032007 -0.493016
v -0.459754 0.000244 -0.590324
v -0.311988 -0.002406 -0.480076
v -0.322036 0.024098 -0.486620
v -0.448160 0.283389 -0.462681
v -0.628164 0.234138 -0.483611
v -0.478702 0.234724 -0.487732
v -0.532493 0.579588 -0.469574
v -0.448470 0.537372 -0.412048
v -0.445229 0.792592 -0.375390
v -0.458419 0.815553 -0.398070
v -0.751485 0.703087 -0.448755
v -0.796416 0.662493 -0.193293
v -0.840672 0.617942 -0.155885
v -0.839179 0.615027 -0.192619
v -0.801144 0.736268 -0.132435
v -0.828399 0.845504 -0.170371
v -0.777744 0.883683 -0.122536
v -0.774604 0.879760 -0.054360
v -0.819938 0.900026 -0.200988
v -0.251750 0.570015 -0.366272
v -0.267096 0.809703 -0.092356
v -0.514533 0.887362 -0.119367
v -0.426066 0.884835 -0.238566
v -0.393547 0.921687 -0.168979
v -0.375396 0.885474 -0.020000
v -0.349759 0.919494 -0.156512
v -0.332765 0.882766 -0.108130
v -0.302232 0.853754 -0.114444
v -0.301176 0.820591 -0.070698
v -0.848400 0.527879 -0.358886
v -0.845840 0.532780 -0.411710
v -0.768729 0.609354 -0.308232
v -0.721978 0.534180 -0.464430
v -0.504890 0.682086 -0.471093
v -0.638355 1.003364 -0.415589
v -0.564909 0.839100 -0.428956
v 0.343635 0.029425 -0.363269
v 0.994718 -0.002502 -0.070316
v 0.864041 0.141047 -0.074483
v 0.507089 0.333998 -0.349587
v 0.542467 0.030868 -0.341443
v 0.986188 0.022703 -0.377169
v 0.749141 0.123077 -0.033895
v 0.514809 0.034597 0.458695
v 0.445341 0.029070 0.498361
v 0.695975 0.069895 0.392385
v 0.583673 0.037826 0.360056
v 0.507095 0.034314 0.365450
v 0.494926 0.288714 0.247594
v 0.528602 0.272856 0.219571
v 0.416242 0.290448 0.265528
v 0.542598 0.292378 0.213515
v 0.529164 0.270495 0.072356
v -0.588613 1.221157 0.049374
v -0.588516 1.245117 -0.137458
v -0.641113 1.023985 0.010414
v -0.686706 1.170689 -0.114962
v -0.518511 1.024042 -0.002749
v -0.430908 1.059981 0.006691
v -0.465919 1.143763 -0.079065
v -0.442868 1.122768 -0.083939
v -0.563747 1.084437 -0.159521
v -0.599521 0.980164 0.092522
v -0.457579 1.013282 0.026886
v -0.680654 0.313926 -0.026980
v -0.670084 0.240583 -0.042595
v -0.603322 0.248233 -0.090080
v -0.500439 0.375093 0.032157
v -0.649862 0.138567 0.074468
v -0.491927 0.162292 0.073241
v -0.407123 0.218999 0.062540
v -0.472881 0.149209 0.099087
v -0.565237 0.406629 0.128498
v -0.600702 0.377028 0.120765
v -0.352243 0.535554 0.114611
v -0.352910 0.536810 0.046628
v -0.475802 0.615847 0.010202
v 0.192873 1.513660 0.203440
v 0.340793 1.524253 -0.099038
v 0.222712 1.583683 -0.056942
v 0.177044 1.608073 0.022174
v 0.170801 1.550952 0.151853
v 0.212875 1.449888 0.230194
v 0.254831 1.371312 0.224741
v 0.282461 1.338913 0.190305
v 0.153041 1.564616 0.035913
v 0.299562 1.501090 -0.101690
v 0.211598 1.508569 -0.037338
v 0.367537 1.446663 -0.078986
v 0.338329 0.145626 0.401902
v 0.537838 1.283737 0.172869
v 0.615113 1.304483 0.184582
v 0.533757 1.324434 0.105878
v 0.609573 1.290258 0.096343
v 0.532799 1.336231 0.192444
v 0.561099 1.269630 0.133475
vn 0.3167 0.9083 0.2734
vn 0.1910 0.9814 -0.0187
vn 0.4146 0.7139 0.5643
vn 0.2452 0.9451 -0.2160
vn 0.7015 -0.4376 0.5625
vn -0.6253 -0.3848 0.6789
vn 0.1614 0.9032 0.3976
vn 0.1963 0.9712 0.1350
vn 0.1093 0.9938 -0.0223
vn 0.8005 -0.1816 0.5712
vn 0.3336 0.0183 0.9425
vn 0.3818 -0.6041 -0.6994
vn -0.3399 0.9398 -0.0352
vn -0.2016 0.9041 0.3767
vn 0.1702 0.8633 -0.4751
vn 0.1581 -0.5029 -0.8498
vn 0.0812 -0.9810 -0.1759
vn 0.8409 0.5066 -0.1904
vn -0.5945 -0.6969 -0.4011
vn 0.5253 -0.7537 0.3949
vn 0.6665 -0.4299 0.6090
vn 0.1984 -0.9171 0.3459
vn -0.4683 -0.6442 -0.6048
vn 0.7530 0.2535 0.6072
vn 0.2651 0.7292 0.6309
vn -0.4076 -0.8228 -0.3961
vn 0.3108 -0.9449 -0.1030
vn -0.7127 -0.6059 0.3536
vn -0.3764 0.5046 0.7769
vn 0.8438 -0.3465 -0.4098
vn 0.8459 -0.2830 0.4520
vn 0.8477 0.4232 0.3200
vn -0.4464 0.7510 0.4865
vn -0.4259 0.8396 0.3372
vn -0.0290 0.9011 0.4326
vn 0.3269 -0.7864 0.5241
vn 0.2277 -0.7612 0.6073
vn -0.2115 -0.5319 -0.8200
vn -0.0980 0.9097 0.4035
vn 0.4712 -0.7024 0.5335
vn -0.3831 0.0938 -0.9190
vn -0.7899 -0.0172 0.6129
vn -0.4093 0.7673 -0.4937
vn 0.8815 0.2118 0.4220
vn -0.8199 -0.1530 -0.5517
vn -0.3896 0.8851 0.2548
vn 0.6471 0.6321 0.4263
vn 0.0310 0.7759 0.6301
vn 0.0630 0.9980 0.0017
vn 0.2849 0.7508 0.5959
vn 0.7635 0.6382 0.0992
vn 0.7430 -0.6436 -0.1835
vn -0.7721 -0.3572 -0.5255
vn 0.7674 0.6157 -0.1791
vn 0.1907 0.7909 -0.5814
vn -0.6124 0.7777 -0.1422
vn 0.5102 0.7257 0.4616
vn 0.9409 0.2856 0.1822
vn -0.6002 -0.7477 0.2840
vn 0.2018 0.9535 -0.2238
vn 0.8066 0.5159 0.2887
vn 0.3807 0.8951 0.2321
vn -0.7191 -0.6461 0.2558
vn -0.6552 0.1799 0.7338
vn -0.6915 -0.7224 0.0048
vn -0.7179 -0.3522 -0.6005
vn -0.3276 0.9417 -0.0763
vn -0.1766 0.9685 0.1757
vn 0.2013 0.2747 -0.9402
vn -0.7164 0.6968 -0.0357
vn -0.0453 0.9985 0.0318
vn 0.0115 0.9426 -0.3338
vn 0.0295 0.8171 -0.5758
vn -0.6640 0.7457 -0.0552
vn 0.1804 0.1841 0.9662
vn -0.3257 0.9381 -0.1177
vn -0.4149 0.6599 -0.6264
vn -0.2491 0.9448 -0.2129
vn -0.7065 -0.6131 0.3535
vn -0.8169 0.5206 -0.2483
vn -0.5546 0.8168 -0.1587
vn -0.1099 0.8657 0.4883
vn -0.1098 0.2706 0.9564
vn 0.2248 0.5914 0.7744
vn 0.9412 -0.2589 0.2171
vn 0.5028 0.5955 0.6265
vn 0.6174 0.4151 0.6682
vn 0.6581 0.7217 0.2145
vn 0.2666 0.9063 0.3280
vn 0.7693 0.4163 0.4846
vn 0.6519 -0.7543 -0.0777
vn 0.2743 -0.9384 -0.2101
vn 0.5065 -0.8054 -0.3080
vn 0.6641 0.5451 -0.5118
vn 0.4935 -0.7943 -0.3543
vn 0.8650 -0.1321 -0.4841
vn 0.4308 -0.0672 -0.9000
vn -0.7223 0.6488 0.2392
vn -0.9600 -0.2606 0.1024
vn -0.9892 -0.0350 0.1421
vn -0.9282 -0.0142 -0.3719
vn -0.8622 0.4251 -0.2756
vn -0.4764 0.8671 -0.1452
vn -0.9320 -0.3086 -0.1901
vn -0.1913 -0.5001 0.8446
vn -0.7712 -0.3336 0.5421
vn -0.1429 -0.3448 0.9277
vn -0.8473 -0.3546 0.3955
vn 0.1281 0.1854 0.9743
vn 0.0318 0.7885 0.6142
vn 0.3968 0.3055 0.8655
vn 0.6623 0.6363 0.3955
vn 0.6370 -0.0630 0.7683
vn -0.9102 -0.2613 -0.3214
vn -0.5688 -0.1074 0.8154
vn 0.1196 0.0847 0.9892
vn -0.1955 0.1867 0.9628
vn 0.5858 0.0200 0.8102
vn 0.5758 0.5919 0.5640
vn 0.4698 0.7070 0.5286
vn 0.1539 0.6016 0.7838
vn 0.3278 0.9379 0.1134
vn 0.0520 0.9201 0.3882
vn -0.3217 0.6509 0.6876
vn -0.4563 0.8383 0.2985
vn 0.3670 0.2415 -0.8983
vn 0.6690 0.0307 -0.7426
vn 0.5446 0.6273 -0.5567
vn 0.1909 0.8070 0.5589
vn 0.3655 0.9308 -0.0103
vn -0.0091 0.7159 0.6982
vn 0.0512 0.8035 0.5931
vn 0.4954 -0.1992 0.8455
vn 0.0908 0.4813 0.8718
vn -0.6102 0.2544 0.7503
vn 0.1427 -0.6823 0.7170
vn 0.5934 0.2485 0.7656
vn 0.6482 -0.5356 0.5413
vn 0.6633 0.4640 0.5871
vn 0.3795 0.9193 0.1040
vn 0.4506 0.8370 0.3106
vn 0.3862 0.8956 0.2210
vn -0.7198 -0.5412 0.4347
vn 0.1320 -0.8784 0.4593
vn -0.2015 -0.8585 -0.4716
vn -0.4914 -0.6082 -0.6234
vn -0.1609 0.4291 0.8888
vn 0.0332 0.1252 0.9916
vn -0.6365 -0.0631 0.7687
vn 0.1787 -0.1568 0.9713
vn -0.1675 0.7606 0.6272
vn 0.2275 -0.3782 0.8973
vn -0.1477 -0.4404 0.8856
vn -0.6782 -0.1751 0.7137
vn -0.5884 0.7717 -0.2416
vn -0.2547 0.3831 -0.8879
vn -0.6467 -0.3596 0.6727
vn -0.9927 -0.0327 0.1161
vn -0.8975 0.4344 0.0757
vn -0.0986 0.7831 0.6141
vn 0.1985 0.2245 0.9540
vn 0.6772 0.3554 -0.6443
vn 0.7925 0.2802 -0.5417
vn 0.2070 0.0027 -0.9783
vn 0.3326 0.6148 0.7151
vn -0.5748 -0.5092 0.6406
vn -0.3781 -0.8760 -0.2993
vn -0.0142 -0.9604 0.2784
vn -0.1636 -0.2704 -0.9487
vn 0.6913 -0.7177 0.0844
vn 0.4600 -0.6153 -0.6402
vn 0.1406 -0.9559 -0.2580
vn 0.6773 0.7298 -0.0937
vn 0.2433 0.2105 -0.9468
vn 0.6357 0.4040 -0.6578
vn 0.3811 0.9161 -0.1245
vn 0.7932 -0.3368 -0.5074
vn 0.0858 -0.6907 0.7180
vn 0.4249 -0.7824 0.4554
vn 0.6888 -0.4953 -0.5294
vn -0.3545 0.9252 0.1353
vn 0.5676 0.7704 -0.2903
vn -0.4322 0.8118 0.3926
vn 0.2371 0.9086 0.3440
vn 0.1164 0.9875 0.1066
vn 0.1927 0.4885 0.8510
vn 0.6429 -0.7120 0.2823
vn 0.3136 0.7688 0.5573
vn 0.4170 0.6350 0.6503
vn -0.5279 0.6645 0.5290
vn -0.2567 0.8609 0.4393
vn -0.4007 0.7787 0.4828
vn 0.0433 0.9297 -0.3657
vn -0.9388 0.1889 0.2879
vn -0.3912 -0.2545 0.8844
vn -0.1395 -0.7325 0.6664
vn 0.0695 -0.1108 0.9914
vn -0.2943 -0.3936 0.8709
vn -0.2303 0.4005 0.8869
vn 0.0225 0.7851 0.6189
vn -0.5616 0.7082 0.4279
vn 0.8016 0.4544 0.3884
vn -0.2397 -0.9421 -0.2347
vn -0.4716 0.8696 0.1460
vn -0.2838 -0.7135 -0.6406
vn -0.6229 -0.2512 0.7409
vn -0.5516 0.6575 0.5133
vn -0.9550 0.0972 0.2803
vn -0.7051 -0.2534 0.6623
vn -0.2338 0.5908 0.7722
vn -0.8769 -0.4209 -0.2321
vn -0.6958 -0.6933 0.1873
vn -0.8777 0.0039 0.4791
vn 0.0540 0.4663 -0.8830
vn 0.2432 0.6058 -0.7575
vn 0.3851 0.2923 -0.8754
vn -0.2180 -0.5417 -0.8119
vn -0.8948 0.4338 -0.1054
vn -0.7306 0.6681 0.1410
vn -0.7895 0.6134 -0.0195
vn -0.8020 0.1795 -0.5697
vn 0.2436 -0.8871 -0.3920
vn -0.7787 -0.6018 -0.1774
vn -0.9614 0.2726 -0.0364
vn -0.2272 0.9079 0.3523
vn 0.0458 0.7540 -0.6553
vn -0.0071 0.6873 -0.7263
vn 0.2642 0.7020 0.6613
vn 0.5468 0.6722 0.4992
vn 0.4526 0.7130 0.5355
vn 0.5356 0.6656 0.5197
vn 0.6545 0.3475 0.6714
vn 0.5628 0.6622 -0.4947
vn -0.4484 0.1434 0.8823
vn -0.3587 0.3435 0.8679
vn -0.1614 0.8719 -0.4624
vn -0.3148 0.7269 0.6103
vn 0.3332 0.7110 0.6193
vn 0.7697 0.0117 -0.6383
vn 0.7513 -0.6217 -0.2216
vn -0.0103 0.3482 -0.9374
vn 0.5403 0.3958 -0.7426
vn 0.2070 0.5929 -0.7782
vn -0.3975 0.6601 -0.6374
vn 0.1131 -0.1650 0.9798
vn -0.0202 -0.9154 0.4020
vn 0.8254 -0.5011 0.2599
vn 0.4095 0.4573 0.7895
vn -0.5487 0.5930 0.5892
vn 0.0475 0.6420 -0.7652
vn -0.5167 0.3299 -0.7900
vn 0.0148 0.3192 0.9476
vn -0.3931 0.2142 -0.8942
vn 0.0988 0.6070 -0.7886
vn 0.4095 -0.6745 -0.6143
vn 0.2683 -0.4830 -0.8335
vn 0.9673 -0.2076 -0.1455
vn 0.9812 -0.1503 -0.1215
vn 0.8440 -0.4989 -0.1967
vn -0.6781 -0.5814 0.4495
vn -0.1351 0.7754 0.6168
vn -0.6023 0.2635 -0.7535
vn -0.6960 0.2969 -0.6538
vn 0.4490 -0.7117 -0.5403
vn 0.6018 -0.5170 -0.6087
vn -0.5763 0.6018 -0.5529
vn -0.2954 0.8696 -0.3957
vn -0.6670 0.4099 -0.6221
vn -0.0984 0.2443 -0.9647
vn 0.9108 -0.4128 -0.0084
vn 0.7843 0.3505 -0.5118
vn 0.4917 0.8194 -0.2948
vn 0.5391 0.5996 -0.5915
vn 0.5456 0.3942 -0.7395
vn 0.5832 -0.4315 -0.6882
vn 0.6002 -0.5511 0.5797
vn 0.5683 -0.5889 -0.5746
vn -0.3348 0.6824 0.6498
vn -0.8669 0.4947 0.0609
vn 0.1175 0.9078 0.4025
vn -0.0283 0.8384 0.5443
vn -0.5356 0.2652 0.8018
vn -0.7475 0.5387 -0.3886
vn 0.1306 0.6946 -0.7075
vn 0.2467 0.9680 -0.0459
vn -0.6163 0.5256 -0.5865
vn 0.3906 -0.2599 -0.8831
vn 0.6923 0.3240 -0.6448
vn 0.8283 0.5157 0.2189
vn 0.6643 0.4051 -0.6282
vn 0.4281 0.5053 -0.7493
vn 0.1411 -0.0986 -0.9851
vn 0.6537 0.4867 -0.5795
vn 0.6715 -0.6713 0.3137
vn 0.9385 -0.1301 0.3199
vn 0.0939 0.5742 -0.8133
vn -0.1369 -0.6258 -0.7679
vn 0.8496 0.5267 -0.0269
vn 0.6652 -0.0737 -0.7430
vn -0.8058 0.2724 -0.5258
vn -0.6167 0.0102 -0.7871
vn -0.6268 -0.7224 -0.2919
vn 0.7768 0.4127 0.4757
vn -0.5559 0.2746 -0.7846
vn -0.9933 -0.1110 -0.0322
vn -0.3798 -0.2726 0.8840
vn 0.5698 -0.3890 0.7238
vn 0.5158 -0.0666 0.8541
vn -0.0629 0.1841 0.9809
vn -0.2939 0.2929 0.9098
vn -0.2768 0.7916 0.5447
vn 0.5794 0.0754 0.8115
vn -0.0092 -0.9719 -0.2351
vn 0.9123 -0.0467 -0.4068
vn 0.7392 0.4404 -0.5095
vn 0.6158 0.5132 -0.5978
vn 0.4192 -0.8193 -0.3911
vn 0.7474 0.1769 -0.6404
vn 0.9638 0.2242 -0.1446
vn -0.1428 0.2648 0.9537
vn 0.4897 -0.0853 -0.8677
vn 0.1591 0.7953 -0.5850
vn -0.1543 0.0820 -0.9846
vn 0.5552 0.5626 -0.6125
vn 0.5376 -0.6311 -0.5592
vn -0.5266 0.5678 -0.6327
vn -0.3526 0.6907 -0.6314
vn 0.4412 0.6757 -0.5905
vn 0.9402 0.3165 -0.1256
vn 0.2395 0.9487 -0.2066
vn 0.8281 0.4799 0.2898
vn -0.8920 0.3511 0.2847
vn -0.9715 0.2361 -0.0207
vn -0.7829 0.6079 0.1324
vn 0.7189 -0.0545 0.6930
vn 0.8081 0.5124 0.2905
vn 0.9852 -0.1181 -0.1241
vn -0.0738 0.9706 -0.2293
vn -0.4958 0.4717 -0.7292
vn -0.9805 0.1533 -0.1230
vn -0.8768 -0.1020 0.4698
vn 0.1882 0.8636 -0.4678
vn 0.6016 0.0658 -0.7961
vn 0.1691 -0.0850 0.9819
vn 0.1763 -0.1952 0.9648
vn 0.0608 0.3462 0.9362
vn 0.1364 0.4485 -0.8833
vn 0.3753 0.7584 -0.5329
vn 0.5679 0.3697 -0.7354
vn 0.7917 -0.5858 0.1732
vn 0.5584 0.5492 -0.6218
vn 0.1742 0.3286 -0.9283
vn 0.2683 0.3116 -0.9116
vn 0.9553 -0.1766 -0.2370
vn -0.1337 -0.4917 0.8604
vn 0.6445 0.6281 0.4359
vn 0.4289 0.8631 0.2666
vn 0.3815 0.8251 -0.4167
vn 0.3657 0.9280 -0.0719
vn -0.1735 -0.7319 -0.6590
vn 0.7105 0.2720 -0.6490
vn 0.6331 0.1973 -0.7485
vn 0.2306 0.0174 -0.9729
vn -0.1186 0.1198 -0.9857
vn 0.1128 -0.7400 -0.6630
vn -0.6363 0.4267 -0.6427
vn -0.1012 0.7850 -0.6112
vn 0.5912 0.4018 -0.6993
vn 0.3631 0.3097 -0.8788
vn 0.7494 -0.1439 -0.6463
vn 0.3506 0.8817 0.3158
vn 0.2373 0.7205 -0.6516
vn -0.0134 0.4657 -0.8848
vn -0.6900 0.3925 -0.6082
vn 0.3847 -0.3888 0.8372
vn 0.2966 -0.1065 0.9490
vn 0.2599 0.0335 -0.9651
vn -0.1987 0.9161 -0.3482
vn -0.4625 0.8211 0.3345
vn 0.0728 -0.0397 0.9966
vn 0.2278 0.1059 0.9679
vn 0.2279 0.9230 0.3099
vn -0.0156 0.9942 0.1061
vn 0.0815 0.9874 -0.1358
vn -0.2725 0.9585 0.0836
vn 0.5844 -0.1989 0.7867
vn -0.2431 -0.0101 0.9699
vn 0.2131 -0.8112 0.5446
vn 0.6689 -0.5993 -0.4398
vn 0.6364 0.1276 -0.7608
vn 0.0640 -0.4969 -0.8655
vn 0.2458 0.5318 -0.8104
vn -0.7499 0.6397 0.1683
vn 0.6132 0.5168 -0.5975
vn 0.4903 0.5304 0.6916
vn -0.3202 0.9198 0.2268
vn -0.5941 0.6133 -0.5204
vn -0.0562 0.5127 0.8567
vn 0.1266 0.8014 0.5845
vn -0.0394 0.9732 0.2265
vn 0.0105 0.9870 0.1602
vn 0.5056 -0.0574 -0.8609
vn 0.3284 -0.3616 -0.8726
vn 0.7102 0.6864 -0.1563
vn -0.4923 0.4351 -0.7539
vn -0.2322 0.2462 -0.9410
vn -0.4310 0.4317 -0.7924
vn -0.3934 0.1672 -0.9040
vn 0.2494 -0.8990 -0.3600
vn 0.6105 0.0900 -0.7869
vn 0.5309 -0.4145 -0.7391
vn 0.6570 0.3922 -0.6439
vn 0.4098 0.5585 -0.7212
vn 0.1166 0.1456 -0.9824
vn -0.0703 0.3461 0.9356
vn -0.3184 0.5033 0.8033
vn 0.2870 0.3770 0.8806
vn -0.2708 0.9307 -0.2461
vn 0.2829 0.2918 -0.9137
vn 0.2126 0.6427 -0.7360
vn -0.4068 0.8212 -0.4002
vn -0.0330 0.7271 -0.6858
vn 0.4000 -0.7494 -0.5276
vn 0.4376 0.6659 -0.6042
vn 0.3676 -0.3517 -0.8609
vn 0.6083 0.4577 0.6484
vn 0.5598 -0.4787 0.6763
vn 0.7974 0.4636 0.3863
vn 0.4482 0.4599 0.7665
vn 0.6181 0.4920 0.6131
vn 0.6071 0.4830 -0.6309
vn 0.0451 0.9984 -0.0328
vn 0.3849 -0.3142 0.8678
vn -0.5119 0.2294 0.8279
vn -0.2562 0.9665 -0.0164
vn 0.1323 -0.9518 -0.2766
vn -0.0144 -0.8329 -0.5532
vn 0.5063 -0.6777 -0.5333
vn -0.5264 -0.7969 -0.2963
vn 0.6865 0.1750 -0.7057
vn 0.9761 -0.0961 -0.1951
vn 0.9020 0.3856 -0.1942
vn 0.5754 -0.5355 -0.6181
vn -0.9055 0.1681 0.3897
vn -0.6064 0.2774 -0.7452
vn -0.7522 -0.5714 -0.3283
vn -0.6159 0.4554 -0.6429
vn 0.7228 0.5726 0.3868
vn 0.0560 0.6125 0.7885
vn 0.0567 0.8296 0.5555
vn -0.3864 0.6502 0.6542
vn -0.6104 0.5321 0.5868
vn 0.6809 0.2842 0.6750
vn -0.0225 0.9417 0.3356
vn -0.3255 0.6803 -0.6567
vn 0.2037 -0.0253 -0.9787
vn 0.0320 -0.6903 -0.7228
vn -0.4698 0.7068 0.5289
vn -0.0857 0.9920 0.0927
vn 0.4203 0.7485 0.5129
vn 0.1489 0.8614 0.4855
vn 0.0914 0.9148 0.3934
vn 0.9142 0.1994 0.3527
vn 0.4139 0.0356 0.9096
vn 0.6845 0.7240 -0.0849
vn 0.6520 0.7342 0.1894
vn -0.8566 0.3458 -0.3830
vn -0.2702 0.5189 -0.8110
vn -0.6666 -0.0037 -0.7454
vn -0.8665 -0.0430 -0.4972
vn -0.3772 -0.6657 0.6438
vn -0.2800 -0.7776 0.5630
vn 0.5157 -0.8539 0.0705
vn 0.7735 0.0058 -0.6338
vn 0.5533 -0.1681 -0.8159
vn -0.4201 0.3118 -0.8522
vn -0.8904 0.2064 -0.4057
vn -0.4337 -0.3220 -0.8415
vn -0.4511 0.4606 -0.7644
vn -0.4724 -0.4115 -0.7794
vn -0.6194 0.4064 -0.6717
vn -0.7764 -0.5077 -0.3734
vn -0.6473 -0.2601 -0.7165
vn 0.3533 -0.4614 -0.8138
vn -0.6160 0.5897 0.5223
vn -0.4153 0.7656 0.4913
vn -0.9792 -0.0479 0.1973
vn 0.9634 -0.1512 0.2215
vn 0.6070 0.6946 -0.3860
vn 0.4420 0.4930 0.7494
vn -0.4386 -0.8052 -0.3991
vn -0.5811 -0.4599 -0.6714
vn -0.2784 0.9172 0.2850
vn -0.4268 0.7351 0.5268
vn 0.5216 0.7666 -0.3745
vn -0.0301 -0.6794 -0.7331
vn 0.3074 0.6475 -0.6973
vn 0.5719 0.6192 -0.5380
vn 0.3038 0.3280 -0.8945
vn 0.7552 0.3852 0.5304
vn -0.2353 -0.3929 -0.8890
vn -0.2675 -0.2765 -0.9230
vn -0.6816 0.2344 -0.6932
vn -0.8066 0.5802 0.1125
vn -0.5788 -0.4473 -0.6819
vn -0.8500 -0.0829 -0.5202
vn -0.9446 -0.3095 0.1091
vn -0.9723 -0.2233 -0.0686
vn 0.0955 0.4978 -0.8620
vn -0.1120 0.8136 -0.5705
vn -0.8694 0.1818 0.4594
vn -0.5084 -0.7974 0.3250
vn -0.8251 0.3130 0.4703
vn -0.4737 0.8249 0.3086
vn -0.6185 0.7789 0.1034
vn 0.8405 0.5153 -0.1675
vn -0.7344 0.6514 0.1904
vn -0.2503 -0.1503 -0.9564
vn -0.7051 -0.3260 -0.6297
vn -0.7938 0.5176 -0.3193
vn -0.6515 0.3032 -0.6955
vn -0.1444 0.4676 -0.8721
vn -0.5394 0.8416 -0.0268
vn -0.1657 0.7746 0.6104
vn -0.1698 0.5168 0.8391
vn 0.2707 0.8428 0.4653
vn 0.1588 0.7650 0.6241
vn -0.4138 0.2688 0.8698
vn -0.6545 0.7543 -0.0519
vn -0.9023 0.3452 -0.2581
vn -0.2141 0.1880 -0.9585
vn 0.2635 0.6334 -0.7276
vn -0.1214 -0.6345 -0.7633
vn -0.2868 0.5693 -0.7705
vn -0.0496 0.8299 0.5556
vn -0.3559 0.8642 0.3557
vn 0.3832 0.7633 0.5202
vn -0.9761 0.1054 0.1900
vn -0.5343 -0.2236 -0.8152
vn -0.6445 0.3243 0.6924
vn -0.1163 0.1908 0.9747
vn -0.9298 -0.3333 0.1563
vn -0.9167 -0.1679 -0.3625
vn -0.8793 -0.3275 0.3457
vn -0.9544 -0.2985 -0.0024
vn -0.4370 -0.7688 -0.4669
vn 0.8324 -0.4832 0.2714
vn -0.3095 -0.9447 0.1083
vn 0.1982 -0.8074 0.5558
vn 0.2181 0.1631 -0.9622
vn 0.5761 -0.5607 0.5948
vn -0.8188 0.1878 0.5425
vn 0.1032 0.0912 -0.9905
vn -0.7689 -0.4299 0.4732
vn -0.7557 -0.3227 -0.5700
vn -0.9642 -0.1403 0.2248
vn 0.9117 -0.0943 0.3998
vn -0.9741 -0.0026 0.2262
vn 0.0912 -0.6166 -0.7820
vn -0.7173 -0.0757 -0.6927
vn -0.1370 0.8034 -0.5795
vn 0.8189 0.1233 -0.5606
vn 0.2958 -0.7482 0.5938
vn -0.2174 -0.8056 -0.5511
vn -0.5429 -0.6456 -0.5371
vn -0.3530 0.3980 -0.8467
vn -0.7329 -0.5900 -0.3387
vn -0.8434 0.0035 -0.5372
vn -0.1713 0.6095 -0.7741
vn -0.5557 0.6075 -0.5676
vn -0.6749 0.7323 -0.0904
vn -0.9010 0.4337 -0.0058
vn -0.8727 0.4584 0.1680
vn -0.5011 0.8047 -0.3184
vn -0.4889 -0.8633 -0.1256
vn -0.5994 -0.3971 0.6950
vn 0.2373 -0.5495 0.8011
vn 0.0898 0.7374 0.6695
vn -0.1165 -0.0197 0.9930
vn 0.0148 -0.7827 0.6222
vn 0.0857 0.8242 0.5597
vn 0.7316 -0.6797 0.0524
vn 0.5194 0.6425 0.5634
vn 0.0341 -0.9626 0.2687
vn -0.3182 -0.2833 0.9047
vn -0.2969 0.7765 0.5558
vn -0.8461 0.2727 0.4579
vn -0.1145 0.4136 0.9032
vn -0.0177 0.9532 0.3019
vn -0.3492 0.9353 -0.0569
vn -0.6691 0.4010 0.6257
vn 0.6410 0.7626 0.0874
vn 0.5334 0.5866 0.6094
vn -0.5801 0.5853 0.5665
vn -0.5297 0.8471 -0.0427
vn -0.9061 0.4180 0.0650
vn -0.6169 0.5608 0.5522
vn -0.6940 0.5698 0.4402
vn -0.5841 0.7685 0.2613
vn 0.1163 -0.0053 0.9932
vn 0.0603 0.9258 0.3732
vn 0.0254 0.9197 0.3918
vn 0.3114 -0.1833 0.9324
vn -0.9327 -0.2162 0.2888
vn -0.9937 0.0985 -0.0538
vn -0.9952 -0.0634 0.0747
vn -0.9736 -0.2237 0.0452
vn -0.1817 -0.0134 -0.9833
vn -0.6091 0.5194 -0.5993
vn -0.9124 0.1200 0.3913
vn -0.8549 0.5163 -0.0514
vn -0.8829 -0.4580 0.1039
vn -0.4212 -0.8053 0.4172
vn -0.5341 -0.7028 0.4698
vn -0.6451 0.5146 0.5648
vn -0.0031 -0.5539 0.8326
vn 0.1065 0.7341 0.6707
vn 0.0616 0.8937 0.4445
vn 0.7433 0.6311 0.2221
vn 0.8598 -0.4828 0.1666
vn 0.6258 0.7752 0.0865
vn 0.8599 0.4797 0.1744
vn 0.8447 0.2554 0.4704
vn 0.4934 0.6259 0.6040
vn -0.0357 0.9078 0.4178
vn -0.3524 0.4637 0.8129
vn 0.0560 -0.0457 0.9974
vn -0.0731 -0.0788 0.9942
vn 0.0730 -0.0666 0.9951
vn 0.0506 -0.7183 0.6939
vn -0.1171 -0.7438 0.6581
vn -0.4163 -0.8513 0.3193
vn -0.3302 -0.8445 0.4216
vn -0.6102 -0.7426 0.2759
vn -0.6792 -0.6670 0.3064
vn -0.9020 -0.4272 0.0626
vn -0.8938 -0.1792 0.4110
vn -0.8758 0.4050 0.2626
vn -0.5476 0.8332 0.0762
vn -0.5938 0.7497 -0.2922
vn -0.3157 0.8682 -0.3829
vn -0.8693 0.2192 -0.4431
vn -0.6824 -0.3054 -0.6641
vn -0.6980 -0.6643 -0.2674
vn -0.8291 -0.3307 0.4508
vn -0.6566 0.7537 0.0294
vn -0.5346 0.8430 -0.0592
vn 0.7828 -0.0265 0.6218
vn 0.6957 -0.1039 0.7108
vn 0.7728 0.4459 0.4516
vn 0.7349 0.6245 0.2646
vn 0.3182 0.8183 0.4787
vn -0.1759 0.2314 0.9568
vn -0.9762 0.1943 0.0966
vn -0.6505 0.5651 -0.5075
vn 0.0995 0.3550 -0.9296
vn -0.4483 0.6645 -0.5979
vn -0.3623 0.7500 -0.5533
vn -0.6054 0.5119 -0.6095
vn 0.3309 -0.4050 0.8524
vn 0.6660 0.6333 0.3941
vn 0.8785 0.4769 0.0284
vn 0.5981 0.8011 0.0226
vn 0.9469 0.3187 0.0424
vn 0.8456 -0.3178 0.4290
vn -0.0353 -0.9387 0.3429
vn -0.5293 -0.3027 0.7926
vn -0.4850 -0.3691 0.7928
vn -0.5865 -0.3671 0.7220
vn -0.8014 0.3064 0.5137
vn -0.4270 0.4044 0.8087
vn 0.4725 0.8623 0.1822
vn 0.4415 0.8953 -0.0590
vn 0.3086 0.8987 -0.3117
vn 0.1436 0.9461 -0.2903
vn -0.0111 0.9979 -0.0641
vn -0.1166 0.9818 -0.1498
vn -0.1444 0.8657 -0.4794
vn -0.3459 0.2873 -0.8932
vn -0.6720 0.4450 -0.5919
vn -0.4090 -0.4454 -0.7965
vn -0.5590 -0.6371 -0.5307
vn -0.8071 -0.5896 0.0293
vn -0.5348 0.6321 -0.5607
vn -0.0790 0.9954 -0.0548
vn 0.0317 0.8964 0.4422
vn 0.6630 -0.3179 0.6777
vn 0.0266 0.8201 0.5716
vn -0.0577 0.1049 0.9928
vn -0.0613 0.1438 0.9877
vn 0.5907 0.5823 0.5585
vn 0.1288 0.1692 0.9771
vn 0.8005 0.2028 0.5639
vn -0.0907 0.5469 0.8323
vn -0.7156 0.3774 0.5878
vn -0.5491 0.1680 0.8187
vn -0.8214 0.5302 0.2103
vn -0.4659 0.6716 0.5762
vn 0.1282 0.1700 0.9771
vn 0.7173 0.2613 0.6460
vn 0.9568 0.2481 0.1513
vn 0.1492 0.6747 0.7229
vn 0.4794 0.4799 0.7347
vn 0.7607 0.2049 0.6159
vn -0.0098 -0.3000 0.9539
vn 0.2240 -0.4267 0.8762
vn -0.9955 -0.0700 0.0646
vn -0.9842 0.0910 -0.1519
vn -0.9803 0.1969 -0.0183
vn -0.9801 0.1714 0.0996
vn -0.9756 0.1244 0.1807
vn -0.4106 0.7584 -0.5062
vn 0.6125 -0.7904 0.0124
vn 0.9825 0.1855 0.0159
vn 0.3161 0.9338 -0.1673
vn 0.8934 0.2987 -0.3356
vn 0.6148 -0.0056 -0.7886
vn 0.6800 -0.5153 -0.5216
vn 0.5668 -0.6349 -0.5250
vn 0.8009 -0.5972 0.0443
vn 0.6363 -0.6636 -0.3934
vn 0.0028 -0.4874 0.8732
vn 0.3319 -0.5243 0.7842
vn -0.0027 0.1856 0.9826
vn 0.4402 0.3047 0.8446
vn 0.2013 0.9224 0.3297
vn 0.4837 0.8304 -0.2764
vn 0.0410 0.8783 -0.4764
vn 0.0912 0.3637 -0.9270
vn 0.0585 -0.1279 -0.9901
vn -0.2940 -0.1952 -0.9357
vn -0.3551 -0.3943 -0.8476
vn 0.0181 -0.6284 -0.7777
vn -0.4954 -0.7470 -0.4433
vn -0.4926 0.7586 -0.4264
vn 0.0264 0.9990 0.0352
vn -0.2034 0.2956 -0.9334
vn 0.1849 0.2144 -0.9591
vn 0.8067 -0.5017 -0.3124
vn 0.8455 -0.5284 -0.0768
vn 0.8757 -0.4085 0.2574
vn 0.7087 -0.1595 0.6872
vn 0.4142 -0.2061 0.8866
vn 0.0518 -0.2630 0.9634
vn 0.7331 0.2271 0.6411
vn 0.8739 0.4556 -0.1695
vn 0.7083 0.4748 -0.5224
vn 0.4972 0.3735 -0.7831
vn 0.4564 -0.1313 -0.8800
vn 0.3696 -0.5907 -0.7173
vn -0.0008 -0.9085 -0.4179
vn -0.2461 -0.1627 -0.9555
vn 0.6543 -0.4735 -0.5897
vn 0.8835 0.3731 0.2831
vn 0.6096 0.0423 -0.7915
vn -0.5944 0.0050 -0.8042
vn 0.3892 0.7134 -0.5827
vn 0.9597 0.2782 0.0396
vn 0.8246 -0.4576 -0.3327
vn 0.0820 -0.9936 0.0782
vn 0.2334 -0.9708 -0.0558
vn -0.1873 -0.5569 0.8092
vn 0.9742 -0.1150 0.1939
vn -0.0353 0.4299 0.9022
vn -0.0207 0.9635 -0.2670
vn -0.4890 0.7859 -0.3784
vn -0.7001 0.6166 0.3601
vn -0.8495 -0.2479 0.4657
vn -0.9830 -0.1741 0.0589
vn -0.7119 -0.6425 0.2837
vn -0.8040 -0.4936 0.3316
vn -0.1147 0.4489 -0.8862
vn 0.6936 0.6597 0.2893
vn 0.8255 0.5406 -0.1622
vn 0.2272 0.8969 -0.3794
vn 0.0823 0.3341 -0.9389
vn 0.6480 0.6534 -0.3914
vn 0.5820 0.4743 -0.6605
vn -0.0693 -0.3537 -0.9328
vn -0.4873 -0.5368 -0.6887
vn 0.2987 -0.4269 -0.8535
vn 0.1747 0.1088 -0.9786
vn 0.6194 0.1666 -0.7672
vn 0.2260 0.1857 -0.9562
vn -0.0893 0.1098 -0.9899
vn 0.4440 0.4814 -0.7557
vn 0.1635 0.8023 -0.5740
vn 0.4128 -0.5822 -0.7004
vn 0.2111 0.7020 -0.6802
vn 0.8396 -0.4290 -0.3332
vn 0.4220 -0.6333 -0.6487
vn 0.2555 0.1675 -0.9522
vn -0.1752 0.1087 -0.9785
vn -0.0316 0.0021 -0.9995
vn 0.7044 0.3151 0.6360
vn 0.4885 0.8297 -0.2700
vn 0.5450 0.6324 0.5504
vn -0.8255 -0.3001 -0.4780
vn -0.8515 0.4663 -0.2400
vn -0.8232 0.2232 -0.5221
vn -0.8467 0.5028 -0.1741
vn -0.9134 -0.3419 0.2209
vn -0.6188 -0.3688 0.6936
vn -0.8654 0.1519 0.4776
vn -0.7615 0.1216 0.6367
vn -0.9928 -0.0735 -0.0940
vn -0.7295 0.5098 0.4561
vn -0.4616 0.8385 0.2894
vn 0.0350 0.3899 -0.9202
vn 0.9057 0.4129 -0.0962
vn -0.6590 0.3908 -0.6426
vn -0.6173 0.5346 0.5772
vn -0.5746 0.5010 -0.6472
vn 0.6363 0.6210 -0.4577
vn 0.5889 0.5411 -0.6004
vn -0.1317 0.7468 -0.6519
vn -0.3147 0.9492 0.0035
vn 0.0330 0.9977 0.0597
vn 0.5949 0.8037 0.0142
vn 0.6762 0.7355 0.0429
vn 0.9302 0.3542 -0.0958
vn -0.0243 0.9992 0.0311
vn 0.2197 0.6548 -0.7232
vn 0.7899 0.6106 -0.0571
vn 0.1131 -0.0979 -0.9888
vn -0.6494 0.0439 -0.7592
vn 0.1442 0.9454 0.2922
vn 0.7873 0.5142 0.3402
vn 0.7855 0.5803 -0.2150
vn 0.2126 0.9067 -0.3643
vn 0.6396 -0.5527 0.5343
vn 0.7519 0.3139 0.5798
vn 0.8153 0.2686 0.5130
vn 0.6425 0.3545 -0.6794
vn 0.3152 0.8848 -0.3433
vn 0.0904 0.6285 -0.7726
vn 0.5224 0.8294 -0.1979
vn 0.7749 -0.3400 -0.5328
vn 0.6465 0.6164 0.4496
vn 0.5077 -0.8447 0.1697
vn -0.3525 -0.5363 0.7669
vn -0.6790 0.3240 0.6588
vn 0.1623 0.6202 0.7675
vn -0.0387 0.6887 0.7240
vn -0.3781 -0.3687 -0.8492
vn 0.0854 -0.5622 -0.8226
vn -0.4847 0.1320 -0.8647
vn -0.7888 0.6111 -0.0662
vn 0.2182 -0.1445 0.9651
vn 0.1550 0.4514 0.8788
vn 0.4601 -0.4183 0.7832
vn 0.2267 -0.9720 0.0620
vn 0.7688 -0.2569 0.5856
vn 0.5617 0.8169 0.1314
vn 0.1831 0.9088 0.3749
vn -0.0884 -0.3682 0.9255
vn -0.8966 0.3624 0.2545
vn -0.7577 0.6505 -0.0530
vn 0.3734 0.8968 -0.2371
vn 0.3885 0.8068 0.4452
vn 0.3369 -0.2812 0.8986
vn 0.8490 0.2584 0.4609
vn 0.9351 0.2005 -0.2923
vn 0.1522 0.2437 -0.9578
vn 0.1171 -0.4951 -0.8609
vn -0.4688 0.5110 -0.7205
vn -0.1953 -0.1096 0.9746
vn 0.7295 -0.6839 -0.0109
vn -0.0896 0.7471 -0.6587
vn 0.8823 -0.2112 0.4206
vn 0.8878 -0.2594 -0.3802
vn 0.7710 0.2583 0.5822
vn 0.0974 -0.3456 0.9333
vn -0.4112 0.2252 0.8833
vn -0.8139 0.1316 0.5659
vn 0.0440 -0.1460 0.9883
vn 0.6544 -0.4291 -0.6226
vn 0.6853 -0.3154 -0.6564
vn -0.0839 0.5046 0.8593
vn 0.5803 0.6841 0.4419
vn -0.3105 -0.3343 -0.8899
vn -0.8702 -0.1592 -0.4662
vn -0.9463 0.0107 0.3232
vn -0.8858 -0.4634 -0.0245
vn -0.1294 -0.9895 0.0650
vn -0.7348 -0.1465 0.6623
vn 0.1059 -0.4650 0.8790
vn 0.6496 -0.6136 0.4489
vn -0.0220 0.9997 -0.0043
vn -0.7022 -0.4820 -0.5239
vn -0.0334 0.9994 -0.0012
vn -0.2495 0.9683 -0.0119
vn -0.2600 0.7025 -0.6625
vn -0.4875 -0.6149 0.6199
vn -0.7028 -0.2886 -0.6502
vn -0.9423 0.1463 -0.3012
vn -0.2604 -0.1850 -0.9476
vn 0.2259 -0.3977 -0.8893
vn 0.2536 0.7077 0.6595
vn -0.5874 -0.6736 0.4486
vn -0.2093 -0.9579 -0.1965
vn 0.8178 0.0657 0.5717
vn -0.4677 0.6135 0.6363
vn -0.5481 0.4606 -0.6982
vn 0.6713 -0.1261 -0.7303
vt 0.144434 0.726986
vt 0.132576 0.739970
vt 0.113739 0.725983
vt 0.637984 0.030722
vt 0.636085 0.016111
vt 0.647969 0.032840
vt 0.088110 0.736058
vt 0.111982 0.712571
vt 0.640339 0.052379
vt 0.954501 0.683547
vt 0.971377 0.701851
vt 0.952724 0.700543
vt 0.661935 0.028469
vt 0.652852 0.060491
vt 0.897323 0.059540
vt 0.910682 0.061230
vt 0.908958 0.072970
vt 0.943859 0.687763
vt 0.931851 0.693794
vt 0.076227 0.727459
vt 0.889037 0.047094
vt 0.902216 0.046548
vt 0.897075 0.261219
vt 0.892844 0.265738
vt 0.892325 0.248845
vt 0.896263 0.032447
vt 0.930583 0.739944
vt 0.931997 0.751133
vt 0.926369 0.747274
vt 0.204159 0.292545
vt 0.215289 0.268587
vt 0.228332 0.276490
vt 0.904582 0.042980
vt 0.951769 0.740569
vt 0.950722 0.752717
vt 0.943446 0.754974
vt 0.931888 0.707084
vt 0.937865 0.715962
vt 0.931882 0.713748
vt 0.933860 0.728564
vt 0.935489 0.724734
vt 0.944364 0.729586
vt 0.486721 0.697707
vt 0.483521 0.700782
vt 0.479759 0.695890
vt 0.937886 0.719975
vt 0.874342 0.252378
vt 0.873973 0.230126
vt 0.866971 0.241810
vt 0.039739 0.735474
vt 0.029930 0.723964
vt 0.074338 0.693751
vt 0.233491 0.291854
vt 0.216484 0.295482
vt 0.894769 0.275247
vt 0.898222 0.285685
vt 0.891159 0.293839
vt 0.477969 0.704067
vt 0.474408 0.706480
vt 0.466551 0.694574
vt 0.476454 0.687651
vt 0.206552 0.318548
vt 0.442877 0.057367
vt 0.430125 0.052758
vt 0.441440 0.052556
vt 0.424647 0.061324
vt 0.476449 0.720013
vt 0.477917 0.711523
vt 0.479106 0.720103
vt 0.472403 0.718704
vt 0.954015 0.730996
vt 0.953986 0.719952
vt 0.907672 0.018883
vt 0.898529 0.016378
vt 0.476938 0.722738
vt 0.906266 0.007148
vt 0.901774 0.010732
vt 0.457286 0.705257
vt 0.197919 0.958420
vt 0.195018 0.967110
vt 0.196118 0.955432
vt 0.206723 0.957670
vt 0.200110 0.952514
vt 0.198656 0.932540
vt 0.608401 0.931847
vt 0.605333 0.934850
vt 0.575190 0.943021
vt 0.606066 0.930316
vt 0.424484 0.070824
vt 0.426326 0.054350
vt 0.869659 0.253675
vt 0.882657 0.021991
vt 0.884784 0.006654
vt 0.895050 0.010760
vt 0.831833 0.239682
vt 0.829651 0.228456
vt 0.845797 0.229925
vt 0.547355 0.975681
vt 0.544049 0.976071
vt 0.563087 0.944741
vt 0.564810 0.948109
vt 0.536962 0.977759
vt 0.554055 0.946989
vt 0.540107 0.977172
vt 0.174224 0.943497
vt 0.453906 0.718249
vt 0.464615 0.721236
vt 0.831402 0.247642
vt 0.840631 0.256311
vt 0.820075 0.246359
vt 0.208632 0.901590
vt 0.191675 0.901998
vt 0.202291 0.891253
vt 0.437288 0.097160
vt 0.428674 0.104555
vt 0.426043 0.094730
vt 0.443492 0.704681
vt 0.443575 0.685038
vt 0.086775 0.023220
vt 0.091234 0.020747
vt 0.092940 0.030739
vt 0.082443 0.023326
vt 0.857770 0.002336
vt 0.834815 0.030756
vt 0.833416 0.019626
vt 0.773610 0.662569
vt 0.770329 0.644749
vt 0.775473 0.658037
vt 0.766587 0.689023
vt 0.574992 0.941425
vt 0.783945 0.714477
vt 0.779003 0.729228
vt 0.772370 0.713238
vt 0.826641 0.015593
vt 0.574156 0.946132
vt 0.550281 0.939775
vt 0.551461 0.939780
vt 0.564694 0.939304
vt 0.177585 0.903622
vt 0.179763 0.900201
vt 0.181074 0.916604
vt 0.213081 0.923425
vt 0.196221 0.916857
vt 0.546835 0.930647
vt 0.539599 0.926218
vt 0.777845 0.739072
vt 0.836793 0.277113
vt 0.817718 0.283402
vt 0.817736 0.297706
vt 0.822255 0.304117
vt 0.143536 0.955059
vt 0.145994 0.958297
vt 0.137127 0.958040
vt 0.143575 0.946354
vt 0.157666 0.933642
vt 0.160186 0.957587
vt 0.176528 0.346988
vt 0.164193 0.353925
vt 0.152507 0.348660
vt 0.846634 0.293639
vt 0.139413 0.958956
vt 0.145182 0.356552
vt 0.136997 0.370933
vt 0.128337 0.370299
vt 0.737343 0.686136
vt 0.726510 0.684601
vt 0.724676 0.667897
vt 0.727431 0.700628
vt 0.732864 0.693709
vt 0.742783 0.698597
vt 0.721967 0.688663
vt 0.318911 0.307202
vt 0.343013 0.313011
vt 0.305566 0.314234
vt 0.343591 0.304769
vt 0.626094 0.138561
vt 0.628447 0.150963
vt 0.611787 0.147946
vt 0.529865 0.111702
vt 0.634352 0.103360
vt 0.715723 0.710134
vt 0.604255 0.155563
vt 0.621587 0.168334
vt 0.583741 0.161634
vt 0.557734 0.150487
vt 0.536446 0.139397
vt 0.532092 0.147532
vt 0.518924 0.124691
vt 0.438807 0.817730
vt 0.418904 0.817300
vt 0.419735 0.812385
vt 0.350770 0.359103
vt 0.340767 0.348197
vt 0.362837 0.349598
vt 0.579590 0.689585
vt 0.622525 0.661608
vt 0.610779 0.694820
vt 0.388998 0.797943
vt 0.430182 0.789439
vt 0.386869 0.821901
vt 0.529418 0.158845
vt 0.511145 0.131651
vt 0.631609 0.227186
vt 0.638057 0.219674
vt 0.641990 0.227186
vt 0.628386 0.219254
vt 0.583963 0.231250
vt 0.588072 0.243739
vt 0.589913 0.254502
vt 0.594271 0.231654
vt 0.591192 0.242804
vt 0.359817 0.751122
vt 0.318097 0.738523
vt 0.344585 0.733057
vt 0.177554 0.868738
vt 0.197540 0.884926
vt 0.173609 0.885618
vt 0.161781 0.865911
vt 0.182392 0.859909
vt 0.363886 0.805759
vt 0.371849 0.797436
vt 0.374382 0.811905
vt 0.233895 0.563610
vt 0.248515 0.575828
vt 0.221260 0.590441
vt 0.551866 0.230748
vt 0.565766 0.236085
vt 0.531409 0.228927
vt 0.555122 0.243147
vt 0.545906 0.240648
vt 0.508722 0.014272
vt 0.513614 0.018979
vt 0.497495 0.024526
vt 0.266492 0.569782
vt 0.245563 0.565802
vt 0.262785 0.560349
vt 0.641405 0.968226
vt 0.639873 0.955254
vt 0.655899 0.968881
vt 0.274442 0.576023
vt 0.248616 0.596896
vt 0.607865 0.587695
vt 0.614452 0.578497
vt 0.618897 0.598639
vt 0.256481 0.629122
vt 0.876101 0.561080
vt 0.888420 0.568242
vt 0.875512 0.582343
vt 0.128840 0.841989
vt 0.139511 0.887883
vt 0.151073 0.852015
vt 0.062377 0.894802
vt 0.048750 0.889188
vt 0.053285 0.879379
vt 0.819142 0.742053
vt 0.820597 0.771951
vt 0.812228 0.752331
vt 0.837076 0.743641
vt 0.825463 0.728087
vt 0.835297 0.740981
vt 0.209475 0.006650
vt 0.212570 0.002457
vt 0.214413 0.005528
vt 0.213246 0.008855
vt 0.711808 0.525706
vt 0.707215 0.543689
vt 0.703472 0.530706
vt 0.267606 0.627342
vt 0.601181 0.242311
vt 0.585953 0.281965
vt 0.586616 0.270541
vt 0.241150 0.757120
vt 0.244419 0.731684
vt 0.252075 0.755138
vt 0.706565 0.512253
vt 0.710921 0.516504
vt 0.714222 0.519776
vt 0.098572 0.945600
vt 0.100273 0.947667
vt 0.095299 0.945453
vt 0.205622 0.477475
vt 0.215490 0.485655
vt 0.196172 0.488392
vt 0.199590 0.483770
vt 0.370298 0.044505
vt 0.370348 0.028586
vt 0.395739 0.049919
vt 0.374596 0.051314
vt 0.363788 0.078115
vt 0.100290 0.949436
vt 0.096118 0.949312
vt 0.090761 0.937863
vt 0.099742 0.940668
vt 0.087541 0.919484
vt 0.098511 0.921283
vt 0.101608 0.935441
vt 0.092068 0.951748
vt 0.080884 0.948380
vt 0.250028 0.731455
vt 0.901410 0.534305
vt 0.907158 0.534555
vt 0.899182 0.550611
vt 0.429278 0.026264
vt 0.439966 0.020372
vt 0.445073 0.033539
vt 0.430560 0.017618
vt 0.419272 0.044509
vt 0.409813 0.090521
vt 0.098422 0.822662
vt 0.094966 0.843826
vt 0.086422 0.839696
vt 0.239870 0.914373
vt 0.274749 0.897541
vt 0.265085 0.901583
vt 0.234820 0.912520
vt 0.100404 0.433825
vt 0.090483 0.447885
vt 0.082167 0.439289
vt 0.096893 0.411987
vt 0.073916 0.466526
vt 0.074396 0.476577
vt 0.066480 0.470107
vt 0.068323 0.466740
vt 0.071861 0.461520
vt 0.919457 0.282587
vt 0.969593 0.279090
vt 0.940993 0.301620
vt 0.940076 0.265239
vt 0.539411 0.893691
vt 0.562305 0.906913
vt 0.535048 0.905197
vt 0.525952 0.908228
vt 0.521463 0.881266
vt 0.701876 0.564934
vt 0.694495 0.554339
vt 0.711589 0.553745
vt 0.316674 0.558822
vt 0.342061 0.562544
vt 0.329294 0.600626
vt 0.774880 0.843034
vt 0.764962 0.831548
vt 0.794209 0.836447
vt 0.352268 0.084764
vt 0.328700 0.088368
vt 0.345086 0.072464
vt 0.628979 0.338171
vt 0.628183 0.330227
vt 0.634046 0.337066
vt 0.731975 0.432501
vt 0.743699 0.457291
vt 0.739547 0.465957
vt 0.719042 0.440581
vt 0.230583 0.010663
vt 0.224310 0.017696
vt 0.221731 0.009613
vt 0.237701 0.011374
vt 0.486155 0.913692
vt 0.480138 0.887663
vt 0.770796 0.455956
vt 0.711348 0.428193
vt 0.384926 0.085558
vt 0.717452 0.466672
vt 0.305340 0.907414
vt 0.292370 0.896542
vt 0.313017 0.899994
vt 0.582033 0.480671
vt 0.576607 0.500549
vt 0.567665 0.480728
vt 0.338005 0.112352
vt 0.327768 0.103812
vt 0.382157 0.109688
vt 0.499704 0.862471
vt 0.698431 0.458263
vt 0.690634 0.420006
vt 0.506174 0.945794
vt 0.491620 0.944640
vt 0.513176 0.920626
vt 0.105342 0.398389
vt 0.120408 0.396975
vt 0.112893 0.411509
vt 0.744213 0.478071
vt 0.820290 0.425662
vt 0.817216 0.437329
vt 0.807983 0.441274
vt 0.278015 0.207493
vt 0.253644 0.197815
vt 0.271069 0.192800
vt 0.282060 0.222447
vt 0.526081 0.989728
vt 0.512413 0.972280
vt 0.529650 0.970991
vt 0.639212 0.816563
vt 0.667879 0.797019
vt 0.653050 0.822537
vt 0.144940 0.407685
vt 0.136137 0.406150
vt 0.137264 0.393317
vt 0.161699 0.399066
vt 0.149926 0.437696
vt 0.703516 0.469198
vt 0.320713 0.905790
vt 0.127362 0.391592
vt 0.688743 0.494888
vt 0.503262 0.981568
vt 0.486060 0.946469
vt 0.480751 0.949718
vt 0.471901 0.956380
vt 0.379273 0.345682
vt 0.378806 0.331490
vt 0.392500 0.326322
vt 0.818618 0.405813
vt 0.809596 0.403693
vt 0.758656 0.787874
vt 0.727015 0.792934
vt 0.742327 0.789142
vt 0.843876 0.853676
vt 0.827724 0.856773
vt 0.955968 0.464865
vt 0.954929 0.468229
vt 0.951315 0.452241
vt 0.378865 0.352530
vt 0.388540 0.350778
vt 0.960234 0.157923
vt 0.948046 0.165275
vt 0.947310 0.144662
vt 0.130448 0.388030
vt 0.942057 0.167611
vt 0.018870 0.584832
vt 0.032437 0.584196
vt 0.018710 0.590675
vt 0.003126 0.589472
vt 0.816473 0.398261
vt 0.524175 0.038856
vt 0.531236 0.048513
vt 0.523749 0.049716
vt 0.933001 0.629402
vt 0.976276 0.635586
vt 0.912722 0.633068
vt 0.072117 0.380802
vt 0.077911 0.366698
vt 0.083756 0.381841
vt 0.082126 0.388756
vt 0.068540 0.403367
vt 0.066454 0.385072
vt 0.064211 0.412280
vt 0.061901 0.403171
vt 0.068463 0.415925
vt 0.238335 0.201288
vt 0.231436 0.198519
vt 0.248148 0.196999
vt 0.941517 0.128934
vt 0.961482 0.142542
vt 0.970791 0.175273
vt 0.971509 0.178470
vt 0.914009 0.623085
vt 0.383214 0.314631
vt 0.756240 0.548079
vt 0.761920 0.564816
vt 0.747012 0.550015
vt 0.699109 0.501588
vt 0.686002 0.535787
vt 0.661204 0.513852
vt 0.343462 0.929177
vt 0.304775 0.917381
vt 0.347722 0.921128
vt 0.954755 0.181060
vt 0.785043 0.417823
vt 0.796304 0.438430
vt 0.780302 0.420552
vt 0.788189 0.411573
vt 0.963780 0.202949
vt 0.630954 0.371520
vt 0.645316 0.386410
vt 0.644867 0.388467
vt 0.941386 0.182381
vt 0.122770 0.581199
vt 0.115137 0.593713
vt 0.100749 0.587731
vt 0.111208 0.579752
vt 0.938231 0.168244
vt 0.936586 0.166683
vt 0.052896 0.584664
vt 0.675543 0.417968
vt 0.654435 0.417486
vt 0.672040 0.405552
vt 0.780124 0.414274
vt 0.410812 0.340627
vt 0.398164 0.347667
vt 0.935658 0.174772
vt 0.197604 0.557880
vt 0.238586 0.549076
vt 0.243981 0.561947
vt 0.409419 0.350824
vt 0.413752 0.345635
vt 0.925938 0.916019
vt 0.921459 0.920317
vt 0.919661 0.901376
vt 0.416471 0.324431
vt 0.317495 0.225266
vt 0.319715 0.196889
vt 0.331287 0.219380
vt 0.287718 0.158519
vt 0.273863 0.162240
vt 0.284049 0.147138
vt 0.354021 0.386690
vt 0.339289 0.401078
vt 0.341609 0.385673
vt 0.950474 0.187621
vt 0.953730 0.190674
vt 0.919720 0.918404
vt 0.426581 0.341957
vt 0.598782 0.501532
vt 0.606526 0.496808
vt 0.605180 0.500758
vt 0.241693 0.165689
vt 0.246767 0.143861
vt 0.261822 0.165540
vt 0.801016 0.696003
vt 0.816003 0.689926
vt 0.810229 0.702357
vt 0.748008 0.560442
vt 0.760788 0.570791
vt 0.621692 0.494928
vt 0.608493 0.487301
vt 0.626111 0.488012
vt 0.351552 0.415438
vt 0.378234 0.407669
vt 0.319198 0.188987
vt 0.643664 0.401066
vt 0.650153 0.393304
vt 0.661838 0.393228
vt 0.233833 0.176567
vt 0.230698 0.193704
vt 0.592183 0.500274
vt 0.595395 0.493940
vt 0.150644 0.584197
vt 0.168951 0.583944
vt 0.156936 0.591474
vt 0.253911 0.128308
vt 0.264353 0.156533
vt 0.356143 0.451061
vt 0.329129 0.431943
vt 0.303661 0.193543
vt 0.300715 0.188526
vt 0.805495 0.684061
vt 0.807105 0.672823
vt 0.819428 0.678201
vt 0.652820 0.387769
vt 0.640643 0.400886
vt 0.640426 0.395236
vt 0.169977 0.563048
vt 0.149635 0.542797
vt 0.252394 0.977511
vt 0.241375 0.968391
vt 0.255652 0.956755
vt 0.274373 0.978304
vt 0.300464 0.221577
vt 0.292815 0.236005
vt 0.925917 0.065339
vt 0.927764 0.082565
vt 0.920920 0.085809
vt 0.181226 0.791679
vt 0.174918 0.789109
vt 0.180140 0.781343
vt 0.352080 0.539442
vt 0.369246 0.521208
vt 0.363421 0.545197
vt 0.262007 0.125888
vt 0.251501 0.097983
vt 0.075126 0.571165
vt 0.311319 0.176159
vt 0.059524 0.594924
vt 0.051613 0.597038
vt 0.499149 0.062067
vt 0.502451 0.054161
vt 0.517641 0.072962
vt 0.062154 0.826518
vt 0.081792 0.822961
vt 0.078458 0.828185
vt 0.247526 0.939817
vt 0.244373 0.946155
vt 0.172453 0.587525
vt 0.935488 0.069572
vt 0.064215 0.580679
vt 0.067628 0.561718
vt 0.214550 0.785741
vt 0.200677 0.798576
vt 0.203024 0.783525
vt 0.035015 0.386366
vt 0.040220 0.390846
vt 0.027685 0.395685
vt 0.021350 0.391337
vt 0.932330 0.079125
vt 0.338276 0.501829
vt 0.331985 0.523214
vt 0.350600 0.488900
vt 0.344380 0.490012
vt 0.842737 0.657818
vt 0.797537 0.906233
vt 0.804923 0.894404
vt 0.813182 0.897625
vt 0.003653 0.341139
vt 0.011695 0.326785
vt 0.032161 0.342482
vt 0.376332 0.423402
vt 0.372137 0.464647
vt 0.288208 0.119817
vt 0.275103 0.112953
vt 0.394890 0.434075
vt 0.390963 0.442467
vt 0.052600 0.404811
vt 0.044679 0.057591
vt 0.046745 0.070269
vt 0.034442 0.058049
vt 0.834908 0.378937
vt 0.846144 0.389037
vt 0.833959 0.384196
vt 0.118819 0.918383
vt 0.106867 0.928846
vt 0.105209 0.913868
vt 0.857735 0.552285
vt 0.837515 0.597167
vt 0.851201 0.531800
vt 0.946992 0.775286
vt 0.946880 0.802110
vt 0.932598 0.792732
vt 0.970579 0.796129
vt 0.379765 0.483629
vt 0.841152 0.701827
vt 0.825670 0.688490
vt 0.844356 0.691781
vt 0.817715 0.888416
vt 0.259066 0.090961
vt 0.267378 0.071951
vt 0.272071 0.080345
vt 0.832607 0.392011
vt 0.836635 0.401272
vt 0.345187 0.854289
vt 0.357169 0.849896
vt 0.356688 0.884941
vt 0.344355 0.836069
vt 0.134129 0.898994
vt 0.139379 0.900135
vt 0.135384 0.923254
vt 0.038293 0.331844
vt 0.041359 0.345121
vt 0.856259 0.661533
vt 0.860757 0.672399
vt 0.039710 0.814970
vt 0.025256 0.807427
vt 0.042477 0.803886
vt 0.121615 0.078057
vt 0.092460 0.065027
vt 0.103684 0.046758
vt 0.130639 0.067466
vt 0.150912 0.091238
vt 0.872776 0.391669
vt 0.864714 0.416877
vt 0.859506 0.384686
vt 0.857372 0.536113
vt 0.594989 0.814944
vt 0.573101 0.824534
vt 0.574264 0.811261
vt 0.623418 0.822563
vt 0.949480 0.972129
vt 0.943942 0.968373
vt 0.961449 0.964927
vt 0.039913 0.454830
vt 0.028851 0.445065
vt 0.044954 0.446346
vt 0.848226 0.634120
vt 0.856716 0.623617
vt 0.863859 0.633585
vt 0.871918 0.383620
vt 0.910998 0.838941
vt 0.903073 0.838185
vt 0.899378 0.831973
vt 0.861883 0.644601
vt 0.874393 0.666638
vt 0.883899 0.684200
vt 0.865550 0.695935
vt 0.906481 0.655531
vt 0.898786 0.665626
vt 0.892682 0.664380
vt 0.891517 0.634931
vt 0.941021 0.013374
vt 0.942909 0.024577
vt 0.934219 0.020688
vt 0.838927 0.625195
vt 0.841412 0.619819
vt 0.839110 0.894957
vt 0.834197 0.874183
vt 0.850009 0.884378
vt 0.019157 0.007251
vt 0.038880 0.009693
vt 0.003874 0.034052
vt 0.006741 0.016991
vt 0.854688 0.911078
vt 0.851505 0.895882
vt 0.877940 0.372019
vt 0.882129 0.374334
vt 0.883426 0.382701
vt 0.532031 0.821751
vt 0.510301 0.819706
vt 0.528163 0.813936
vt 0.901906 0.673977
vt 0.969243 0.817420
vt 0.573400 0.804430
vt 0.573965 0.793279
vt 0.562132 0.827868
vt 0.517987 0.345972
vt 0.496351 0.343900
vt 0.517306 0.336367
vt 0.882825 0.713377
vt 0.895898 0.704428
vt 0.986659 0.799133
vt 0.978014 0.772026
vt 0.284579 0.055428
vt 0.297933 0.069006
vt 0.284654 0.068803
vt 0.853495 0.875144
vt 0.905854 0.768381
vt 0.914517 0.775957
vt 0.922598 0.790361
vt 0.499759 0.820693
vt 0.499212 0.806191
vt 0.922863 0.811472
vt 0.922034 0.821335
vt 0.896629 0.826597
vt 0.880694 0.815052
vt 0.943471 0.569226
vt 0.919546 0.537593
vt 0.947952 0.538774
vt 0.910473 0.754386
vt 0.920176 0.748503
vt 0.918928 0.756763
vt 0.884264 0.795121
vt 0.914763 0.766472
vt 0.827665 0.501257
vt 0.835319 0.480339
vt 0.847336 0.490247
vt 0.412923 0.478323
vt 0.434552 0.490464
vt 0.432554 0.496216
vt 0.432567 0.928439
vt 0.431259 0.938920
vt 0.425635 0.942533
vt 0.907443 0.527148
vt 0.939953 0.514646
vt 0.869820 0.814243
vt 0.862773 0.820441
vt 0.861610 0.820974
vt 0.445457 0.942445
vt 0.439382 0.947021
vt 0.518548 0.793226
vt 0.506106 0.791278
vt 0.561483 0.778958
vt 0.435875 0.947255
vt 0.435903 0.947486
vt 0.436512 0.948770
vt 0.676231 0.191104
vt 0.681410 0.191698
vt 0.679316 0.195747
vt 0.159950 0.292096
vt 0.155969 0.280751
vt 0.161714 0.283805
vt 0.863172 0.822921
vt 0.871426 0.826511
vt 0.185681 0.257987
vt 0.177741 0.263356
vt 0.181546 0.252772
vt 0.164705 0.285261
vt 0.166802 0.278964
vt 0.321710 0.037220
vt 0.321178 0.042241
vt 0.320355 0.029352
vt 0.889762 0.846031
vt 0.880838 0.838888
vt 0.892190 0.844196
vt 0.785485 0.488901
vt 0.820312 0.491020
vt 0.782300 0.497424
vt 0.656750 0.185801
vt 0.162631 0.243352
vt 0.316069 0.004815
vt 0.307792 0.007466
vt 0.305297 0.002549
vt 0.676736 0.237193
vt 0.671082 0.237731
vt 0.679678 0.228731
vt 0.538739 0.437451
vt 0.471494 0.510044
vt 0.478062 0.514885
vt 0.086305 0.234512
vt 0.083271 0.210683
vt 0.095816 0.226411
vt 0.073931 0.241263
vt 0.047869 0.221159
vt 0.037046 0.239990
vt 0.026526 0.225092
vt 0.124682 0.585288
vt 0.542244 0.498860
vt 0.479020 0.531688
vt 0.540911 0.491553
vt 0.023903 0.234548
vt 0.028983 0.216883
vt 0.085049 0.074564
vt 0.135716 0.144242
vt 0.211067 0.430036
vt 0.204936 0.425536
vt 0.218892 0.385499
vt 0.208836 0.451162
vt 0.192682 0.452082
vt 0.402990 0.106867
vt 0.327167 0.097553
vt 0.320986 0.077755
vt 0.322357 0.074173
vt 0.046479 0.901540
vt 0.341358 0.063259
vt 0.345371 0.031094
vt 0.078081 0.930882
vt 0.029205 0.911535
vt 0.005816 0.891398
vt 0.028380 0.871750
vt 0.052177 0.867381
vt 0.060382 0.873210
vt 0.059566 0.857278
vt 0.168472 0.439164
vt 0.169503 0.452411
vt 0.113638 0.466646
vt 0.107229 0.458135
vt 0.121069 0.446042
vt 0.434294 0.003255
vt 0.517810 0.240780
vt 0.500153 0.229787
vt 0.517011 0.223302
vt 0.463635 0.040262
vt 0.109024 0.426854
vt 0.121885 0.422828
vt 0.081850 0.470426
vt 0.081576 0.498257
vt 0.076583 0.493845
vt 0.808736 0.151185
vt 0.827711 0.170416
vt 0.827058 0.176834
vt 0.776810 0.152840
vt 0.763873 0.182853
vt 0.768668 0.232952
vt 0.753546 0.211267
vt 0.732983 0.929947
vt 0.685405 0.931947
vt 0.699636 0.922198
vt 0.699453 0.905689
vt 0.753219 0.910716
vt 0.677928 0.912272
vt 0.521928 0.031799
vt 0.483362 0.036654
vt 0.570075 0.010648
vt 0.544576 0.005124
vt 0.569125 0.023369
vt 0.760757 0.929048
vt 0.977812 0.577124
vt 0.072008 0.504480
vt 0.092916 0.542904
vt 0.062340 0.540740
vt 0.046174 0.507883
vt 0.062293 0.497152
vt 0.040610 0.548368
vt 0.031975 0.509046
vt 0.177157 0.392110
vt 0.225043 0.358961
vt 0.235479 0.349699
vt 0.122080 0.095487
vt 0.128961 0.175039
vt 0.127601 0.198434
vt 0.117147 0.228087
vt 0.115473 0.237056
vt 0.107606 0.242866
vt 0.052628 0.256295
vt 0.028974 0.255128
vt 0.492010 0.519027
vt 0.512709 0.503892
vt 0.542030 0.478379
vt 0.389584 0.120866
vt 0.340355 0.122664
vt 0.327681 0.114503
vt 0.326472 0.111209
vt 0.350989 0.553821
vt 0.357185 0.552695
vt 0.346790 0.553265
vt 0.327671 0.621481
vt 0.307366 0.641106
vt 0.296644 0.591011
vt 0.606990 0.242346
vt 0.605365 0.283118
vt 0.604372 0.288063
vt 0.586762 0.291408
vt 0.220627 0.648633
vt 0.217560 0.644372
vt 0.229657 0.641737
vt 0.198107 0.612302
vt 0.196961 0.597988
vt 0.204858 0.573125
vt 0.217619 0.563494
vt 0.354178 0.826203
vt 0.024050 0.856814
vt 0.361554 0.001046
vt 0.414154 0.021693
vt 0.418689 0.035182
vt 0.497228 0.241407
vt 0.486076 0.185351
vt 0.505856 0.187825
vt 0.525495 0.242370
vt 0.479800 0.023139
vt 0.533230 0.238624
vt 0.570810 0.216823
vt 0.618491 0.229802
vt 0.641599 0.188818
vt 0.315511 0.351309
vt 0.282562 0.331213
vt 0.261489 0.313821
vt 0.269262 0.285847
vt 0.316267 0.285426
vt 0.343442 0.285953
vt 0.689681 0.627686
vt 0.673021 0.650068
vt 0.677852 0.626968
vt 0.696573 0.643484
vt 0.700214 0.668173
vt 0.729583 0.638612
vt 0.742436 0.652295
vt 0.754129 0.670391
vt 0.760753 0.716860
vt 0.782866 0.678385
vt 0.785489 0.691783
vt 0.081578 0.043340
vt 0.757672 0.741680
vt 0.725279 0.725299
vt 0.713165 0.743237
vt 0.690373 0.706680
vt 0.355220 0.295908
vt 0.357653 0.287890
vt 0.361343 0.321733
vt 0.365125 0.361101
vt 0.361852 0.371329
vt 0.389495 0.565450
vt 0.381963 0.575709
vt 0.373627 0.561843
vt 0.412067 0.594541
vt 0.393614 0.612751
vt 0.413666 0.623665
vt 0.373367 0.629314
vt 0.364754 0.585943
vt 0.612813 0.916067
vt 0.648100 0.894129
vt 0.667489 0.894202
vt 0.612727 0.940719
vt 0.730214 0.879411
vt 0.754991 0.874354
vt 0.766723 0.143162
vt 0.769568 0.116644
vt 0.790292 0.100645
vt 0.827755 0.138175
vt 0.130257 0.515191
vt 0.132146 0.007314
vt 0.164692 0.024216
vt 0.136109 0.025633
vt 0.072425 0.555369
vt 0.063777 0.555307
vt 0.130214 0.032971
vt 0.122307 0.036337
vt 0.106594 0.028635
vt 0.051873 0.556757
vt 0.141052 0.123339
vt 0.196916 0.212486
vt 0.172664 0.269407
vt 0.092824 0.245150
vt 0.130689 0.300732
vt 0.032318 0.297391
vt 0.482090 0.729542
vt 0.545426 0.701739
vt 0.448966 0.566957
vt 0.464552 0.530504
vt 0.462096 0.516474
vt 0.475729 0.518714
vt 0.626769 0.279070
vt 0.637870 0.268059
vt 0.516480 0.285225
vt 0.175378 0.618114
vt 0.490989 0.147344
vt 0.513151 0.136478
vt 0.472542 0.801259
vt 0.492127 0.814410
vt 0.547827 0.058811
vt 0.632842 0.070917
vt 0.252003 0.333436
vt 0.292518 0.345399
vt 0.297220 0.260566
vt 0.339009 0.267194
vt 0.703703 0.611297
vt 0.729885 0.613270
vt 0.738324 0.618227
vt 0.745023 0.632438
vt 0.751598 0.615245
vt 0.029304 0.686279
vt 0.167596 0.718937
vt 0.175911 0.742895
vt 0.910938 0.088834
vt 0.878094 0.105130
vt 0.850557 0.091072
vt 0.833692 0.060531
vt 0.855667 0.028396
vt 0.865900 0.013632
vt 0.813331 0.027897
vt 0.770067 0.745925
vt 0.734712 0.770782
vt 0.731244 0.739826
vt 0.722022 0.753139
vt 0.685307 0.738104
vt 0.672126 0.682800
vt 0.460549 0.605304
vt 0.449995 0.590686
vt 0.399763 0.698365
vt 0.383999 0.666414
vt 0.375679 0.668935
vt 0.371972 0.651955
vt 0.364754 0.672661
vt 0.861872 0.515818
vt 0.893050 0.520038
vt 0.880039 0.547971
vt 0.897776 0.527283
vt 0.764067 0.873543
vt 0.902427 0.578241
vt 0.895460 0.558487
vt 0.935015 0.095881
vt 0.985913 0.053617
vt 0.990353 0.125514
vt 0.188865 0.750544
vt 0.209529 0.749614
vt 0.195555 0.781370
vt 0.969748 0.195985
vt 0.631655 0.416217
vt 0.655075 0.880887
vt 0.662028 0.888185
vt 0.695237 0.870669
vt 0.782237 0.105109
vt 0.129448 0.477782
vt 0.134289 0.555791
vt 0.112603 0.557738
vt 0.207458 0.035312
vt 0.151930 0.123268
vt 0.148249 0.159274
vt 0.204914 0.161517
vt 0.211312 0.210548
vt 0.192410 0.233293
vt 0.863567 0.776067
vt 0.877282 0.752534
vt 0.227513 0.170353
vt 0.210309 0.124933
vt 0.217713 0.090081
vt 0.214955 0.061152
vt 0.226465 0.131025
vt 0.893815 0.740316
vt 0.863105 0.449343
vt 0.883108 0.456789
vt 0.923301 0.737069
vt 0.908775 0.737349
vt 0.840709 0.428757
vt 0.471108 0.830470
vt 0.465149 0.850001
vt 0.453850 0.842607
vt 0.827925 0.411025
vt 0.221187 0.034481
vt 0.474518 0.864184
vt 0.464355 0.880575
vt 0.450264 0.852782
vt 0.441588 0.837071
vt 0.438588 0.875832
vt 0.429599 0.831573
vt 0.407504 0.840407
vt 0.403292 0.882879
vt 0.395846 0.871615
vt 0.825174 0.366389
vt 0.841302 0.378522
vt 0.391662 0.829121
vt 0.820646 0.590703
vt 0.823228 0.545036
vt 0.832065 0.517610
vt 0.803870 0.528845
vt 0.789337 0.508774
vt 0.781737 0.525873
vt 0.061288 0.312904
vt 0.087550 0.313051
vt 0.153373 0.291775
vt 0.442277 0.522933
vt 0.418416 0.366898
vt 0.593427 0.326115
vt 0.628480 0.395884
vt 0.638803 0.456523
vt 0.584695 0.300678
vt 0.538189 0.303836
vt 0.220208 0.820789
vt 0.217887 0.806158
vt 0.257100 0.763827
vt 0.169931 0.671057
vt 0.399349 0.769231
vt 0.481361 0.791379
vt 0.504165 0.589779
vt 0.553986 0.584216
vt 0.548352 0.590957
vt 0.492935 0.695660
vt 0.639247 0.043715
vt 0.643911 0.265308
vt 0.662383 0.251550
vt 0.658312 0.273492
vt 0.105046 0.356249
vt 0.114846 0.346079
vt 0.165915 0.309918
vt 0.126723 0.330361
vt 0.286032 0.241033
vt 0.254287 0.249363
vt 0.018590 0.629315
vt 0.078081 0.621712
vt 0.023143 0.654134
vt 0.080623 0.662486
vt 0.123021 0.667052
vt 0.123500 0.695339
vt 0.894516 0.121680
vt 0.871636 0.117913
vt 0.847262 0.111084
vt 0.481684 0.147099
vt 0.476354 0.165137
vt 0.483962 0.093763
vt 0.816673 0.068539
vt 0.764246 0.756649
vt 0.794640 0.019551
vt 0.792304 0.040193
vt 0.787464 0.018795
vt 0.715564 0.410395
vt 0.708202 0.396478
vt 0.685488 0.391484
vt 0.718704 0.787161
vt 0.712791 0.773301
vt 0.685483 0.764254
vt 0.727634 0.371965
vt 0.696955 0.343471
vt 0.730065 0.344621
vt 0.668932 0.726890
vt 0.475554 0.645632
vt 0.430644 0.664680
vt 0.421488 0.667953
vt 0.731863 0.303314
vt 0.658616 0.302960
vt 0.688499 0.245674
vt 0.121627 0.317404
vt 0.156784 0.296408
vt 0.185456 0.281364
vt 0.215308 0.243278
vt 0.240056 0.231305
vt 0.258217 0.227894
vt 0.086293 0.646151
vt 0.108059 0.630714
vt 0.022400 0.664534
vt 0.154455 0.673198
vt 0.485665 0.224587
vt 0.459295 0.196973
vt 0.447813 0.151779
vt 0.450014 0.115534
vt 0.469583 0.083161
vt 0.641620 0.377119
vt 0.688056 0.375616
vt 0.719076 0.404307
vt 0.651030 0.365387
vt 0.656033 0.332497
vt 0.732921 0.326880
vt 0.701378 0.310798
vt 0.740415 0.313109
vt 0.476313 0.657040
vt 0.444756 0.667749
vt 0.653220 0.306444
vt 0.075209 0.355890
vt 0.093784 0.334263
vt 0.430324 0.257264
vt 0.477353 0.246967
vt 0.469467 0.285856
vt 0.438293 0.283135
vt 0.124097 0.653061
vt 0.147831 0.653817
vt 0.178395 0.697030
vt 0.436434 0.119016
vt 0.430418 0.141434
vt 0.630474 0.363470
vt 0.635169 0.343118
vt 0.414859 0.190503
vt 0.406912 0.158035
vt 0.420233 0.216001
vt 0.481544 0.276764
vt 0.649267 0.285505
vt 0.743968 0.259801
vt 0.749214 0.246954
vt 0.700248 0.216120
vt 0.749993 0.238500
vt 0.742653 0.202273
vt 0.748865 0.215999
vt 0.398826 0.736937
vt 0.433485 0.715961
vt 0.434841 0.687547
vt 0.269462 0.487357
vt 0.252731 0.533111
vt 0.248091 0.526293
vt 0.896845 0.504491
vt 0.903687 0.507622
vt 0.689923 0.803084
vt 0.693987 0.814935
vt 0.679471 0.814823
vt 0.679415 0.798418
vt 0.058459 0.481122
vt 0.045396 0.474538
vt 0.618313 0.306153
vt 0.625548 0.323141
vt 0.608081 0.317463
vt 0.608716 0.337922
vt 0.069446 0.450836
vt 0.062250 0.453105
vt 0.060165 0.444990
vt 0.046640 0.459399
vt 0.633101 0.311865
vt 0.638628 0.329747
vt 0.674873 0.800535
vt 0.984816 0.086877
vt 0.988205 0.069039
vt 0.071664 0.451446
vt 0.865383 0.494669
vt 0.867258 0.491991
vt 0.876965 0.488010
vt 0.878195 0.486491
vt 0.528920 0.908493
vt 0.703055 0.805832
vt 0.716297 0.787734
vt 0.745627 0.800420
vt 0.729142 0.863231
vt 0.235325 0.517839
vt 0.182399 0.817343
vt 0.166038 0.806684
vt 0.181351 0.809684
vt 0.505003 0.040140
vt 0.143420 0.828163
vt 0.117451 0.782502
vt 0.148207 0.812539
vt 0.139058 0.784941
vt 0.101703 0.756183
vt 0.119659 0.743888
vt 0.824801 0.602846
vt 0.775776 0.549118
vt 0.788271 0.587254
vt 0.590775 0.726556
vt 0.576569 0.710842
vt 0.599204 0.708704
vt 0.578937 0.745156
vt 0.559111 0.713595
vt 0.546866 0.795665
vt 0.432581 0.563267
vt 0.429182 0.516915
vt 0.353973 0.377722
vt 0.518924 0.303213
vt 0.304784 0.785119
vt 0.255445 0.794227
vt 0.334457 0.780978
vt 0.301820 0.707982
vt 0.323556 0.714256
vt 0.838558 0.748913
vt 0.552559 0.560491
vt 0.552154 0.545816
vt 0.576872 0.557301
vt 0.591425 0.596261
vt 0.619256 0.575041
vt 0.633988 0.509800
vt 0.641758 0.508908
vt 0.654831 0.510696
vt 0.634960 0.566535
vt 0.645099 0.559446
vt 0.678651 0.571352
vt 0.654944 0.574548
vt 0.585394 0.613825
vt 0.540902 0.685897
vt 0.559295 0.593166
vt 0.515950 0.697357
vt 0.658301 0.621406
vt 0.727362 0.409652
vt 0.778754 0.396381
vt 0.660634 0.595367
vt 0.768211 0.472585
vt 0.675422 0.579610
vt 0.771150 0.496987
vt 0.770765 0.548678
vt 0.760382 0.491214
vt 0.704657 0.500300
vt 0.694718 0.498316
vt 0.313172 0.461315
vt 0.345827 0.462918
vt 0.366793 0.475953
vt 0.398274 0.485671
vt 0.412933 0.469482
vt 0.378165 0.456843
vt 0.418168 0.309025
vt 0.391661 0.306187
vt 0.395175 0.298601
vt 0.421062 0.316762
vt 0.438310 0.312127
vt 0.414335 0.559024
vt 0.377400 0.519704
vt 0.408679 0.542920
vt 0.482356 0.297038
vt 0.490791 0.328991
vt 0.498586 0.302263
vt 0.908741 0.883910
vt 0.493831 0.348852
vt 0.920334 0.845513
vt 0.956816 0.911593
vt 0.941667 0.915457
vt 0.954186 0.916016
vt 0.377136 0.369020
vt 0.373888 0.367531
vt 0.058004 0.376575
vt 0.065341 0.365870
vt 0.081460 0.401681
vt 0.624007 0.459627
vt 0.605097 0.477403
vt 0.601979 0.469943
vt 0.617516 0.462287
vt 0.591914 0.470471
vt 0.599791 0.483895
vt 0.802140 0.689958
vt 0.227693 0.130437
vt 0.233713 0.101180
vt 0.903440 0.608176
vt 0.643608 0.755193
vt 0.608000 0.788796
vt 0.615532 0.756321
vt 0.601134 0.755031
vt 0.605121 0.742589
vt 0.611269 0.714584
vt 0.635950 0.727912
vt 0.630624 0.705227
vt 0.635096 0.742236
vt 0.257028 0.064858
vt 0.027940 0.782810
vt 0.018351 0.778693
vt 0.018526 0.769141
vt 0.031002 0.752980
vt 0.042694 0.776468
vt 0.018201 0.752741
vt 0.033914 0.745569
vt 0.048761 0.777782
vt 0.270855 0.053494
vt 0.526944 0.997973
vt 0.262856 0.179288
vt 0.531341 0.996225
vt 0.524715 0.945600
vt 0.945145 0.494940
vt 0.928300 0.480076
vt 0.909631 0.453452
vt 0.910973 0.464929
vt 0.920341 0.429836
vt 0.948160 0.434114
vt 0.959213 0.423136
vt 0.952745 0.394046
vt 0.305519 0.506453
vt 0.305705 0.488494
vt 0.376121 0.291730
vt 0.379569 0.293392
vt 0.664855 0.461118
vt 0.666548 0.428419
vt 0.374723 0.703562
vt 0.293564 0.481359
vt 0.291817 0.498500
vt 0.558014 0.474257
vt 0.495955 0.915760
vt 0.485334 0.924482
vt 0.800196 0.448744
vt 0.532131 0.069081
vt 0.100458 0.740072
vt 0.063902 0.755335
vt 0.038947 0.744645
vt 0.304596 0.108305
vt 0.079645 0.050160
vt 0.076892 0.053875
vt 0.070082 0.062609
vt 0.307280 0.118807
vt 0.303305 0.127807
vt 0.067243 0.056081
vt 0.073028 0.044514
vt 0.057869 0.037622
vt 0.115054 0.899926
vt 0.066875 0.026352
vt 0.312926 0.134478
vt 0.313572 0.147983
vt 0.306021 0.151677
vt 0.300406 0.152409
vt 0.275422 0.992878
vt 0.288412 0.986237
vt 0.290063 0.949922
vt 0.299397 0.983307
vt 0.303572 0.961845
vt 0.299577 0.935634
vt 0.781415 0.438882
vt 0.778546 0.438911
vt 0.530381 0.087754
vt 0.531627 0.078978
vt 0.141348 0.837425
vt 0.087997 0.807081
vt 0.250937 0.921456
vt 0.289950 0.911865
vt 0.576927 0.427428
vt 0.573533 0.439324
vt 0.557722 0.428462
vt 0.556103 0.415697
vt 0.564116 0.414376
vt 0.792285 0.449111
vt 0.603530 0.449507
vt 0.581378 0.452061
vt 0.585691 0.460659
vt 0.572570 0.459706
vt 0.475841 0.925746
vt 0.468882 0.933457
vt 0.297979 0.995565
vt 0.469155 0.979811
vt 0.455368 0.973787
vt 0.462910 0.965617
vt 0.289877 0.174372
vt 0.301708 0.169500
vt 0.281114 0.174996
vt 0.487656 0.980438
vt 0.493286 0.985074
vt 0.484248 0.982656
vt 0.048274 0.835456
vt 0.035633 0.819504
vt 0.039327 0.838240
vt 0.120870 0.941719
vt 0.058314 0.018569
vt 0.066814 0.007023
vt 0.134344 0.937474
vt 0.127716 0.940790
vt 0.301495 0.161786
vt 0.649330 0.734692
vt 0.627058 0.831516
vt 0.580275 0.829862
vt 0.618600 0.831468
vt 0.938318 0.889817
vt 0.961697 0.896784
vt 0.142588 0.577451
vt 0.147733 0.564575
vt 0.787344 0.642615
vt 0.794199 0.652291
vt 0.963560 0.841060
vt 0.796651 0.655910
vt 0.840462 0.629118
vt 0.830604 0.936587
vt 0.809004 0.952205
vt 0.804866 0.929839
vt 0.832924 0.947874
vt 0.802333 0.969915
vt 0.845104 0.957807
vt 0.812342 0.981977
vt 0.834833 0.709914
vt 0.825786 0.717485
vt 0.793268 0.962591
vt 0.789396 0.974035
vt 0.849725 0.714940
vt 0.878465 0.720733
vt 0.797334 0.936515
vt 0.162216 0.593690
vt 0.621790 0.475487
vt 0.655538 0.505715
vt 0.752875 0.137891
vt 0.706099 0.036121
vt 0.774494 0.091853
vt 0.271889 0.729165
vt 0.282248 0.757239
vt 0.305453 0.694899
vt 0.289656 0.666483
vt 0.316539 0.665659
vt 0.848475 0.780141
vt 0.855922 0.815633
vt 0.773224 0.820703
vt 0.781622 0.757785
vt 0.859256 0.826988
vt 0.767894 0.027609
vt 0.763085 0.028514
vt 0.713142 0.017259
vt 0.221170 0.650745
vt 0.220479 0.713380
vt 0.250839 0.659680
vt 0.206799 0.676750
vt 0.762429 0.860671
vt 0.217830 0.715724
vt 0.599818 0.505945
vt 0.608208 0.509086
vt 0.713773 0.184591
vt 0.659654 0.154116
vt 0.228498 0.845787
vt 0.640392 0.103877
vt 0.246619 0.821514
vt 0.310959 0.826473
vt 0.338557 0.865195
vt 0.523113 0.355927
vt 0.781952 0.737451
vt 0.376103 0.744748
vt 0.371151 0.733656
vt 0.507943 0.583214
vt 0.513607 0.576460
vt 0.316158 0.782035
vt 0.015950 0.619908
vt 0.042382 0.617549
vt 0.221187 0.321834
vt 0.185239 0.329646
vt 0.449868 0.882342
vt 0.286823 0.658391
vt 0.316258 0.659001
vt 0.877578 0.832013
vt 0.022787 0.548542
vt 0.608248 0.168577
vt 0.592192 0.165026
vt 0.280296 0.601800
vt 0.304564 0.570947
vt 0.292497 0.547897
vt 0.278701 0.546976
vt 0.297547 0.553246
vt 0.342586 0.547398
vt 0.493843 0.020996
vt 0.826278 0.200154
vt 0.473016 0.059125
vt 0.972097 0.342721
vt 0.948723 0.342292
vt 0.954774 0.288888
vt 0.936739 0.312619
vt 0.922028 0.307411
vt 0.987932 0.292339
vt 0.991123 0.323810
vt 0.984883 0.267728
vt 0.731625 0.543917
vt 0.720534 0.587563
vt 0.592987 0.909053
vt 0.586624 0.915900
vt 0.594672 0.859918
vt 0.603977 0.889813
vt 0.067130 0.942219
vt 0.014228 0.929017
vt 0.043568 0.912735
vt 0.007874 0.913921
vt 0.121235 0.883558
vt 0.125633 0.886547
vt 0.147936 0.898016
vt 0.945430 0.356241
vt 0.929617 0.351609
vt 0.899034 0.334656
vt 0.902659 0.313171
vt 0.518085 0.909171
vt 0.506786 0.912295
vt 0.967937 0.263121
vt 0.566614 0.847128
vt 0.087640 0.899977
vt 0.087360 0.892774
vt 0.075938 0.865011
vt 0.239754 0.048101
vt 0.533364 0.829111
vt 0.113741 0.829889
vt 0.000927 0.920878
vt 0.661857 0.202544
vt 0.650059 0.190722
vt 0.659512 0.181825
vt 0.665559 0.182963
vt 0.306729 0.056589
vt 0.315539 0.065601
vt 0.302904 0.062938
vt 0.306069 0.033012
vt 0.324228 0.034386
vt 0.648918 0.201264
vt 0.664000 0.238356
vt 0.317922 0.001337
vt 0.647470 0.183042
vt 0.852067 0.480891
vt 0.426920 0.945958
vt 0.448824 0.907132
vt 0.425558 0.919923
vt 0.912212 0.508601
vt 0.919261 0.564154
vt 0.916051 0.560418
vt 0.912534 0.579041
vt 0.955617 0.582744
vt 0.937968 0.590421
vt 0.402176 0.941691
vt 0.395147 0.938736
vt 0.422571 0.910952
vt 0.400389 0.899739
vt 0.434415 0.905017
vt 0.904595 0.494673
vt 0.922954 0.498313
vt 0.962772 0.533196
vt 0.963139 0.536010
vt 0.306732 0.957350
vt 0.317090 0.948686
vt 0.313124 0.967416
vt 0.330170 0.964973
vt 0.318304 0.942278
vt 0.335656 0.935187
vt 0.342032 0.949066
vt 0.384624 0.893287
vt 0.375767 0.917824
vt 0.950949 0.825383
vt 0.929596 0.770457
vt 0.941303 0.774238
vt 0.372339 0.950050
vt 0.359437 0.940177
vt 0.342015 0.969421
vt 0.352997 0.949222
vt 0.430426 0.886717
vt 0.888757 0.359649
vt 0.895539 0.370155
vt 0.917673 0.750622
vt 0.787104 0.902955
vt 0.791399 0.919115
vt 0.903121 0.733456
vt 0.878917 0.853149
vt 0.896494 0.865645
vt 0.864249 0.853279
vt 0.979491 0.232443
vt 0.949030 0.218572
vt 0.942824 0.208782
vt 0.961319 0.233381
vt 0.979689 0.249909
vt 0.960465 0.250432
vt 0.939015 0.242846
vt 0.936369 0.227063
vt 0.938631 0.219066
vt 0.948357 0.978144
vt 0.940289 0.990513
vt 0.935058 0.990096
vt 0.929453 0.989584
vt 0.923631 0.093845
vt 0.916701 0.090634
vt 0.919898 0.088833
vt 0.923896 0.967141
vt 0.939735 0.947690
vt 0.970602 0.955187
vt 0.976289 0.985223
vt 0.893476 0.875397
vt 0.899746 0.897290
vt 0.837687 0.920506
vt 0.826323 0.918173
vt 0.034925 0.308952
vt 0.038135 0.323798
vt 0.013066 0.318601
vt 0.083818 0.601939
vt 0.110429 0.602524
vt 0.073966 0.599072
vt 0.054345 0.376448
vt 0.940970 0.939338
vt 0.924587 0.946178
vt 0.950789 0.944524
vt 0.964123 0.953809
vt 0.903051 0.909215
vt 0.042628 0.413734
vt 0.017784 0.447125
vt 0.003073 0.442756
vt 0.012704 0.345764
vt 0.014062 0.606189
vt 0.001491 0.055669
vt 0.017283 0.057643
vt 0.024101 0.098793
vt 0.015618 0.460008
vt 0.003037 0.456681
vt 0.017020 0.034829
vt 0.022995 0.023155
vt 0.020737 0.037260
vt 0.030790 0.094228
vt 0.030882 0.025115
vt 0.041564 0.024780
vt 0.050884 0.045202
vt 0.930926 0.037659
vt 0.955272 0.024737
vt 0.924446 0.006816
vt 0.938467 0.013756
vt 0.047924 0.331956
vt 0.298582 0.184916
vt 0.945486 0.259296
vt 0.242744 0.205393
vt 0.261060 0.204148
vt 0.259606 0.216316
vt 0.240125 0.216867
vt 0.809523 0.911189
vt 0.256091 0.026795
vt 0.253885 0.013445
vt 0.262725 0.017195
vt 0.012375 0.222876
vt 0.013274 0.226932
vt 0.006854 0.246905
vt 0.008187 0.220381
vt 0.002938 0.225790
vt 0.634920 0.379433
vt 0.642499 0.388906
vt 0.636194 0.374482
vt 0.920599 0.926294
vt 0.917049 0.921991
vt 0.885164 0.394050
vt 0.877645 0.409746
vt 0.874467 0.400349
vt 0.211293 0.457615
vt 0.202418 0.474128
vt 0.205537 0.453885
vt 0.197754 0.462734
vt 0.078230 0.948721
vt 0.990547 0.053577
vt 0.841129 0.721701
vt 0.057148 0.075003
vt 0.055856 0.048707
vt 0.057654 0.051046
vt 0.059732 0.050909
vt 0.053704 0.050244
vt 0.054177 0.070090
vt 0.835791 0.335098
vt 0.825206 0.325835
vt 0.143925 0.939651
vt 0.219367 0.948415
vt 0.844598 0.321780
vt 0.158332 0.915951
vt 0.673111 0.033737
vt 0.228362 0.967711
vt 0.652089 0.077308
vt 0.645685 0.066894
vt 0.227194 0.921192
vt 0.192476 0.479192
vt 0.179831 0.483336
vt 0.183487 0.467613
vt 0.075470 0.738326
vt 0.167026 0.466837
vt 0.166674 0.480323
vt 0.165310 0.489596
vt 0.882609 0.353456
vt 0.866405 0.325911
vt 0.887886 0.325158
vt 0.852605 0.342521
vt 0.866814 0.356468
vt 0.857359 0.303179
vt 0.418029 0.055408
vt 0.419974 0.056230
vt 0.912648 0.003827
vt 0.865620 0.282193
vt 0.954482 0.706890
vt 0.654785 0.014404
vt 0.646313 0.022362
vt 0.890996 0.233640
vt 0.888204 0.228242
vt 0.418282 0.107698
vt 0.101414 0.003510
vt 0.106187 0.001017
vt 0.101101 0.019871
vt 0.093575 0.000731
vt 0.925521 0.684109
vt 0.929756 0.687406
vt 0.474389 0.682580
vt 0.456954 0.675271
vt 0.048517 0.737519
vt 0.668512 0.014245
vt 0.531859 0.912374
vt 0.168665 0.966920
vt 0.602981 0.929338
vt 0.437961 0.729741
vt 0.470605 0.722203
vt 0.468275 0.724215
vt 0.970713 0.713319
vt 0.121061 0.741915
vt 0.325340 0.207337
vt 0.327431 0.039140
vt 0.178294 0.795574
vt 0.708421 0.022630
vt 0.242844 0.068216
vt 0.230390 0.066305
vt 0.223035 0.053318
vt 0.645125 0.480488
vt 0.637002 0.489383
vt 0.639554 0.467542
vt 0.656204 0.479171
vt 0.655777 0.495261
vt 0.072921 0.332412
vt 0.059361 0.342126
vt 0.073631 0.320016
vt 0.081810 0.340420
s 1
usemtl Material_0
f 1/1/1 430/2/2 2/3/3
f 2/4/3 3/5/4 4/6/5
f 2/3/3 894/7/6 431/8/7
f 2/4/3 4/6/5 894/9/6
f 3/10/4 5/11/8 432/12/9
f 4/6/5 12/13/10 8/14/11
f 4/6/5 8/14/11 894/9/6
f 5/15/8 3/16/4 430/17/2
f 6/18/12 432/12/9 444/19/13
f 6/18/12 3/10/4 432/12/9
f 7/20/14 431/8/7 894/7/6
f 5/15/8 13/21/15 433/22/16
f 5/23/8 433/24/16 14/25/17
f 13/21/15 16/26/18 433/22/16
f 19/27/19 6/28/12 444/29/13
f 15/30/20 434/31/21 439/32/22
f 16/26/18 17/33/23 433/22/16
f 17/34/23 5/35/8 14/36/17
f 18/37/24 21/38/25 24/39/26
f 19/27/19 18/40/24 24/41/26
f 19/27/19 24/41/26 436/42/27
f 19/43/19 23/44/28 18/45/24
f 20/46/29 436/42/27 24/41/26
f 20/46/29 21/38/25 436/42/27
f 22/47/30 11/48/31 14/25/17
f 22/47/30 437/49/32 11/48/31
f 38/50/33 449/51/34 438/52/35
f 38/50/33 438/52/35 7/20/14
f 15/30/20 439/32/22 440/53/36
f 15/30/20 440/53/36 441/54/37
f 17/55/23 436/56/27 26/57/38
f 24/58/26 21/59/25 443/60/39
f 24/58/26 443/60/39 23/44/28
f 18/45/24 443/60/39 444/61/13
f 18/37/24 444/19/13 432/12/9
f 18/45/24 23/44/28 443/60/39
f 15/30/20 441/54/37 442/62/40
f 24/63/26 31/64/41 20/65/29
f 24/63/26 30/66/42 31/64/41
f 25/67/43 20/68/29 31/69/41
f 25/67/43 445/70/44 20/68/29
f 26/71/38 436/42/27 16/72/18
f 26/73/38 16/26/18 31/74/41
f 25/67/43 32/75/45 445/70/44
f 32/76/45 31/74/41 445/77/44
f 27/78/46 21/59/25 445/70/44
f 27/78/46 443/60/39 21/59/25
f 29/79/47 33/80/48 36/81/49
f 29/82/47 34/83/50 446/84/51
f 29/85/47 36/86/49 48/87/52
f 29/85/47 48/87/52 34/88/50
f 30/66/42 24/63/26 447/89/53
f 31/64/41 30/66/42 445/90/44
f 28/91/54 437/49/32 22/47/30
f 31/74/41 435/92/55 37/93/56
f 31/74/41 37/93/56 25/94/43
f 33/95/48 29/96/47 35/97/57
f 33/98/48 35/99/57 51/100/58
f 33/98/48 51/100/58 52/101/59
f 33/102/48 52/103/59 39/104/60
f 34/83/50 448/105/61 446/84/51
f 34/83/50 36/81/49 448/105/61
f 35/99/57 39/104/60 51/100/58
f 36/81/49 33/80/48 448/105/61
f 37/106/56 27/78/46 25/107/43
f 39/108/60 43/109/62 33/110/48
f 40/111/63 56/112/64 49/113/65
f 40/114/63 49/115/65 451/116/66
f 42/117/67 452/118/68 27/78/46
f 44/119/69 38/120/33 452/121/68
f 44/119/69 452/121/68 47/122/70
f 46/123/71 41/124/72 50/125/73
f 47/126/70 449/127/34 38/128/33
f 47/126/70 457/129/74 449/127/34
f 48/87/52 52/101/59 51/100/58
f 48/87/52 51/100/58 454/130/75
f 46/131/71 50/132/73 55/133/76
f 50/125/73 41/124/72 456/134/77
f 52/101/59 48/87/52 455/135/78
f 52/103/59 455/136/78 53/137/79
f 51/100/58 455/138/78 454/130/75
f 54/139/80 57/140/81 56/112/64
f 54/139/80 56/112/64 891/141/82
f 56/112/64 892/142/83 887/143/84
f 56/112/64 887/143/84 891/141/82
f 455/138/78 51/100/58 59/144/85
f 455/136/78 59/145/85 53/137/79
f 50/132/73 456/146/77 55/133/76
f 58/147/86 453/148/87 43/109/62
f 59/149/85 58/147/86 61/150/88
f 59/149/85 453/148/87 58/147/86
f 59/151/85 61/152/88 53/153/79
f 59/151/85 62/154/89 458/155/90
f 59/151/85 458/155/90 453/156/87
f 60/157/91 63/158/92 64/159/93
f 61/150/88 58/147/86 888/160/94
f 61/152/88 62/161/89 53/153/79
f 66/162/95 803/163/96 459/164/97
f 67/165/98 69/166/99 679/167/100
f 68/168/101 71/169/102 460/170/103
f 68/168/101 73/171/104 71/169/102
f 69/166/99 73/171/104 679/167/100
f 70/172/105 76/173/106 461/174/107
f 71/169/102 67/165/98 460/170/103
f 70/172/105 74/175/108 76/173/106
f 72/176/109 464/177/110 75/178/111
f 72/176/109 79/179/112 462/180/113
f 68/168/101 463/181/114 73/171/104
f 77/182/115 75/178/111 464/177/110
f 77/182/115 464/177/110 672/183/116
f 77/182/115 78/184/117 75/178/111
f 78/184/117 467/185/118 75/178/111
f 79/179/112 84/186/119 85/187/120
f 79/179/112 85/187/120 82/188/121
f 79/189/112 82/190/121 83/191/122
f 80/192/123 469/193/124 690/194/125
f 81/195/126 474/196/127 471/197/128
f 83/191/122 667/198/129 472/199/130
f 83/191/122 479/200/131 667/198/129
f 85/187/120 473/201/132 82/202/121
f 87/203/133 475/204/134 646/205/135
f 87/203/133 671/206/136 475/204/134
f 91/207/137 88/208/138 87/209/133
f 91/207/137 670/210/139 88/211/138
f 90/212/140 100/213/141 477/214/142
f 94/215/143 636/216/144 635/217/145
f 94/215/143 635/217/145 478/218/146
f 94/215/143 478/218/146 99/219/147
f 94/220/143 102/221/148 479/222/131
f 94/223/143 99/224/147 102/225/148
f 96/226/149 91/207/137 95/227/150
f 96/226/149 103/228/151 91/207/137
f 95/227/150 98/229/152 96/226/149
f 98/229/152 480/230/153 96/226/149
f 98/231/152 481/232/154 480/233/153
f 101/234/155 478/235/146 107/236/156
f 108/237/157 692/238/158 482/239/159
f 99/224/147 101/234/155 483/240/160
f 99/224/147 483/240/160 106/241/161
f 104/242/162 110/243/163 484/244/164
f 106/241/161 102/225/148 99/224/147
f 106/241/161 123/245/165 102/225/148
f 108/246/157 116/247/166 692/248/158
f 109/249/167 478/218/146 858/250/168
f 109/249/167 485/251/169 478/218/146
f 112/252/170 113/253/171 486/254/172
f 118/255/173 137/256/174 127/257/175
f 118/255/173 489/258/176 137/256/174
f 118/255/173 477/259/142 489/260/176
f 899/261/177 490/262/178 132/263/179
f 899/261/177 132/263/179 491/264/180
f 120/265/181 131/266/182 133/267/183
f 122/268/184 123/245/165 106/241/161
f 123/269/165 497/270/185 130/271/186
f 124/272/187 138/273/188 494/274/189
f 120/265/181 511/275/190 148/276/191
f 120/265/181 148/276/191 496/277/192
f 126/278/193 491/279/180 132/280/179
f 126/281/193 136/282/194 490/283/178
f 126/281/193 490/283/178 491/284/180
f 128/285/195 637/286/196 144/287/197
f 128/285/195 144/287/197 141/288/198
f 128/285/195 169/289/199 637/286/196
f 132/280/179 490/290/178 136/291/194
f 133/292/183 131/293/182 132/280/179
f 133/292/183 499/294/200 500/295/201
f 133/292/183 500/295/201 120/296/181
f 136/297/194 126/298/193 133/292/183
f 138/273/188 501/299/202 494/274/189
f 140/300/203 142/301/204 502/302/205
f 503/303/206 640/304/207 129/305/208
f 503/303/206 638/306/209 640/304/207
f 144/287/197 503/307/206 504/308/210
f 146/309/211 145/310/212 168/311/213
f 149/312/214 800/313/215 846/314/216
f 149/312/214 160/315/217 800/313/215
f 150/316/218 488/317/219 506/318/220
f 150/316/218 506/318/220 521/319/221
f 140/320/203 783/321/222 507/322/223
f 140/320/203 515/323/224 142/324/204
f 157/325/225 857/326/226 158/327/227
f 157/325/225 508/328/228 857/326/226
f 161/329/229 508/330/228 157/331/225
f 161/329/229 157/332/225 509/333/230
f 162/334/231 152/335/232 147/336/233
f 148/337/191 660/338/234 661/339/235
f 160/340/217 149/341/214 510/342/236
f 140/320/203 507/322/223 515/323/224
f 164/343/237 511/344/190 500/345/201
f 165/346/238 513/347/239 512/348/240
f 164/343/237 500/345/201 169/289/199
f 169/289/199 128/285/195 141/288/198
f 170/349/241 514/350/242 196/351/243
f 170/349/241 196/351/243 195/352/244
f 174/353/245 156/354/246 862/355/247
f 174/353/245 862/355/247 517/356/248
f 175/357/249 168/358/213 509/333/230
f 177/359/250 196/351/243 514/350/242
f 179/360/251 170/349/241 195/352/244
f 182/361/252 504/308/210 164/343/237
f 182/361/252 164/343/237 169/289/199
f 182/361/252 169/289/199 141/288/198
f 182/361/252 141/288/198 144/287/197
f 195/352/244 196/351/243 210/362/253
f 183/363/254 519/364/255 217/365/256
f 186/366/257 525/367/258 787/368/259
f 187/369/260 660/370/234 634/371/261
f 517/372/248 509/333/230 168/358/213
f 179/360/251 207/373/262 134/374/263
f 179/360/251 195/352/244 207/373/262
f 188/375/264 208/376/265 787/377/259
f 193/378/266 209/379/267 180/380/268
f 193/378/266 180/380/268 521/319/221
f 196/351/243 520/381/269 210/362/253
f 197/382/270 525/383/258 186/384/257
f 200/385/271 223/386/272 531/387/273
f 200/385/271 191/388/274 223/386/272
f 200/389/271 206/390/275 191/391/274
f 201/392/276 165/393/238 189/394/277
f 203/395/278 522/396/279 222/397/280
f 203/395/278 526/398/281 199/399/282
f 207/373/262 195/352/244 210/362/253
f 207/373/262 210/362/253 216/400/283
f 204/401/284 183/363/254 217/365/256
f 209/379/267 523/402/285 522/396/279
f 207/373/262 216/400/283 243/403/286
f 211/404/287 212/405/288 208/376/265
f 213/406/289 212/405/288 224/407/290
f 215/408/291 524/409/292 230/410/293
f 218/411/294 197/382/270 533/412/295
f 218/413/294 525/414/258 197/415/270
f 214/416/296 527/417/297 510/342/236
f 219/418/298 223/419/272 215/420/291
f 219/421/298 215/408/291 528/422/299
f 221/423/300 529/424/301 226/425/302
f 225/426/303 222/397/280 523/402/285
f 226/425/302 529/424/301 239/427/304
f 226/428/302 239/429/304 532/430/305
f 226/428/302 532/430/305 247/431/306
f 227/432/307 218/411/294 533/412/295
f 227/433/307 533/434/295 240/435/308
f 228/436/309 181/437/310 201/438/276
f 530/439/311 546/440/312 246/441/313
f 530/439/311 249/442/314 229/443/315
f 530/439/311 229/443/315 223/444/272
f 229/443/315 220/445/316 531/446/273
f 229/443/315 249/442/314 546/447/312
f 229/448/315 546/449/312 220/450/316
f 226/425/302 238/451/317 534/452/318
f 221/423/300 535/453/319 228/454/309
f 228/436/309 201/438/276 556/455/320
f 230/410/293 524/409/292 536/456/321
f 231/457/322 204/458/284 252/459/323
f 232/460/324 192/461/325 537/462/326
f 232/463/324 537/464/326 231/465/322
f 233/466/327 529/424/301 221/423/300
f 234/467/328 538/468/329 544/469/330
f 234/467/328 539/470/331 538/468/329
f 233/466/327 221/423/300 264/471/332
f 233/472/327 272/473/333 273/474/334
f 233/466/327 273/475/334 529/424/301
f 238/476/317 263/477/335 541/478/336
f 238/476/317 541/478/336 270/479/337
f 239/427/304 542/480/338 540/481/339
f 239/429/304 262/482/340 532/430/305
f 239/483/304 540/484/339 262/485/340
f 245/486/341 234/467/328 544/469/330
f 230/410/293 251/487/342 817/488/343
f 230/410/293 817/488/343 215/408/291
f 233/489/327 542/480/338 239/427/304
f 248/490/344 788/491/345 545/492/346
f 246/493/313 251/487/342 241/494/347
f 246/495/313 249/496/314 276/497/348
f 251/487/342 230/410/293 267/498/349
f 247/499/306 261/500/350 226/501/302
f 254/502/351 548/503/352 564/504/353
f 252/505/323 520/506/269 231/507/322
f 542/508/338 233/466/327 540/509/339
f 241/510/347 276/497/348 249/496/314
f 241/494/347 251/487/342 276/511/348
f 256/512/354 269/513/355 257/514/356
f 257/515/356 278/516/357 236/517/358
f 257/518/356 553/519/359 278/520/357
f 258/521/360 252/459/323 204/458/284
f 258/521/360 204/458/284 217/522/256
f 250/523/361 269/513/355 551/524/362
f 250/523/361 551/524/362 265/525/363
f 260/526/364 520/506/269 252/505/323
f 260/526/364 252/505/323 549/527/365
f 261/500/350 247/499/306 263/528/335
f 262/485/340 540/484/339 272/529/333
f 262/485/340 272/529/333 281/530/366
f 262/485/340 281/530/366 550/531/367
f 256/532/354 546/449/312 250/533/361
f 256/512/354 277/534/368 268/535/369
f 256/512/354 268/535/369 551/524/362
f 256/512/354 551/524/362 269/513/355
f 250/536/361 843/537/370 256/538/354
f 286/539/371 259/540/372 236/517/358
f 286/539/371 236/517/358 278/516/357
f 260/526/364 806/541/373 255/542/374
f 263/528/335 289/543/375 552/544/376
f 268/545/369 277/546/368 561/547/377
f 268/545/369 561/547/377 553/519/359
f 272/473/333 558/548/378 273/474/334
f 272/529/333 271/549/379 558/550/378
f 273/474/334 558/548/378 281/530/366
f 274/551/380 555/552/381 248/490/344
f 276/511/348 251/487/342 267/498/349
f 831/553/382 292/554/383 244/555/384
f 831/553/382 244/555/384 543/556/385
f 280/557/386 247/499/306 567/558/387
f 280/559/386 295/560/388 289/561/375
f 280/557/386 289/543/375 247/499/306
f 271/562/379 264/563/332 556/564/320
f 282/565/389 813/566/390 557/567/391
f 285/568/392 286/539/371 592/569/393
f 287/570/394 270/479/337 541/478/336
f 288/571/395 263/528/335 552/544/376
f 290/572/396 302/573/397 262/482/340
f 281/530/366 558/548/378 550/531/367
f 291/574/398 545/575/346 559/576/399
f 292/577/383 296/578/400 297/579/401
f 296/580/400 244/555/384 297/581/401
f 293/582/402 256/538/354 843/537/370
f 295/560/388 280/559/386 321/583/403
f 287/570/394 550/584/367 558/585/378
f 287/586/394 558/587/378 560/588/404
f 299/589/405 309/590/406 294/591/407
f 299/589/405 294/591/407 284/592/408
f 295/560/388 321/583/403 882/593/409
f 298/594/410 813/566/390 253/595/411
f 298/594/410 316/596/412 813/566/390
f 298/594/410 307/597/413 316/596/412
f 561/547/377 277/546/368 317/598/414
f 288/599/395 319/600/415 340/601/416
f 290/602/396 565/603/417 329/604/418
f 304/605/419 562/606/420 260/526/364
f 304/605/419 260/526/364 549/527/365
f 308/607/421 564/504/353 563/608/422
f 304/605/419 549/527/365 811/609/423
f 304/605/419 811/609/423 812/610/424
f 309/590/406 566/611/425 294/591/407
f 310/612/426 280/613/386 567/614/387
f 311/615/427 341/616/428 324/617/429
f 313/618/430 303/619/431 569/620/432
f 314/621/433 575/622/434 351/623/435
f 568/624/436 600/625/437 571/626/438
f 568/624/436 599/627/439 600/625/437
f 316/596/412 808/628/440 813/566/390
f 318/629/441 845/630/442 572/631/443
f 319/600/415 334/632/444 340/601/416
f 322/633/445 574/634/446 588/635/447
f 324/636/429 341/616/428 331/637/448
f 325/638/449 575/639/434 545/640/346
f 325/638/449 570/641/450 575/639/434
f 328/642/451 332/643/452 577/644/453
f 329/604/418 881/645/454 335/646/455
f 317/598/414 576/647/456 355/648/457
f 333/649/458 563/650/422 580/651/459
f 338/652/460 582/653/461 649/654/462
f 338/652/460 724/655/463 581/656/464
f 341/616/428 366/657/465 733/658/466
f 341/616/428 351/659/435 366/657/465
f 341/660/428 314/621/433 351/623/435
f 344/661/467 583/662/468 370/663/469
f 344/661/467 820/664/470 583/662/468
f 345/665/471 320/666/472 584/667/473
f 347/668/474 587/669/475 310/670/426
f 349/671/476 820/672/470 362/673/477
f 351/659/435 382/674/478 366/657/465
f 583/675/468 359/676/479 363/677/480
f 354/678/481 349/671/476 362/673/477
f 355/648/457 576/647/456 590/679/482
f 355/648/457 590/679/482 371/680/483
f 355/648/457 601/681/484 572/631/443
f 357/682/485 591/683/486 368/684/487
f 357/682/485 368/684/487 592/685/393
f 358/686/488 593/687/489 594/688/490
f 595/689/491 348/690/492 349/671/476
f 360/691/493 596/692/494 878/693/495
f 347/694/474 358/695/488 589/696/496
f 347/694/474 589/696/496 587/697/475
f 365/698/497 360/691/493 373/699/498
f 366/657/465 382/700/478 385/701/499
f 366/657/465 385/701/499 597/702/500
f 367/703/501 387/704/502 598/705/503
f 368/684/487 376/706/504 590/679/482
f 369/707/505 600/625/437 599/627/439
f 840/708/506 370/663/469 839/709/507
f 370/663/469 583/662/468 363/710/480
f 370/711/469 363/712/480 611/713/508
f 372/714/509 371/680/483 381/715/510
f 375/716/511 599/627/439 603/717/512
f 376/706/504 368/684/487 591/683/486
f 377/718/513 826/719/514 828/720/515
f 878/693/495 596/692/494 384/721/516
f 373/699/498 360/691/493 878/693/495
f 378/722/517 382/723/478 351/724/435
f 379/725/518 795/726/519 387/704/502
f 383/727/520 391/728/521 607/729/522
f 383/727/520 607/729/522 388/730/523
f 867/731/524 610/732/525 865/733/526
f 386/734/527 366/735/465 390/736/528
f 388/730/523 378/722/517 351/724/435
f 388/730/523 351/724/435 383/727/520
f 388/730/523 604/737/529 378/722/517
f 386/734/527 390/736/528 389/738/530
f 386/734/527 389/738/530 378/722/517
f 391/739/521 606/740/531 607/741/522
f 392/742/532 614/743/533 403/744/534
f 399/745/535 405/746/536 402/747/537
f 399/748/535 375/749/511 610/732/525
f 404/750/538 604/737/529 388/730/523
f 404/750/538 410/751/539 416/752/540
f 405/746/536 399/745/535 610/753/525
f 405/746/536 610/753/525 400/754/541
f 406/755/542 612/756/543 794/757/544
f 408/758/545 414/759/546 402/747/537
f 408/758/545 402/747/537 405/746/536
f 408/758/545 405/746/536 400/754/541
f 408/758/545 400/754/541 409/760/547
f 415/761/548 613/762/549 409/763/547
f 410/764/539 417/765/550 416/766/540
f 412/767/551 404/750/538 411/768/552
f 412/769/551 411/770/552 416/771/540
f 412/767/551 410/751/539 404/750/538
f 412/772/551 416/766/540 417/765/550
f 412/772/551 417/765/550 620/773/553
f 408/774/545 415/775/548 414/776/546
f 412/777/551 620/778/553 410/779/539
f 616/780/554 398/781/555 391/739/521
f 616/780/554 391/739/521 413/782/556
f 415/761/548 409/763/547 618/783/557
f 416/771/540 411/770/552 619/784/558
f 418/785/559 414/776/546 864/786/560
f 418/785/559 864/786/560 422/787/561
f 418/788/559 422/789/561 420/790/562
f 629/791/563 699/792/564 549/527/365
f 629/791/563 425/793/565 699/792/564
f 427/794/566 624/795/567 623/796/568
f 428/797/569 429/798/570 427/794/566
f 428/797/569 626/799/571 429/798/570
f 429/798/570 626/799/571 627/800/572
f 261/801/350 263/477/335 238/476/317
f 657/802/573 419/803/574 627/804/572
f 657/805/573 627/800/572 626/799/571
f 429/798/570 627/800/572 628/806/575
f 429/798/570 628/806/575 624/795/567
f 624/795/567 629/807/563 361/808/576
f 630/809/577 632/810/578 631/811/579
f 630/809/577 659/812/580 633/813/581
f 630/809/577 633/813/581 632/810/578
f 634/371/261 504/308/210 633/814/581
f 164/343/237 634/371/261 148/815/191
f 500/345/201 511/816/190 120/817/181
f 499/294/200 487/818/582 112/252/170
f 499/819/200 112/820/170 169/289/199
f 499/819/200 169/289/199 500/345/201
f 487/818/582 499/294/200 143/821/583
f 487/818/582 113/253/171 112/252/170
f 487/818/582 493/822/584 635/823/145
f 487/818/582 635/823/145 113/253/171
f 113/253/171 635/823/145 636/824/144
f 113/253/171 636/824/144 486/254/172
f 486/254/172 636/824/144 668/825/585
f 486/254/172 668/825/585 112/826/170
f 112/826/170 668/825/585 637/827/196
f 637/286/196 503/307/206 144/287/197
f 205/828/586 504/829/210 503/830/206
f 503/830/206 199/399/282 205/828/586
f 503/830/206 129/831/208 199/399/282
f 155/832/587 129/831/208 150/316/218
f 129/831/208 488/317/219 150/316/218
f 669/833/588 640/304/207 638/306/209
f 640/834/207 669/835/588 639/836/589
f 640/304/207 488/837/219 129/305/208
f 506/318/220 193/378/266 521/319/221
f 521/319/221 180/380/268 518/838/590
f 521/319/221 518/838/590 150/316/218
f 518/838/590 180/380/268 178/839/591
f 180/380/268 522/396/279 178/839/591
f 522/396/279 203/395/278 178/839/591
f 178/839/591 199/399/282 155/832/587
f 178/839/591 203/395/278 199/399/282
f 522/396/279 523/402/285 222/397/280
f 641/840/592 225/841/303 523/842/285
f 641/843/592 523/844/285 209/845/267
f 642/846/593 641/843/592 209/845/267
f 643/847/594 506/848/220 181/849/310
f 506/850/220 488/851/219 644/852/595
f 644/852/595 645/853/596 647/854/597
f 644/852/595 114/855/598 645/853/596
f 481/232/154 645/856/596 114/857/598
f 481/232/154 114/857/598 480/233/153
f 481/232/154 98/231/152 646/858/135
f 646/858/135 98/231/152 87/859/133
f 646/858/135 86/860/599 481/232/154
f 647/854/597 506/850/220 644/852/595
f 506/850/220 647/854/597 181/861/310
f 181/437/310 228/436/309 643/862/594
f 222/863/280 225/841/303 694/864/600
f 222/863/280 648/865/601 526/866/281
f 222/863/280 526/866/281 203/867/278
f 526/866/281 649/868/462 650/869/602
f 526/398/281 650/870/602 205/828/586
f 205/828/586 650/870/602 632/810/578
f 205/828/586 632/810/578 633/813/581
f 633/813/581 504/829/210 205/828/586
f 504/308/210 634/371/261 164/343/237
f 632/810/578 582/871/461 631/811/579
f 631/811/579 582/871/461 629/872/563
f 631/811/579 629/872/563 630/809/577
f 629/807/563 695/873/603 361/808/576
f 624/795/567 361/808/576 651/874/604
f 624/795/567 652/875/605 623/796/568
f 623/796/568 652/875/605 653/876/606
f 653/876/606 654/877/607 623/796/568
f 654/877/607 655/878/608 427/794/566
f 654/877/607 427/794/566 623/796/568
f 428/797/569 426/879/609 626/799/571
f 626/799/571 426/879/609 656/880/610
f 656/880/610 657/805/573 626/799/571
f 419/803/574 621/881/611 627/804/572
f 627/804/572 621/881/611 658/882/612
f 627/804/572 658/882/612 628/883/575
f 629/807/563 624/795/567 628/806/575
f 629/872/563 659/812/580 630/809/577
f 659/884/580 634/371/261 633/814/581
f 634/371/261 659/884/580 187/369/260
f 194/885/613 187/369/260 659/884/580
f 194/885/613 202/886/614 187/369/260
f 202/886/614 198/887/615 187/369/260
f 202/888/614 194/889/613 660/338/234
f 660/338/234 198/890/615 202/888/614
f 661/339/235 662/891/616 701/892/617
f 701/892/617 854/893/618 661/339/235
f 497/270/185 123/269/165 122/894/184
f 497/270/185 122/894/184 166/895/619
f 497/270/185 173/896/620 663/897/621
f 497/898/185 664/899/622 130/900/186
f 130/900/186 664/899/622 665/901/623
f 130/900/186 665/901/623 666/902/624
f 130/900/186 666/902/624 102/225/148
f 666/902/624 667/903/129 102/225/148
f 479/904/131 102/225/148 667/903/129
f 479/222/131 636/905/144 94/220/143
f 636/824/144 479/906/131 668/825/585
f 637/286/196 668/907/585 638/908/209
f 637/286/196 638/908/209 503/909/206
f 638/910/209 668/911/585 669/835/588
f 669/835/588 702/912/625 639/836/589
f 640/834/207 639/836/589 103/228/151
f 640/834/207 103/228/151 488/913/219
f 488/837/219 105/914/626 114/857/598
f 488/913/219 103/228/151 105/915/626
f 103/228/151 639/836/589 473/201/132
f 103/228/151 96/226/149 105/915/626
f 89/916/627 91/207/137 103/228/151
f 89/916/627 103/228/151 473/201/132
f 78/184/117 91/207/137 89/916/627
f 91/207/137 78/184/117 670/210/139
f 671/206/136 87/203/133 88/917/138
f 475/204/134 671/206/136 672/183/116
f 475/204/134 672/183/116 80/918/123
f 80/918/123 672/183/116 464/177/110
f 80/192/123 464/919/110 469/193/124
f 469/193/124 461/174/107 76/173/106
f 461/174/107 469/193/124 703/920/628
f 461/174/107 704/921/629 70/172/105
f 70/172/105 704/921/629 705/922/630
f 673/923/631 674/924/632 74/175/108
f 675/925/633 676/926/634 674/927/632
f 675/925/633 677/928/635 676/926/634
f 678/929/636 679/167/100 73/171/104
f 679/167/100 680/930/637 681/931/638
f 681/931/638 67/165/98 679/167/100
f 681/931/638 460/170/103 67/165/98
f 681/931/638 682/932/639 460/170/103
f 683/933/640 682/932/639 457/129/74
f 457/129/74 42/934/67 55/133/76
f 42/934/67 46/131/71 55/133/76
f 42/934/67 27/935/46 46/131/71
f 42/936/67 47/122/70 452/121/68
f 42/934/67 457/129/74 47/126/70
f 683/933/640 684/937/641 460/170/103
f 683/933/640 460/170/103 682/932/639
f 460/170/103 684/937/641 685/938/642
f 685/938/642 68/168/101 460/170/103
f 685/938/642 687/939/643 463/181/114
f 685/938/642 463/181/114 68/168/101
f 463/181/114 678/929/636 73/171/104
f 463/181/114 688/940/644 678/929/636
f 688/940/644 677/928/635 678/929/636
f 677/928/635 688/940/644 676/926/634
f 689/941/645 76/173/106 674/924/632
f 689/941/645 674/924/632 676/942/634
f 674/924/632 76/173/106 74/175/108
f 676/943/634 690/194/125 689/941/645
f 689/941/645 690/194/125 469/193/124
f 689/941/645 469/193/124 76/173/106
f 690/194/125 86/944/599 80/192/123
f 86/944/599 475/945/134 80/192/123
f 475/946/134 86/947/599 646/948/135
f 690/949/125 691/950/646 86/947/599
f 691/950/646 690/949/125 718/951/647
f 86/947/599 691/950/646 692/952/158
f 692/952/158 645/953/596 86/947/599
f 645/954/596 481/955/154 86/956/599
f 692/238/158 647/957/597 645/954/596
f 692/958/158 116/959/166 647/854/597
f 228/960/309 642/846/593 643/847/594
f 228/960/309 535/961/319 642/846/593
f 641/843/592 642/846/593 535/961/319
f 534/962/318 225/963/303 641/843/592
f 694/864/600 225/841/303 693/964/648
f 694/965/600 722/966/649 306/967/650
f 694/864/600 306/968/650 222/863/280
f 306/968/650 648/865/601 222/863/280
f 306/968/650 300/969/651 648/865/601
f 300/970/651 301/971/652 648/972/601
f 648/865/601 301/973/652 526/866/281
f 301/973/652 649/868/462 526/866/281
f 650/870/602 582/871/461 632/810/578
f 695/873/603 696/974/653 361/808/576
f 652/875/605 624/795/567 651/874/604
f 653/876/606 652/875/605 697/975/654
f 653/876/606 697/975/654 619/784/558
f 619/784/558 654/877/607 653/876/606
f 619/784/558 411/770/552 654/877/607
f 654/877/607 411/770/552 617/976/655
f 654/877/607 617/976/655 655/878/608
f 655/878/608 617/976/655 620/773/553
f 655/878/608 625/977/656 427/794/566
f 428/797/569 606/978/531 426/879/609
f 656/880/610 413/979/556 657/805/573
f 657/980/573 413/981/556 612/756/543
f 657/802/573 612/982/543 419/803/574
f 419/803/574 698/983/657 407/984/658
f 419/803/574 407/984/658 424/985/659
f 407/984/658 699/792/564 424/985/659
f 699/792/564 425/793/565 424/985/659
f 628/883/575 658/882/612 425/793/565
f 700/986/660 166/895/619 701/987/617
f 700/986/660 173/896/620 166/895/619
f 173/896/620 497/270/185 166/895/619
f 497/270/185 663/897/621 119/988/661
f 664/899/622 739/989/662 665/901/623
f 668/911/585 479/990/131 702/912/625
f 668/911/585 702/912/625 669/835/588
f 702/912/625 473/201/132 639/836/589
f 82/202/121 473/201/132 83/991/122
f 83/191/122 476/992/663 79/189/112
f 476/992/663 468/993/664 79/189/112
f 79/179/112 468/994/664 462/180/113
f 79/179/112 72/176/109 84/186/119
f 462/180/113 468/994/664 45/995/665
f 462/996/113 703/920/628 72/997/109
f 704/921/629 461/174/107 703/920/628
f 705/922/630 673/923/631 70/172/105
f 673/923/631 705/922/630 745/998/666
f 673/923/631 745/998/666 675/999/633
f 673/923/631 675/999/633 674/924/632
f 675/925/633 706/1000/667 677/928/635
f 677/928/635 679/167/100 678/929/636
f 677/928/635 680/930/637 679/167/100
f 680/930/637 706/1000/667 748/1001/668
f 680/930/637 748/1001/668 707/1002/669
f 680/930/637 707/1002/669 708/1003/670
f 708/1003/670 681/931/638 680/930/637
f 681/931/638 449/127/34 682/932/639
f 682/932/639 449/127/34 457/129/74
f 449/127/34 708/1003/670 749/1004/671
f 449/51/34 749/1005/671 438/52/35
f 438/52/35 431/8/7 7/20/14
f 431/8/7 752/1006/672 1/1/1
f 431/8/7 1/1/1 2/3/3
f 1/1/1 752/1006/672 709/1007/673
f 1/1008/1 5/15/8 430/17/2
f 1/1008/1 709/1009/673 9/1010/674
f 1/1008/1 9/1010/674 5/15/8
f 710/1011/675 711/1012/676 13/21/15
f 710/1011/675 13/21/15 9/1010/674
f 13/21/15 5/15/8 9/1010/674
f 711/1012/676 712/1013/677 13/21/15
f 711/1012/676 41/124/72 712/1013/677
f 712/1013/677 37/93/56 435/92/55
f 712/1013/677 41/124/72 46/123/71
f 712/1013/677 46/123/71 37/93/56
f 435/92/55 16/26/18 13/21/15
f 435/92/55 13/21/15 712/1013/677
f 41/124/72 711/1012/676 710/1011/675
f 41/124/72 710/1011/675 713/1014/678
f 41/124/72 713/1014/678 456/134/77
f 713/1015/678 684/937/641 55/133/76
f 713/1015/678 55/133/76 456/146/77
f 684/937/641 683/933/640 55/133/76
f 684/937/641 714/1016/679 686/1017/680
f 684/937/641 686/1017/680 685/938/642
f 686/1017/680 714/1016/679 715/1018/681
f 715/1018/681 685/938/642 686/1017/680
f 715/1018/681 687/939/643 685/938/642
f 687/939/643 716/1019/682 688/940/644
f 687/939/643 688/940/644 463/181/114
f 717/1020/683 676/926/634 688/940/644
f 717/1021/683 690/949/125 676/1022/634
f 690/949/125 717/1021/683 718/951/647
f 691/950/646 718/951/647 115/1023/684
f 691/950/646 115/1023/684 482/1024/159
f 691/950/646 482/1024/159 692/952/158
f 482/1024/159 782/1025/685 108/1026/157
f 108/1026/157 782/1025/685 719/1027/686
f 719/1028/686 720/1029/687 111/1030/688
f 719/1028/686 111/1030/688 108/246/157
f 720/1029/687 783/1031/222 140/300/203
f 720/1029/687 140/300/203 108/246/157
f 720/1029/687 108/246/157 111/1030/688
f 108/246/157 140/300/203 116/247/166
f 181/861/310 116/959/166 135/1032/689
f 181/861/310 647/854/597 116/959/166
f 135/1033/689 116/247/166 495/1034/690
f 181/1035/310 135/1036/689 201/1037/276
f 201/1038/276 270/1039/337 560/588/404
f 201/1038/276 560/588/404 305/1040/691
f 201/1038/276 305/1040/691 556/564/320
f 228/454/309 556/1041/320 264/471/332
f 264/471/332 221/423/300 228/454/309
f 264/1042/332 272/529/333 540/484/339
f 264/471/332 540/509/339 233/466/327
f 558/587/378 271/562/379 305/1040/691
f 558/587/378 305/1040/691 560/588/404
f 556/564/320 305/1040/691 271/562/379
f 270/1043/337 189/394/277 238/1044/317
f 238/1044/317 189/394/277 534/1045/318
f 534/452/318 221/423/300 226/425/302
f 534/962/318 535/961/319 221/1046/300
f 534/1047/318 693/964/648 225/841/303
f 555/552/381 721/1048/692 693/964/648
f 721/1048/692 694/864/600 693/964/648
f 721/1048/692 723/1049/693 694/864/600
f 723/1050/693 722/966/649 694/965/600
f 306/967/650 723/1050/693 300/970/651
f 649/654/462 301/971/652 338/652/460
f 301/971/652 300/970/651 724/655/463
f 301/971/652 724/655/463 338/652/460
f 581/656/464 725/1051/694 338/652/460
f 338/652/460 725/1051/694 696/974/653
f 338/652/460 696/974/653 695/873/603
f 338/652/460 695/873/603 582/653/461
f 582/653/461 695/873/603 629/807/563
f 696/974/653 725/1051/694 726/1052/695
f 696/974/653 726/1052/695 361/808/576
f 726/1052/695 651/874/604 361/808/576
f 726/1052/695 652/875/605 651/874/604
f 726/1052/695 728/1053/696 697/975/654
f 726/1052/695 697/975/654 652/875/605
f 697/975/654 727/1054/697 404/1055/538
f 697/975/654 404/1055/538 619/784/558
f 404/1055/538 416/771/540 619/784/558
f 727/1056/697 604/737/529 404/750/538
f 604/737/529 401/1057/698 378/722/517
f 604/737/529 727/1056/697 401/1057/698
f 727/1054/697 697/975/654 728/1053/696
f 727/1054/697 728/1053/696 401/1058/698
f 729/1059/699 728/1053/696 725/1051/694
f 729/1059/699 725/1051/694 581/656/464
f 731/1060/700 729/1059/699 581/656/464
f 731/1060/700 581/656/464 724/655/463
f 724/655/463 730/1061/701 731/1060/700
f 730/1061/701 724/655/463 300/970/651
f 731/1060/700 732/1062/702 729/1059/699
f 732/1062/702 401/1058/698 728/1053/696
f 732/1062/702 728/1053/696 729/1059/699
f 732/1063/702 386/734/527 378/722/517
f 732/1063/702 378/722/517 401/1057/698
f 731/1064/700 733/658/466 732/1065/702
f 733/1066/466 386/734/527 732/1067/702
f 733/658/466 731/1064/700 730/1068/701
f 730/1068/701 331/637/448 733/658/466
f 730/1069/701 336/1070/703 337/1071/704
f 730/1068/701 337/1072/704 331/637/448
f 730/1061/701 723/1050/693 336/1073/703
f 723/1050/693 306/967/650 722/966/649
f 723/1074/693 721/1075/692 336/1070/703
f 579/1076/705 337/1071/704 336/1070/703
f 579/1076/705 331/1077/448 337/1071/704
f 579/1076/705 274/1078/380 331/1077/448
f 331/1077/448 274/1078/380 324/1079/429
f 311/1080/427 248/1081/344 547/1082/706
f 311/1080/427 324/1079/429 248/1081/344
f 311/615/427 547/1083/706 314/1084/433
f 575/639/434 314/1085/433 547/1082/706
f 575/622/434 789/1086/707 734/1087/708
f 575/622/434 734/1087/708 351/623/435
f 734/1087/708 383/1088/520 351/623/435
f 383/1088/520 734/1087/708 735/1089/709
f 383/1088/520 615/1090/710 413/782/556
f 383/1088/520 413/782/556 391/739/521
f 615/1090/710 383/1088/520 735/1089/709
f 615/1090/710 735/1089/709 609/1091/711
f 413/979/556 656/880/610 616/1092/554
f 398/1093/555 616/1092/554 656/880/610
f 656/880/610 426/879/609 398/1093/555
f 606/978/531 398/1093/555 426/879/609
f 417/765/550 606/978/531 428/797/569
f 417/765/550 428/797/569 625/977/656
f 417/765/550 625/977/656 655/878/608
f 606/978/531 417/765/550 410/1094/539
f 413/981/556 794/757/544 612/756/543
f 698/983/657 736/1095/712 407/984/658
f 614/743/533 811/609/423 549/527/365
f 614/743/533 549/527/365 699/792/564
f 629/791/563 549/527/365 659/1096/580
f 700/1097/660 662/1098/616 194/1099/613
f 737/1100/713 663/897/621 173/896/620
f 737/1100/713 738/1101/714 663/897/621
f 663/1102/621 738/1103/714 119/1104/661
f 119/1105/661 664/899/622 497/898/185
f 739/989/662 666/902/624 665/901/623
f 666/1106/624 472/199/130 667/198/129
f 472/199/130 476/992/663 83/191/122
f 476/992/663 472/199/130 90/1107/140
f 468/1108/664 92/1109/715 740/1110/716
f 740/1110/716 60/1111/91 468/1108/664
f 468/994/664 60/1112/91 45/995/665
f 803/163/96 63/158/92 60/157/91
f 803/1113/96 470/1114/717 459/1115/97
f 459/164/97 741/1116/718 742/1117/719
f 742/1117/719 66/162/95 459/164/97
f 743/1118/720 64/159/93 744/1119/721
f 743/1118/720 15/30/20 442/62/40
f 439/32/22 745/998/666 705/922/630
f 439/32/22 746/1120/722 745/998/666
f 746/1120/722 439/32/22 747/1121/723
f 706/1122/667 746/1123/722 748/1124/668
f 749/1004/671 708/1003/670 707/1002/669
f 749/1005/671 750/1125/724 438/52/35
f 750/1125/724 769/1126/725 438/52/35
f 438/52/35 769/1126/725 751/1127/726
f 438/52/35 751/1127/726 431/8/7
f 751/1127/726 752/1006/672 431/8/7
f 709/1009/673 752/1128/672 753/1129/727
f 709/1009/673 753/1130/727 9/1010/674
f 9/1131/674 753/1132/727 754/1133/728
f 9/1010/674 754/1134/728 710/1011/675
f 710/1011/675 754/1134/728 713/1014/678
f 754/1135/728 684/937/641 713/1015/678
f 684/1136/641 754/1137/728 714/1138/679
f 714/1139/679 754/1140/728 770/1141/729
f 714/1016/679 755/1142/730 756/1143/731
f 714/1016/679 756/1143/731 687/939/643
f 714/1016/679 687/939/643 715/1018/681
f 756/1143/731 758/1144/732 687/939/643
f 756/1145/731 757/1146/733 758/1147/732
f 758/1144/732 716/1019/682 687/939/643
f 716/1019/682 774/1148/734 717/1020/683
f 716/1019/682 717/1020/683 688/940/644
f 717/1021/683 774/1149/734 718/951/647
f 718/951/647 774/1149/734 759/1150/735
f 93/1151/736 718/951/647 759/1150/735
f 718/951/647 93/1151/736 115/1023/684
f 761/1152/737 762/1153/738 81/1154/126
f 742/1117/719 744/1119/721 66/162/95
f 743/1118/720 763/1155/739 764/1156/740
f 743/1118/720 764/1156/740 15/30/20
f 764/1156/740 765/1157/741 15/30/20
f 765/1157/741 434/31/21 15/30/20
f 434/31/21 766/1158/742 767/1159/743
f 434/31/21 767/1159/743 747/1121/723
f 767/1159/743 768/1160/744 747/1121/723
f 768/1161/744 746/1123/722 747/1162/723
f 768/1161/744 750/1125/724 707/1163/669
f 768/1161/744 707/1163/669 748/1124/668
f 707/1163/669 750/1125/724 749/1005/671
f 769/1126/725 778/1164/745 751/1127/726
f 751/1127/726 778/1164/745 752/1006/672
f 752/1165/672 779/1166/746 753/1132/727
f 753/1132/727 779/1166/746 781/1167/747
f 753/1132/727 781/1167/747 771/1168/748
f 753/1132/727 771/1168/748 754/1133/728
f 754/1133/728 771/1168/748 770/1169/729
f 770/1141/729 771/1170/748 755/1171/730
f 770/1141/729 755/1171/730 714/1172/679
f 755/1171/730 771/1170/748 772/1173/749
f 755/1171/730 772/1173/749 757/1146/733
f 755/1171/730 757/1146/733 756/1145/731
f 757/1146/733 772/1173/749 773/1174/750
f 758/1147/732 757/1146/733 716/1175/682
f 716/1175/682 757/1146/733 775/1176/751
f 716/1175/682 775/1176/751 774/1177/734
f 774/1149/734 761/1178/737 760/1179/752
f 774/1149/734 760/1179/752 759/1150/735
f 761/1152/737 775/1176/751 762/1153/738
f 741/1180/718 775/1176/751 757/1146/733
f 741/1180/718 757/1146/733 773/1174/750
f 773/1181/750 744/1119/721 742/1117/719
f 773/1181/750 742/1117/719 741/1116/718
f 773/1181/750 776/1182/753 744/1119/721
f 776/1182/753 763/1155/739 744/1119/721
f 765/1183/741 777/1184/754 766/1185/742
f 765/1183/741 766/1185/742 434/1186/21
f 767/1187/743 766/1188/742 778/1164/745
f 767/1187/743 750/1125/724 768/1161/744
f 767/1187/743 769/1126/725 750/1125/724
f 769/1126/725 767/1187/743 778/1164/745
f 778/1164/745 777/1189/754 752/1006/672
f 777/1184/754 779/1166/746 752/1165/672
f 771/1168/748 781/1167/747 772/1190/749
f 772/1190/749 781/1167/747 780/1191/755
f 772/1173/749 780/1192/755 773/1174/750
f 773/1174/750 780/1192/755 776/1193/753
f 763/1194/739 776/1195/753 781/1167/747
f 779/1166/746 765/1183/741 764/1196/740
f 779/1166/746 777/1184/754 765/1183/741
f 777/1184/754 778/1197/745 766/1185/742
f 781/1167/747 779/1166/746 763/1194/739
f 763/1194/739 779/1166/746 764/1196/740
f 781/1167/747 776/1195/753 780/1191/755
f 763/1155/739 743/1118/720 744/1119/721
f 775/1176/751 741/1180/718 762/1153/738
f 775/1176/751 761/1152/737 774/1177/734
f 768/1161/744 748/1124/668 746/1123/722
f 434/31/21 747/1121/723 439/32/22
f 744/1119/721 64/159/93 66/162/95
f 762/1153/738 741/1198/718 459/1115/97
f 459/1115/97 81/1154/126 762/1153/738
f 81/1154/126 760/1199/752 761/1152/737
f 760/1199/752 81/1154/126 759/1200/735
f 759/1200/735 81/1154/126 471/1201/128
f 759/1200/735 471/1201/128 93/1202/736
f 471/1201/128 474/1203/127 115/1204/684
f 498/1205/756 115/1023/684 474/1206/127
f 115/1023/684 93/1151/736 471/1207/128
f 782/1208/685 163/1209/757 719/1210/686
f 719/1028/686 151/1211/758 720/1029/687
f 720/1029/687 151/1211/758 154/1212/759
f 720/1213/687 154/1214/759 786/1215/760
f 720/1213/687 786/1215/760 783/1216/222
f 171/1217/761 507/322/223 783/321/222
f 507/322/223 171/1217/761 784/1218/762
f 784/1219/762 185/1220/763 785/1221/764
f 785/1221/764 185/1220/763 516/1222/765
f 185/1220/763 513/347/239 516/1222/765
f 513/1223/239 142/324/204 172/1224/766
f 513/1223/239 172/1224/766 516/1225/765
f 785/1226/764 516/1225/765 172/1224/766
f 785/1226/764 172/1224/766 515/323/224
f 515/323/224 507/322/223 784/1218/762
f 515/323/224 784/1218/762 785/1226/764
f 515/323/224 172/1224/766 142/324/204
f 185/1220/763 784/1219/762 171/1227/761
f 783/1228/222 512/348/240 513/347/239
f 783/1228/222 513/347/239 171/1227/761
f 513/347/239 185/1220/763 171/1227/761
f 165/393/238 512/1229/240 786/1215/760
f 786/1215/760 154/1214/759 189/394/277
f 189/394/277 270/1043/337 201/392/276
f 165/1230/238 201/1037/276 135/1036/689
f 135/1036/689 142/1231/204 165/1230/238
f 165/1232/238 142/324/204 513/1223/239
f 189/394/277 165/393/238 786/1215/760
f 154/1214/759 534/1045/318 189/394/277
f 512/1229/240 783/1216/222 786/1215/760
f 151/1211/758 719/1233/686 163/1234/757
f 163/1235/757 188/1236/264 151/1211/758
f 151/1237/758 188/375/264 787/377/259
f 151/1238/758 787/1239/259 525/414/258
f 525/414/258 227/1240/307 693/1241/648
f 525/414/258 693/1241/648 154/1214/759
f 154/1214/759 151/1238/758 525/414/258
f 693/1241/648 534/1045/318 154/1214/759
f 693/964/648 227/1242/307 555/552/381
f 227/1242/307 788/491/345 555/552/381
f 555/552/381 788/491/345 248/490/344
f 545/640/346 575/639/434 547/1082/706
f 240/1243/308 545/1244/346 788/1245/345
f 240/435/308 788/1246/345 227/433/307
f 240/435/308 559/576/399 545/575/346
f 559/1247/399 570/1248/450 291/1249/398
f 291/1249/398 570/1248/450 325/1250/449
f 570/1248/450 605/1251/767 575/1252/434
f 575/622/434 605/1253/767 789/1086/707
f 789/1086/707 735/1089/709 734/1087/708
f 735/1089/709 396/1254/768 609/1091/711
f 396/1254/768 735/1089/709 790/1255/769
f 792/1256/770 609/1257/711 396/1258/768
f 793/1259/771 615/1260/710 609/1257/711
f 793/1259/771 609/1257/711 792/1256/770
f 793/1259/771 794/757/544 615/1260/710
f 615/1260/710 794/757/544 413/981/556
f 794/757/544 611/1261/508 406/755/542
f 598/705/503 387/704/502 406/755/542
f 598/705/503 406/755/542 611/1261/508
f 406/755/542 795/726/519 612/756/543
f 698/983/657 612/982/543 795/1262/519
f 698/983/657 419/803/574 612/982/543
f 795/1262/519 736/1095/712 698/983/657
f 736/1095/712 796/1263/772 407/984/658
f 403/744/534 614/743/533 699/792/564
f 403/744/534 699/792/564 407/984/658
f 659/1096/580 549/527/365 258/1264/360
f 700/1097/660 737/1100/713 173/896/620
f 738/1101/714 737/1100/713 124/1265/187
f 494/274/189 119/1104/661 738/1103/714
f 119/1104/661 739/1266/662 664/1267/622
f 472/1268/130 100/213/141 90/212/140
f 797/1269/773 489/1270/176 100/213/141
f 489/258/176 492/1271/774 137/256/174
f 798/1272/775 127/1273/175 849/1274/776
f 798/1272/775 104/242/162 92/1109/715
f 92/1109/715 104/242/162 97/1275/777
f 799/1276/778 110/243/163 846/1277/216
f 799/1276/778 846/1277/216 800/1278/215
f 799/1276/778 183/1279/254 125/1280/779
f 125/1280/779 537/462/326 139/1281/780
f 192/461/325 184/1282/781 139/1281/780
f 139/1281/780 801/1283/782 125/1280/779
f 801/1283/782 799/1276/778 125/1280/779
f 104/242/162 802/1284/783 97/1275/777
f 802/1284/783 81/195/126 470/1285/717
f 802/1284/783 470/1285/717 804/1286/784
f 803/1287/96 60/1111/91 740/1110/716
f 740/1110/716 804/1286/784 470/1285/717
f 740/1110/716 470/1285/717 803/1287/96
f 802/1284/783 804/1286/784 92/1109/715
f 802/1284/783 92/1109/715 97/1275/777
f 740/1110/716 92/1109/715 804/1286/784
f 81/195/126 802/1284/783 474/196/127
f 802/1284/783 104/242/162 474/196/127
f 474/196/127 104/242/162 484/244/164
f 484/244/164 170/1288/241 474/196/127
f 170/349/241 498/1289/756 474/1290/127
f 170/1288/241 484/244/164 177/1291/250
f 170/349/241 177/359/250 514/350/242
f 177/1291/250 484/244/164 110/243/163
f 177/1291/250 110/243/163 799/1276/778
f 177/1291/250 799/1276/778 801/1283/782
f 801/1292/782 520/381/269 196/351/243
f 801/1292/782 196/351/243 177/359/250
f 801/1283/782 184/1282/781 520/1293/269
f 801/1283/782 139/1281/780 184/1282/781
f 192/461/325 139/1281/780 537/462/326
f 192/1294/325 232/1295/324 184/1296/781
f 184/1296/781 232/1295/324 231/457/322
f 216/400/283 260/1297/364 255/1298/374
f 216/400/283 210/362/253 260/1297/364
f 210/362/253 520/381/269 260/1297/364
f 216/400/283 255/1298/374 243/403/286
f 243/1299/286 307/597/413 298/594/410
f 307/597/413 243/1299/286 255/542/374
f 307/597/413 255/542/374 316/596/412
f 316/596/412 255/542/374 805/1300/785
f 316/596/412 805/1300/785 806/541/373
f 316/596/412 806/541/373 807/1301/786
f 808/628/440 562/606/420 809/1302/787
f 809/1302/787 407/984/658 796/1263/772
f 809/1302/787 403/744/534 407/984/658
f 403/744/534 809/1302/787 392/742/532
f 810/1303/788 614/743/533 392/742/532
f 810/1303/788 811/609/423 614/743/533
f 812/610/424 339/1304/789 304/605/419
f 812/610/424 392/742/532 339/1304/789
f 812/610/424 810/1303/788 392/742/532
f 810/1303/788 812/610/424 811/609/423
f 304/605/419 339/1304/789 562/606/420
f 260/526/364 562/606/420 806/541/373
f 806/541/373 805/1300/785 255/542/374
f 806/541/373 562/606/420 807/1301/786
f 562/606/420 808/628/440 807/1301/786
f 339/1304/789 809/1302/787 562/606/420
f 809/1302/787 339/1304/789 392/742/532
f 808/628/440 809/1302/787 813/566/390
f 813/566/390 282/565/389 253/595/411
f 282/1305/389 242/1306/790 253/1307/411
f 536/456/321 267/498/349 230/410/293
f 536/456/321 242/1306/790 267/498/349
f 242/1306/790 266/1308/791 267/498/349
f 266/1308/791 242/1306/790 282/1305/389
f 266/1308/791 282/1305/389 557/1309/391
f 557/1309/391 363/712/480 266/1308/791
f 379/1310/518 815/1311/792 814/1312/793
f 379/1310/518 796/1263/772 736/1095/712
f 379/1310/518 736/1095/712 795/1262/519
f 796/1263/772 379/1310/518 814/1312/793
f 809/1302/787 796/1263/772 815/1311/792
f 815/1311/792 813/566/390 809/1302/787
f 813/566/390 815/1311/792 379/1310/518
f 814/1312/793 815/1311/792 796/1263/772
f 813/566/390 379/1310/518 557/567/391
f 795/726/519 406/755/542 387/704/502
f 598/705/503 611/1261/508 367/703/501
f 379/1313/518 367/1314/501 557/1309/391
f 379/1313/518 387/1315/502 367/1314/501
f 367/1314/501 363/712/480 557/1309/391
f 363/712/480 267/498/349 266/1308/791
f 267/1316/349 359/676/479 583/675/468
f 267/1316/349 583/675/468 276/497/348
f 267/498/349 363/712/480 359/1317/479
f 276/497/348 583/675/468 842/1318/794
f 246/495/313 250/1319/361 251/1320/342
f 251/1320/342 250/1319/361 817/1321/343
f 528/422/299 817/488/343 265/1322/363
f 528/422/299 265/1322/363 551/1323/362
f 528/422/299 551/1323/362 219/421/298
f 219/1324/298 818/1325/795 530/439/311
f 219/1324/298 530/439/311 223/444/272
f 530/439/311 818/1325/795 546/440/312
f 246/1326/313 546/447/312 249/442/314
f 546/1327/312 818/1328/795 269/1329/355
f 546/1327/312 269/1329/355 250/1330/361
f 269/1329/355 818/1328/795 257/1331/356
f 818/1328/795 819/1332/796 257/1331/356
f 819/1333/796 553/519/359 257/518/356
f 553/519/359 845/630/442 278/520/357
f 278/520/357 845/630/442 318/629/441
f 326/1334/797 286/539/371 278/516/357
f 286/539/371 357/1335/485 592/569/393
f 362/673/477 592/685/393 354/678/481
f 362/673/477 820/672/470 364/1336/798
f 364/1337/798 841/1338/799 821/1339/800
f 821/1339/800 823/1340/801 822/1341/802
f 822/1341/802 397/1342/803 824/1343/804
f 397/1342/803 822/1341/802 396/1258/768
f 397/1342/803 791/1344/805 824/1343/804
f 825/1345/806 822/1341/802 824/1343/804
f 825/1345/806 364/1337/798 821/1339/800
f 825/1345/806 821/1339/800 822/1341/802
f 364/1346/798 322/633/445 592/569/393
f 364/1336/798 592/685/393 362/673/477
f 826/1347/514 377/1348/513 824/1349/804
f 826/1347/514 791/1350/805 827/1351/807
f 791/1350/805 826/1347/514 824/1352/804
f 791/1350/805 396/1353/768 342/1354/808
f 791/1350/805 342/1354/808 827/1351/807
f 826/1347/514 827/1351/807 342/1354/808
f 588/635/447 574/634/446 377/718/513
f 588/635/447 377/718/513 828/720/515
f 574/634/446 825/1355/806 377/718/513
f 825/1355/806 574/634/446 322/633/445
f 588/635/447 828/720/515 563/608/422
f 563/608/422 285/568/392 322/633/445
f 563/608/422 322/633/445 588/635/447
f 563/608/422 564/504/353 285/568/392
f 285/568/392 259/540/372 286/539/371
f 285/568/392 548/503/352 259/540/372
f 236/517/358 256/532/354 257/515/356
f 236/517/358 220/450/316 546/449/312
f 236/517/358 546/449/312 256/532/354
f 220/1356/316 211/404/287 200/389/271
f 220/450/316 236/517/358 211/1357/287
f 220/1356/316 200/389/271 531/1358/273
f 211/404/287 206/390/275 200/389/271
f 206/390/275 211/404/287 208/376/265
f 206/390/275 208/376/265 188/375/264
f 206/390/275 188/375/264 191/391/274
f 191/391/274 188/375/264 163/1359/757
f 191/1360/274 215/420/291 223/419/272
f 215/420/291 191/1360/274 163/1361/757
f 782/1362/685 215/420/291 163/1363/757
f 782/1362/685 829/1364/809 215/420/291
f 829/1364/809 524/1365/292 215/420/291
f 524/1365/292 829/1364/809 536/1366/321
f 536/1366/321 829/1364/809 207/1367/262
f 536/1368/321 207/1369/262 298/594/410
f 298/1370/410 242/1306/790 536/456/321
f 298/1371/410 253/1307/411 242/1306/790
f 298/1372/410 207/373/262 243/403/286
f 829/1373/809 134/374/263 207/373/262
f 134/1374/263 782/1025/685 482/1024/159
f 134/1375/263 829/1376/809 782/1208/685
f 787/368/259 208/1377/265 186/366/257
f 186/1378/257 208/376/265 830/1379/810
f 830/1380/810 538/468/329 186/384/257
f 538/468/329 539/470/331 533/412/295
f 538/468/329 533/412/295 186/384/257
f 533/412/295 197/382/270 186/384/257
f 533/434/295 539/1381/331 240/435/308
f 240/435/308 539/1381/331 559/576/399
f 789/1382/707 605/1251/767 790/1383/769
f 790/1255/769 735/1089/709 789/1086/707
f 790/1383/769 342/1354/808 396/1384/768
f 790/1383/769 605/1251/767 342/1354/808
f 826/719/514 563/608/422 828/720/515
f 333/1385/458 308/607/421 563/608/422
f 308/1386/421 333/1387/458 332/1388/452
f 308/607/421 332/1389/452 312/1390/811
f 332/1388/452 328/1391/451 312/1392/811
f 328/1391/451 343/1393/812 312/1392/811
f 343/1394/812 328/642/451 313/618/430
f 313/618/430 569/620/432 343/1394/812
f 343/1393/812 327/1395/813 312/1392/811
f 312/1390/811 327/1396/813 303/1397/431
f 312/1390/811 283/1398/814 279/1399/815
f 279/1399/815 308/607/421 312/1390/811
f 308/607/421 279/1399/815 564/504/353
f 564/504/353 548/503/352 285/568/392
f 564/504/353 279/1399/815 254/502/351
f 831/553/382 543/556/385 832/1400/816
f 543/556/385 833/1401/817 832/1400/816
f 833/1401/817 543/556/385 834/1402/818
f 833/1401/817 834/1402/818 835/1403/819
f 834/1402/818 836/1404/820 835/1403/819
f 834/1402/818 544/1405/330 836/1404/820
f 544/469/330 837/1406/821 836/1407/820
f 544/1408/330 539/1381/331 245/1409/341
f 539/1410/331 315/1411/822 559/1247/399
f 559/1247/399 315/1411/822 570/1248/450
f 315/1412/822 834/1402/818 296/580/400
f 296/580/400 834/1402/818 244/555/384
f 544/1405/330 834/1402/818 315/1412/822
f 544/1405/330 315/1412/822 539/1413/331
f 836/1414/820 837/1415/821 224/1416/290
f 836/1414/820 237/1417/823 835/1418/819
f 224/1416/290 237/1417/823 836/1414/820
f 838/1419/824 544/469/330 538/468/329
f 544/1420/330 838/1421/824 837/1415/821
f 838/1421/824 538/1422/329 830/1423/810
f 838/1424/824 830/1379/810 212/405/288
f 838/1424/824 212/405/288 213/406/289
f 213/406/289 837/1425/821 838/1424/824
f 213/406/289 224/407/290 837/1425/821
f 212/405/288 830/1379/810 208/376/265
f 834/1402/818 543/556/385 244/555/384
f 835/1403/819 237/1426/823 833/1401/817
f 832/1427/816 833/1428/817 237/1429/823
f 832/1430/816 254/502/351 831/1431/382
f 832/1430/816 224/1432/290 254/502/351
f 224/1432/290 548/503/352 254/502/351
f 259/1433/372 212/405/288 236/1434/358
f 236/1434/358 212/405/288 211/404/287
f 212/405/288 259/1433/372 224/407/290
f 224/407/290 259/1433/372 548/1435/352
f 237/1429/823 224/407/290 832/1427/816
f 831/1436/382 333/649/458 292/577/383
f 292/577/383 580/651/459 315/1411/822
f 292/577/383 315/1411/822 296/578/400
f 315/1411/822 580/651/459 342/1354/808
f 315/1411/822 342/1354/808 570/1248/450
f 342/1354/808 605/1251/767 570/1248/450
f 580/651/459 826/1347/514 342/1354/808
f 580/651/459 292/577/383 333/649/458
f 332/1437/452 333/649/458 831/1436/382
f 332/1437/452 831/1436/382 577/1438/453
f 577/644/453 313/618/430 328/642/451
f 313/618/430 577/644/453 283/1439/814
f 569/1440/432 303/1441/431 327/1395/813
f 303/1397/431 283/1398/814 312/1390/811
f 303/619/431 313/618/430 283/1439/814
f 831/1442/382 279/1443/815 577/644/453
f 831/1444/382 254/502/351 279/1399/815
f 577/644/453 279/1443/815 283/1439/814
f 343/1393/812 569/1440/432 327/1395/813
f 563/650/422 826/1347/514 580/651/459
f 377/1445/513 825/1345/806 824/1343/804
f 397/1342/803 396/1258/768 791/1344/805
f 396/1258/768 822/1341/802 792/1256/770
f 792/1256/770 822/1341/802 793/1259/771
f 793/1259/771 822/1341/802 839/709/507
f 793/1259/771 839/709/507 794/757/544
f 611/1261/508 794/757/544 839/709/507
f 611/1261/508 839/709/507 370/663/469
f 840/708/506 841/1338/799 344/661/467
f 840/708/506 344/661/467 370/663/469
f 820/664/470 349/1446/476 842/1447/794
f 842/1447/794 349/1446/476 348/1448/492
f 842/1447/794 583/662/468 820/664/470
f 842/1318/794 816/1449/825 276/497/348
f 816/1449/825 843/1450/370 276/497/348
f 843/1450/370 250/1319/361 246/495/313
f 843/1450/370 246/495/313 276/497/348
f 250/536/361 265/1451/363 817/1452/343
f 843/1453/370 348/690/492 293/1454/402
f 348/1455/492 843/1450/370 816/1449/825
f 348/1455/492 816/1449/825 842/1318/794
f 348/690/492 595/689/491 293/1454/402
f 293/1456/402 595/689/491 353/1457/826
f 277/546/368 353/1457/826 349/671/476
f 277/546/368 349/671/476 317/598/414
f 349/671/476 576/647/456 317/598/414
f 349/671/476 354/678/481 576/647/456
f 590/679/482 576/647/456 354/678/481
f 590/679/482 376/706/504 371/680/483
f 371/680/483 601/681/484 355/648/457
f 371/680/483 376/706/504 381/715/510
f 376/1458/504 844/1459/827 381/1460/510
f 844/1459/827 591/1461/486 573/1462/828
f 326/1334/797 357/1335/485 286/539/371
f 592/685/393 368/684/487 354/678/481
f 357/1463/485 326/1464/797 591/1461/486
f 591/1461/486 844/1459/827 376/1458/504
f 591/1461/486 326/1464/797 573/1462/828
f 573/1465/828 326/1466/797 318/629/441
f 356/1467/829 844/1459/827 573/1462/828
f 573/1462/828 318/1468/441 356/1467/829
f 356/1469/829 318/629/441 601/681/484
f 318/629/441 572/631/443 601/681/484
f 572/631/443 561/547/377 355/648/457
f 561/547/377 572/631/443 845/630/442
f 845/630/442 553/519/359 561/547/377
f 355/648/457 561/547/377 317/598/414
f 601/681/484 371/680/483 372/714/509
f 372/714/509 380/1470/830 356/1469/829
f 372/714/509 356/1469/829 601/681/484
f 380/1471/830 381/1460/510 844/1459/827
f 380/1471/830 844/1459/827 356/1467/829
f 354/678/481 368/684/487 590/679/482
f 353/1457/826 277/546/368 293/1456/402
f 277/1472/368 256/538/354 293/582/402
f 344/661/467 841/1338/799 364/1337/798
f 344/661/467 364/1337/798 820/664/470
f 841/1338/799 823/1340/801 821/1339/800
f 822/1341/802 823/1340/801 840/708/506
f 822/1341/802 840/708/506 839/709/507
f 823/1340/801 841/1338/799 840/708/506
f 278/520/357 318/629/441 326/1466/797
f 553/519/359 819/1333/796 268/545/369
f 819/1332/796 551/524/362 268/535/369
f 819/1332/796 818/1328/795 551/524/362
f 818/1328/795 219/1473/298 551/524/362
f 808/628/440 316/596/412 807/1301/786
f 184/1296/781 231/457/322 520/381/269
f 204/401/284 231/465/322 183/363/254
f 183/363/254 231/465/322 537/464/326
f 125/1280/779 183/1279/254 537/462/326
f 183/1279/254 799/1276/778 800/1278/215
f 800/1278/215 519/1474/255 183/1279/254
f 800/313/215 160/315/217 519/364/255
f 124/1475/187 527/1476/297 847/1477/831
f 501/299/202 848/1478/832 494/274/189
f 848/1478/832 852/1479/833 494/274/189
f 848/1478/832 100/213/141 852/1479/833
f 848/1478/832 797/1269/773 100/213/141
f 797/1269/773 492/1480/774 489/1270/176
f 492/1480/774 153/1481/834 137/1482/174
f 153/1483/834 190/1484/835 850/1485/836
f 153/1483/834 850/1485/836 137/256/174
f 137/256/174 850/1485/836 849/1486/776
f 849/1274/776 104/242/162 798/1272/775
f 846/1277/216 110/243/163 104/242/162
f 850/1485/836 510/342/236 149/341/214
f 850/1485/836 851/1487/837 510/342/236
f 510/342/236 851/1487/837 214/416/296
f 851/1488/837 235/1489/838 214/1490/296
f 851/1491/837 138/273/188 176/1492/839
f 138/273/188 851/1491/837 190/1493/835
f 138/273/188 190/1493/835 501/299/202
f 501/299/202 190/1493/835 797/1269/773
f 797/1269/773 153/1481/834 492/1480/774
f 848/1478/832 501/299/202 797/1269/773
f 797/1269/773 190/1493/835 153/1481/834
f 851/1487/837 850/1485/836 190/1484/835
f 176/1492/839 235/1494/838 851/1491/837
f 160/340/217 510/342/236 527/417/297
f 527/417/297 124/1495/187 160/340/217
f 235/1489/838 847/1477/831 527/1476/297
f 176/1492/839 847/1496/831 235/1494/838
f 850/1497/836 149/1498/214 849/1274/776
f 849/1274/776 149/1498/214 104/242/162
f 149/1498/214 846/1277/216 104/242/162
f 849/1486/776 127/257/175 137/256/174
f 852/1479/833 119/1104/661 494/274/189
f 119/1104/661 852/1479/833 739/1266/662
f 852/1479/833 100/213/141 739/1266/662
f 176/1492/839 138/273/188 847/1496/831
f 847/1496/831 138/273/188 124/272/187
f 124/1475/187 700/1499/660 194/1500/613
f 194/1501/613 519/364/255 160/315/217
f 194/1500/613 160/1502/217 124/1475/187
f 258/1264/360 549/527/365 252/505/323
f 659/1503/580 519/364/255 194/1501/613
f 519/364/255 659/1504/580 217/365/256
f 217/365/256 659/1504/580 258/1505/360
f 737/1100/713 700/1097/660 124/1506/187
f 798/1507/775 118/255/173 127/257/175
f 798/1507/775 477/259/142 118/255/173
f 92/1508/715 90/212/140 798/1509/775
f 92/1109/715 476/1510/663 90/1511/140
f 92/1109/715 468/1108/664 476/1510/663
f 477/214/142 798/1509/775 90/212/140
f 100/213/141 666/1512/624 739/1266/662
f 100/213/141 472/1268/130 666/1512/624
f 494/274/189 738/1103/714 124/272/187
f 227/1240/307 525/414/258 218/413/294
f 482/1024/159 115/1023/684 134/1374/263
f 459/1115/97 470/1114/717 81/1154/126
f 675/1513/633 745/1514/666 746/1123/722
f 675/1513/633 746/1123/722 706/1122/667
f 705/922/630 440/53/36 439/32/22
f 441/54/37 440/53/36 45/1515/665
f 441/54/37 45/1515/665 442/62/40
f 45/1515/665 440/53/36 462/996/113
f 440/53/36 704/921/629 462/996/113
f 440/53/36 705/922/630 704/921/629
f 462/996/113 704/921/629 703/920/628
f 706/1000/667 680/930/637 677/928/635
f 442/62/40 450/1516/840 743/1118/720
f 450/1516/840 64/159/93 743/1118/720
f 64/159/93 450/1516/840 60/157/91
f 450/1516/840 442/62/40 60/157/91
f 442/62/40 45/1515/665 60/157/91
f 547/1082/706 248/1081/344 545/640/346
f 248/1081/344 324/1079/429 274/1078/380
f 579/1076/705 336/1070/703 274/1078/380
f 336/1070/703 555/1517/381 274/1078/380
f 336/1070/703 721/1075/692 555/1517/381
f 733/1066/466 366/735/465 386/734/527
f 730/1061/701 300/970/651 723/1050/693
f 725/1051/694 728/1053/696 726/1052/695
f 449/127/34 681/931/638 708/1003/670
f 72/997/109 703/920/628 469/193/124
f 72/997/109 469/193/124 464/919/110
f 84/186/119 75/178/111 467/185/118
f 84/186/119 72/176/109 75/178/111
f 84/186/119 467/185/118 85/187/120
f 467/185/118 473/201/132 85/187/120
f 467/185/118 78/184/117 89/916/627
f 467/185/118 89/916/627 473/201/132
f 479/990/131 83/991/122 473/201/132
f 479/990/131 473/201/132 702/912/625
f 166/1518/619 122/268/184 701/892/617
f 701/892/617 662/891/616 700/1519/660
f 662/891/616 661/339/235 660/338/234
f 662/891/616 660/338/234 194/889/613
f 629/791/563 628/883/575 425/793/565
f 425/793/565 658/882/612 621/881/611
f 621/881/611 424/985/659 425/793/565
f 621/881/611 419/803/574 424/985/659
f 655/878/608 620/773/553 417/765/550
f 617/1520/655 411/768/552 388/730/523
f 617/1520/655 388/730/523 607/729/522
f 617/1520/655 607/729/522 620/778/553
f 582/1521/461 650/869/602 649/868/462
f 534/962/318 641/843/592 535/961/319
f 683/933/640 457/129/74 55/133/76
f 74/175/108 70/172/105 673/923/631
f 672/183/116 671/206/136 466/1522/841
f 466/1522/841 465/1523/842 77/182/115
f 466/1522/841 77/182/115 672/183/116
f 77/182/115 465/1523/842 78/184/117
f 465/1523/842 670/210/139 78/184/117
f 670/210/139 465/1523/842 88/917/138
f 88/917/138 465/1523/842 466/1522/841
f 466/1522/841 671/206/136 88/917/138
f 130/900/186 102/225/148 123/245/165
f 853/1524/843 122/268/184 106/241/161
f 853/1524/843 854/893/618 122/268/184
f 854/893/618 701/892/617 122/268/184
f 854/893/618 505/1525/844 148/337/191
f 505/1525/844 854/893/618 483/240/160
f 854/893/618 853/1524/843 483/240/160
f 483/240/160 853/1524/843 106/241/161
f 101/234/155 120/1526/181 483/240/160
f 101/234/155 107/236/156 131/1527/182
f 101/234/155 131/1527/182 120/1526/181
f 483/240/160 120/1526/181 496/1528/192
f 483/240/160 496/1528/192 505/1525/844
f 505/1525/844 496/1528/192 148/337/191
f 854/893/618 148/337/191 661/339/235
f 660/338/234 187/1529/260 198/890/615
f 105/914/626 96/1530/149 480/233/153
f 480/233/153 114/857/598 105/914/626
f 643/847/594 193/1531/266 506/848/220
f 643/847/594 642/846/593 209/845/267
f 643/847/594 209/845/267 193/1531/266
f 522/396/279 180/380/268 209/379/267
f 178/839/591 155/832/587 518/838/590
f 518/838/590 155/832/587 150/316/218
f 644/1532/595 488/837/219 114/857/598
f 485/1533/169 117/1534/845 856/1535/846
f 855/1536/847 158/327/227 117/1534/845
f 855/1536/847 167/1537/848 158/327/227
f 158/327/227 857/326/226 856/1535/846
f 856/1535/846 857/326/226 107/1538/156
f 856/1535/846 117/1534/845 158/327/227
f 856/1535/846 107/1538/156 485/1533/169
f 485/1533/169 107/1538/156 478/1539/146
f 107/1538/156 857/326/226 147/1540/233
f 131/266/182 107/1541/156 147/336/233
f 147/336/233 152/335/232 131/266/182
f 147/336/233 508/1542/228 162/334/231
f 508/330/228 152/1543/232 162/1544/231
f 152/1543/232 508/330/228 860/1545/849
f 152/1543/232 860/1545/849 159/1546/850
f 159/1547/850 860/1548/849 121/1549/851
f 159/1547/850 121/1549/851 143/821/583
f 143/821/583 121/1549/851 487/818/582
f 121/1549/851 860/1548/849 493/822/584
f 493/822/584 487/818/582 121/1549/851
f 493/822/584 858/1550/168 635/823/145
f 858/250/168 861/1551/852 109/249/167
f 478/218/146 635/217/145 858/250/168
f 858/250/168 859/1552/853 861/1551/852
f 858/250/168 860/1553/849 859/1552/853
f 861/1551/852 145/310/212 109/249/167
f 109/1554/167 117/1534/845 485/1533/169
f 109/1554/167 146/1555/211 117/1534/845
f 855/1536/847 117/1534/845 146/1555/211
f 855/1536/847 146/1555/211 167/1537/848
f 167/1537/848 168/1556/213 175/1557/249
f 157/325/225 158/327/227 167/1537/848
f 157/1558/225 167/1559/848 509/333/230
f 508/1560/228 147/1540/233 857/326/226
f 161/329/229 860/1545/849 508/330/228
f 860/1545/849 161/329/229 859/1561/853
f 862/1562/247 156/1563/246 861/1551/852
f 862/1562/247 861/1551/852 859/1552/853
f 156/1563/246 145/310/212 861/1551/852
f 174/1564/245 168/311/213 145/310/212
f 174/1564/245 145/310/212 156/1563/246
f 174/353/245 517/356/248 168/1565/213
f 509/333/230 517/372/248 862/1566/247
f 509/333/230 862/1566/247 161/329/229
f 862/1566/247 859/1561/853 161/329/229
f 509/333/230 167/1559/848 175/357/249
f 167/1537/848 146/1555/211 168/1556/213
f 109/249/167 145/310/212 146/1567/211
f 860/1568/849 858/1550/168 493/822/584
f 499/294/200 133/292/183 143/821/583
f 148/815/191 511/344/190 164/343/237
f 148/815/191 634/371/261 660/370/234
f 429/798/570 624/795/567 427/794/566
f 622/1569/854 423/1570/855 618/783/557
f 421/1571/856 415/1572/548 618/783/557
f 863/1573/857 415/775/548 421/1574/856
f 863/1573/857 421/1574/856 423/1575/855
f 863/1573/857 864/1576/560 415/775/548
f 414/776/546 418/785/559 409/1577/547
f 409/763/547 420/790/562 618/783/557
f 863/1578/857 423/1570/855 622/1569/854
f 863/1578/857 622/1569/854 422/789/561
f 863/1578/857 422/789/561 864/1579/560
f 422/789/561 622/1569/854 420/790/562
f 420/790/562 622/1569/854 618/783/557
f 420/1580/562 409/1577/547 418/785/559
f 415/775/548 864/786/560 414/776/546
f 618/783/557 423/1570/855 421/1581/856
f 620/778/553 607/729/522 410/779/539
f 404/750/538 388/730/523 411/768/552
f 410/1582/539 607/741/522 606/740/531
f 409/760/547 400/1583/541 402/747/537
f 409/760/547 402/747/537 414/759/546
f 610/732/525 375/749/511 865/733/526
f 866/1584/858 399/745/535 394/1585/859
f 866/1586/858 375/749/511 399/748/535
f 867/731/524 402/1587/537 400/1588/541
f 867/731/524 400/1588/541 610/732/525
f 867/731/524 869/1589/860 402/1587/537
f 867/731/524 352/1590/861 868/1591/862
f 868/1591/862 869/1589/860 867/731/524
f 869/1592/860 399/745/535 402/747/537
f 869/1592/860 870/1593/863 394/1585/859
f 869/1592/860 394/1585/859 399/745/535
f 870/1593/863 393/1594/864 394/1585/859
f 393/1594/864 870/1593/863 871/1595/865
f 871/1595/865 608/1596/866 393/1594/864
f 608/1596/866 866/1584/858 394/1585/859
f 608/1597/866 369/1598/505 866/1586/858
f 866/1586/858 369/1598/505 375/749/511
f 375/716/511 369/707/505 599/627/439
f 603/1599/512 872/1600/867 375/749/511
f 872/1600/867 865/733/526 375/749/511
f 865/1601/526 872/1602/867 867/1603/524
f 867/1603/524 872/1602/867 352/1604/861
f 352/1604/861 872/1602/867 603/1605/512
f 603/1605/512 599/1606/439 568/1607/436
f 600/1608/437 871/1595/865 571/1609/438
f 600/625/437 369/707/505 871/1610/865
f 571/626/438 873/1611/868 568/1612/436
f 571/1609/438 871/1595/865 870/1593/863
f 571/1609/438 868/1613/862 873/1614/868
f 571/1609/438 870/1593/863 868/1613/862
f 873/1615/868 352/1604/861 568/1607/436
f 568/1607/436 352/1604/861 603/1605/512
f 873/1614/868 868/1613/862 352/1616/861
f 868/1613/862 870/1593/863 869/1592/860
f 369/1617/505 608/1596/866 871/1595/865
f 389/1618/530 390/1619/528 597/702/500
f 389/1618/530 597/702/500 385/701/499
f 597/1620/500 390/736/528 366/735/465
f 382/723/478 378/722/517 389/738/530
f 382/700/478 389/1618/530 385/701/499
f 395/1621/869 381/1460/510 380/1471/830
f 395/1621/869 380/1471/830 372/1622/509
f 372/714/509 381/715/510 395/1623/869
f 608/1596/866 394/1585/859 393/1594/864
f 384/721/516 874/1624/870 374/1625/871
f 874/1624/870 384/721/516 875/1626/872
f 874/1627/870 345/1628/471 584/1629/473
f 874/1627/870 585/1630/873 345/1628/471
f 585/1630/873 874/1627/870 875/1631/872
f 585/1630/873 875/1631/872 876/1632/874
f 585/1630/873 876/1632/874 345/1628/471
f 345/1628/471 876/1632/874 334/1633/444
f 345/1628/471 323/1634/875 320/1635/472
f 323/1634/875 345/1628/471 334/1633/444
f 323/1636/875 334/1637/444 320/666/472
f 334/1637/444 319/1638/415 320/666/472
f 319/1638/415 288/1639/395 320/666/472
f 320/1640/472 552/1641/376 877/1642/876
f 877/1642/876 295/560/388 320/1640/472
f 320/666/472 295/1643/388 882/1644/409
f 320/666/472 882/1644/409 584/667/473
f 584/667/473 374/1645/871 874/1646/870
f 384/721/516 374/1625/871 602/1647/877
f 384/721/516 602/1647/877 878/693/495
f 373/699/498 883/1648/878 365/698/497
f 365/698/497 881/1649/454 360/691/493
f 360/691/493 340/601/416 334/632/444
f 360/691/493 334/632/444 596/692/494
f 340/601/416 360/691/493 879/1650/879
f 340/1651/416 879/1652/879 565/603/417
f 340/1651/416 565/603/417 880/1653/880
f 880/1654/880 541/478/336 288/1655/395
f 541/478/336 880/1654/880 290/572/396
f 541/478/336 290/572/396 550/584/367
f 541/478/336 550/584/367 287/570/394
f 290/572/396 880/1654/880 565/1656/417
f 879/1652/879 329/604/418 565/603/417
f 879/1652/879 881/645/454 329/604/418
f 879/1650/879 360/691/493 881/1649/454
f 309/590/406 299/589/405 335/646/455
f 309/590/406 335/646/455 566/611/425
f 566/611/425 335/646/455 365/1657/497
f 566/1658/425 882/1644/409 321/1659/403
f 882/1644/409 566/1658/425 883/1660/878
f 882/1644/409 883/1660/878 584/667/473
f 584/667/473 883/1660/878 602/1661/877
f 602/1647/877 373/699/498 878/693/495
f 373/699/498 602/1647/877 883/1648/878
f 883/1648/878 566/1662/425 365/698/497
f 321/1663/403 310/670/426 587/669/475
f 321/1663/403 587/669/475 350/1664/881
f 321/1663/403 350/1664/881 294/591/407
f 294/591/407 566/611/425 321/1663/403
f 294/591/407 350/1664/881 284/592/408
f 284/592/408 350/1664/881 884/1665/882
f 884/1665/882 302/1666/397 284/592/408
f 284/592/408 329/604/418 299/589/405
f 299/589/405 329/604/418 335/646/455
f 329/604/418 284/592/408 302/1666/397
f 262/482/340 302/573/397 532/430/305
f 532/430/305 302/573/397 884/1667/882
f 884/1668/882 885/1669/883 532/1670/305
f 884/1665/882 350/1664/881 589/1671/496
f 884/1665/882 589/1671/496 578/1672/884
f 578/1673/884 885/1669/883 884/1668/882
f 578/1673/884 589/696/496 346/1674/885
f 578/1673/884 346/1674/885 330/1675/886
f 885/1669/883 247/1676/306 532/1670/305
f 247/1676/306 885/1669/883 567/614/387
f 885/1669/883 578/1673/884 330/1675/886
f 330/1675/886 567/614/387 885/1669/883
f 567/614/387 586/1677/887 886/1678/888
f 886/1678/888 594/1679/490 567/614/387
f 594/1679/490 310/612/426 567/614/387
f 310/1680/426 594/688/490 593/687/489
f 310/1680/426 593/687/489 347/1681/474
f 593/687/489 358/686/488 347/1681/474
f 594/688/490 886/1682/888 358/1683/488
f 886/1678/888 589/696/496 358/695/488
f 586/1677/887 346/1674/885 886/1678/888
f 586/1677/887 330/1675/886 346/1674/885
f 586/1677/887 567/614/387 330/1675/886
f 589/696/496 886/1678/888 346/1674/885
f 310/1680/426 321/583/403 280/559/386
f 881/645/454 365/1684/497 335/646/455
f 584/667/473 602/1661/877 374/1645/871
f 289/543/375 263/528/335 247/499/306
f 552/544/376 320/1685/472 288/571/395
f 334/1633/444 876/1632/874 596/1686/494
f 875/1687/872 384/1688/516 596/1689/494
f 875/1687/872 596/1689/494 876/1690/874
f 611/713/508 363/712/480 367/1314/501
f 364/1346/798 825/1355/806 322/633/445
f 587/669/475 589/1671/496 350/1664/881
f 291/1249/398 325/1250/449 545/1244/346
f 733/658/466 331/637/448 341/616/428
f 341/616/428 311/615/427 314/1084/433
f 340/601/416 880/1691/880 288/599/395
f 592/569/393 322/633/445 285/568/392
f 329/604/418 302/1666/397 290/602/396
f 560/588/404 270/1039/337 287/586/394
f 288/1655/395 541/478/336 263/477/335
f 297/1692/401 244/1693/384 292/1694/383
f 290/572/396 262/482/340 550/584/367
f 234/1695/328 245/1696/341 275/1697/889
f 275/1697/889 539/1698/331 234/1695/328
f 275/1697/889 245/1699/341 539/1698/331
f 272/529/333 239/1700/304 554/1701/890
f 239/1702/304 272/473/333 233/472/327
f 239/427/304 529/424/301 273/475/334
f 239/1700/304 273/474/334 554/1701/890
f 817/488/343 528/422/299 215/408/291
f 249/496/314 530/1703/311 241/510/347
f 246/1704/313 241/510/347 530/1703/311
f 229/443/315 531/446/273 223/444/272
f 526/398/281 205/828/586 199/399/282
f 155/832/587 199/399/282 129/831/208
f 504/308/210 182/361/252 144/287/197
f 179/1705/251 134/1706/263 498/1707/756
f 159/1708/850 126/281/193 132/1709/179
f 132/1709/179 152/1710/232 159/1708/850
f 132/1709/179 131/1711/182 152/1710/232
f 159/1712/850 133/292/183 126/298/193
f 159/1712/850 143/821/583 133/292/183
f 502/1713/205 142/1231/204 135/1036/689
f 637/286/196 169/289/199 112/820/170
f 477/259/142 100/1714/141 489/260/176
f 478/235/146 101/234/155 99/224/147
f 98/229/152 95/227/150 91/207/137
f 98/229/152 91/207/137 87/209/133
f 69/166/99 71/169/102 73/171/104
f 71/169/102 69/166/99 67/165/98
f 65/1715/891 44/1716/69 47/1717/70
f 65/1715/891 47/1717/70 38/1718/33
f 38/1719/33 44/1716/69 65/1720/891
f 66/162/95 64/159/93 63/158/92
f 61/150/88 890/1721/892 458/1722/90
f 61/1723/88 458/155/90 62/154/89
f 458/155/90 887/143/84 448/105/61
f 448/105/61 887/143/84 446/84/51
f 446/84/51 892/142/83 8/1724/11
f 446/84/51 8/1724/11 29/82/47
f 35/97/57 11/48/31 437/49/32
f 437/49/32 39/108/60 35/97/57
f 43/109/62 28/91/54 58/147/86
f 888/160/94 889/1725/893 890/1721/892
f 888/160/94 890/1721/892 61/150/88
f 890/1726/892 54/139/80 891/141/82
f 891/141/82 458/155/90 890/1726/892
f 887/143/84 892/142/83 446/84/51
f 8/14/11 12/13/10 35/1727/57
f 35/1728/57 29/82/47 8/1724/11
f 892/1729/83 893/1730/894 8/14/11
f 56/112/64 40/111/63 892/142/83
f 40/111/63 893/1731/894 892/142/83
f 893/1732/894 40/1733/63 894/1734/6
f 894/7/6 444/1735/13 7/20/14
f 19/1736/19 894/1734/6 40/1733/63
f 19/1736/19 40/1733/63 23/1737/28
f 40/1733/63 24/1738/26 23/1737/28
f 40/114/63 451/116/66 24/63/26
f 451/1739/66 897/1740/895 447/1741/53
f 451/1739/66 895/1742/896 897/1740/895
f 895/1742/896 889/1725/893 897/1740/895
f 895/1742/896 451/1739/66 54/1743/80
f 890/1721/892 889/1725/893 895/1742/896
f 889/1725/893 896/1744/897 897/1740/895
f 447/1745/53 32/1746/45 30/66/42
f 447/1747/53 26/73/38 31/74/41
f 447/1747/53 31/74/41 32/76/45
f 26/57/38 447/1741/53 896/1744/897
f 447/1741/53 897/1740/895 896/1744/897
f 896/1744/897 898/1748/898 17/55/23
f 896/1744/897 17/55/23 26/57/38
f 433/24/16 17/55/23 898/1748/898
f 898/1748/898 22/47/30 433/24/16
f 898/1748/898 888/160/94 22/47/30
f 898/1748/898 896/1744/897 888/160/94
f 896/1744/897 889/1725/893 888/160/94
f 22/47/30 14/25/17 433/24/16
f 6/28/12 436/42/27 14/36/17
f 14/36/17 436/42/27 17/34/23
f 16/26/18 435/92/55 31/74/41
f 16/72/18 21/38/25 10/1749/899
f 432/12/9 10/1749/899 18/37/24
f 10/1749/899 21/38/25 18/37/24
f 16/72/18 436/42/27 21/38/25
f 19/27/19 436/42/27 6/28/12
f 4/6/5 6/1750/12 12/13/10
f 6/1751/12 4/6/5 3/5/4
f 6/1752/12 14/25/17 11/48/31
f 6/1752/12 11/48/31 12/1753/10
f 895/1742/896 54/1743/80 890/1721/892
f 451/116/66 49/115/65 54/1754/80
f 57/1755/81 54/1756/80 49/1757/65
f 57/1755/81 49/1757/65 56/1758/64
f 451/116/66 447/89/53 24/63/26
f 444/19/13 894/1759/6 19/1760/19
f 7/1761/14 444/61/13 443/60/39
f 443/60/39 452/118/68 7/1762/14
f 443/60/39 27/78/46 452/118/68
f 7/20/14 452/1763/68 38/50/33
f 893/1730/894 894/9/6 8/14/11
f 888/160/94 28/91/54 22/47/30
f 888/160/94 58/147/86 28/91/54
f 28/91/54 43/109/62 437/49/32
f 43/109/62 39/108/60 437/49/32
f 35/1727/57 12/13/10 11/1764/31
f 891/141/82 887/143/84 458/155/90
f 448/105/61 453/156/87 458/155/90
f 53/137/79 62/1765/89 51/100/58
f 62/1765/89 59/144/85 51/100/58
f 453/156/87 448/105/61 43/1766/62
f 51/100/58 39/104/60 53/137/79
f 52/103/59 53/137/79 39/104/60
f 48/87/52 36/86/49 455/135/78
f 48/87/52 454/130/75 34/88/50
f 454/130/75 455/138/78 36/1767/49
f 454/130/75 36/1767/49 34/88/50
f 43/1766/62 448/105/61 33/80/48
f 46/1768/71 27/78/46 37/106/56
f 445/70/44 30/1769/42 27/78/46
f 30/1769/42 32/1770/45 25/107/43
f 30/1769/42 25/107/43 27/78/46
f 445/70/44 21/59/25 20/68/29
f 17/1771/23 10/1749/899 5/11/8
f 10/1749/899 17/1771/23 16/72/18
f 10/1749/899 432/12/9 5/11/8
f 430/2/2 3/1772/4 2/3/3
f 63/158/92 803/163/96 66/162/95
f 272/529/333 554/1701/890 281/530/366
f 554/1701/890 273/474/334 281/530/366
f 136/297/194 133/292/183 132/280/179
f 498/1289/756 170/349/241 179/360/251
f 595/689/491 349/671/476 353/1457/826
f 289/561/375 295/560/388 877/1642/876
f 261/500/350 238/1773/317 226/501/302
f 428/797/569 427/794/566 625/977/656
f 495/1034/690 116/247/166 140/300/203
f 495/1034/690 140/300/203 502/302/205
f 408/774/545 613/1774/549 415/775/548
f 264/563/332 271/562/379 272/1775/333
f 235/1489/838 527/1776/297 214/1490/296
f 498/1777/756 134/1778/263 115/1779/684
f 391/739/521 398/781/555 606/740/531
f 900/1780/900 905/1781/901 901/1782/902
f 901/1782/902 904/1783/903 900/1780/900
f 901/1782/902 902/1784/904 904/1783/903
f 903/1785/905 901/1786/902 905/1787/901
f 905/1787/901 902/1788/904 903/1785/905
f 905/1781/901 900/1780/900 902/1784/904
f 902/1784/904 900/1780/900 904/1783/903
f 901/1786/902 903/1785/905 902/1788/904
